2026-08-15 17:59:44,634 [INFO] 🚀 Iniciando sistema automatizado de comercio exterior - VUCEM
2026-08-15 17:59:44,637 [INFO] Cargando proveedores desde BOM...
2026-08-15 17:59:45,608 [INFO] ✅ 3588 proveedores cargados.
2026-08-15 17:59:45,609 [INFO] Cargando insumos por modelo desde BOM (solo categorías al INICIO)...
2026-08-15 17:59:48,487 [INFO] ✅ 1614 modelos con insumos cargados.
2026-08-15 17:59:48,488 [INFO] Procesando archivo maestro (hoja '2026')...
2026-08-15 17:59:48,578 [INFO] ✅ Generado: PLANTILLA_000000024505_Assault_mask.csv (3 filas, 0 variables, col_G=3)
2026-08-15 17:59:48,590 [INFO] ✅ Generado: PLANTILLA_000000021292_Hockey_Killer.csv (5 filas, 2 variables, col_G=5)
2026-08-15 17:59:48,592 [INFO] ✅ Generado: PLANTILLA_000000022131_Apocalyptic_Mask.csv (3 filas, 0 variables, col_G=3)
2026-08-15 17:59:48,593 [INFO] ✅ Generado: PLANTILLA_000000021179_Brown_wolf.csv (3 filas, 0 variables, col_G=3)
2026-08-15 17:59:48,595 [INFO] ✅ Generado: PLANTILLA_000000021229_Brown_Dr._Peste.csv (5 filas, 2 variables, col_G=5)
2026-08-15 17:59:48,596 [INFO] ✅ Generado: PLANTILLA_000000021225_Crania_face.csv (5 filas, 2 variables, col_G=5)
2026-08-15 17:59:48,597 [INFO] ✅ Generado: PLANTILLA_000000021107_Jacko.csv (3 filas, 0 variables, col_G=3)
2026-08-15 17:59:48,599 [INFO] ✅ Generado: PLANTILLA_000000050122_Akasha.csv (4 filas, 1 variables, col_G=4)
2026-08-15 17:59:48,600 [INFO] ✅ Generado: PLANTILLA_000000050116_Alucard.csv (3 filas, 0 variables, col_G=3)
2026-08-15 17:59:48,601 [INFO] ✅ Generado: PLANTILLA_000000050118_Mr._Bones_Tan.csv (3 filas, 0 variables, col_G=3)
2026-08-15 17:59:48,603 [INFO] ✅ Generado: PLANTILLA_000000050117_Mr._Bones.csv (3 filas, 0 variables, col_G=3)
2026-08-15 17:59:48,606 [INFO] ✅ Generado: PLANTILLA_000000050120_Daffy.csv (4 filas, 1 variables, col_G=4)
2026-08-15 17:59:48,608 [INFO] ✅ Generado: PLANTILLA_000000050119_Soggy.csv (5 filas, 2 variables, col_G=5)
2026-08-15 17:59:48,609 [INFO] ✅ Generado: PLANTILLA_000000050121_Baba_Yaga.csv (3 filas, 0 variables, col_G=3)
2026-08-15 17:59:48,611 [INFO] ✅ Generado: PLANTILLA_000000350063__Rolan__Street_clown.csv (5 filas, 2 variables, col_G=5)
2026-08-15 17:59:48,612 [INFO] ✅ Generado: PLANTILLA_000000350064_Psychopathic_Clown.csv (7 filas, 4 variables, col_G=7)
2026-08-15 17:59:48,613 [INFO] ✅ Generado: PLANTILLA_000000350065_Rusty_the_Clown.csv (8 filas, 5 variables, col_G=8)
2026-08-15 17:59:48,615 [INFO] ✅ Generado: PLANTILLA_000000350061_Narmoga.csv (6 filas, 3 variables, col_G=6)
2026-08-15 17:59:48,616 [INFO] ✅ Generado: PLANTILLA_000000350062_Agnha.csv (7 filas, 4 variables, col_G=7)
2026-08-15 17:59:48,617 [INFO] ✅ Generado: PLANTILLA_000000350060_Nightstalker.csv (4 filas, 1 variables, col_G=4)
2026-08-15 17:59:48,619 [INFO] ✅ Generado: PLANTILLA_000000350059_Death_Walker.csv (4 filas, 1 variables, col_G=4)
2026-08-15 17:59:48,622 [INFO] ✅ Generado: PLANTILLA_000000030110_Night_Terror.csv (3 filas, 0 variables, col_G=3)
2026-08-15 17:59:48,624 [INFO] ✅ Generado: PLANTILLA_000000030111_Transplanted.csv (4 filas, 1 variables, col_G=4)
2026-08-15 17:59:48,625 [INFO] ✅ Generado: PLANTILLA_000000030109_Splitting_Headache.csv (3 filas, 0 variables, col_G=3)
2026-08-15 17:59:48,627 [INFO] ✅ Generado: PLANTILLA_000000030181_Camazotz.csv (3 filas, 0 variables, col_G=3)
2026-08-15 17:59:48,628 [INFO] ✅ Generado: PLANTILLA_000000030182_Silent_Death.csv (4 filas, 1 variables, col_G=4)
2026-08-15 17:59:48,630 [INFO] ✅ Generado: PLANTILLA_000000030180_Demon_Vampire.csv (3 filas, 0 variables, col_G=3)
2026-08-15 17:59:48,631 [INFO] ✅ Generado: PLANTILLA_000000030173_Pagliacci.csv (3 filas, 0 variables, col_G=3)
2026-08-15 17:59:48,633 [INFO] ✅ Generado: PLANTILLA_000000030116_Dusty_clown.csv (3 filas, 0 variables, col_G=3)
2026-08-15 17:59:48,634 [INFO] ✅ Generado: PLANTILLA_000000030166_Hellbell_clown.csv (6 filas, 3 variables, col_G=6)
2026-08-15 17:59:48,635 [INFO] ✅ Generado: PLANTILLA_000000030149_Fiery_clown.csv (3 filas, 0 variables, col_G=3)
2026-08-15 17:59:48,639 [INFO] ✅ Generado: PLANTILLA_000000030142_Sadistic_clown.csv (5 filas, 2 variables, col_G=5)
2026-08-15 17:59:48,642 [INFO] ✅ Generado: PLANTILLA_000000030100_Toothy_Clown.csv (6 filas, 3 variables, col_G=6)
2026-08-15 17:59:48,644 [INFO] ✅ Generado: PLANTILLA_000000030102_Creppy_Clown_smile.csv (5 filas, 2 variables, col_G=5)
2026-08-15 17:59:48,646 [INFO] ✅ Generado: PLANTILLA_000000030115_Fiendish_clown.csv (3 filas, 0 variables, col_G=3)
2026-08-15 17:59:48,647 [INFO] ✅ Generado: PLANTILLA_000000030117_Jezebel.csv (5 filas, 2 variables, col_G=5)
2026-08-15 17:59:48,649 [INFO] ✅ Generado: PLANTILLA_000000030118_Porky_the_clown.csv (8 filas, 5 variables, col_G=8)
2026-08-15 17:59:48,650 [INFO] ✅ Generado: PLANTILLA_000000030138_Burger´s_Clown.csv (4 filas, 1 variables, col_G=4)
2026-08-15 17:59:48,652 [INFO] ✅ Generado: PLANTILLA_000000030143_Zippy.csv (4 filas, 1 variables, col_G=4)
2026-08-15 17:59:48,656 [INFO] ✅ Generado: PLANTILLA_000000030122_Amuck.csv (4 filas, 1 variables, col_G=4)
2026-08-15 17:59:48,658 [INFO] ✅ Generado: PLANTILLA_000000030159_Upside_Grin_Clown.csv (3 filas, 0 variables, col_G=3)
2026-08-15 17:59:48,659 [INFO] ✅ Generado: PLANTILLA_000000030137_Thug_Clown.csv (4 filas, 1 variables, col_G=4)
2026-08-15 17:59:48,660 [INFO] ✅ Generado: PLANTILLA_000000030120_Crispy.csv (6 filas, 3 variables, col_G=6)
2026-08-15 17:59:48,661 [INFO] ✅ Generado: PLANTILLA_000000030134_Mad_Clown_Biker.csv (3 filas, 0 variables, col_G=3)
2026-08-15 17:59:48,663 [INFO] ✅ Generado: PLANTILLA_000000030167_Spawlown.csv (3 filas, 0 variables, col_G=3)
2026-08-15 17:59:48,664 [INFO] ✅ Generado: PLANTILLA_000000030121_Bumpy.csv (4 filas, 1 variables, col_G=4)
2026-08-15 17:59:48,665 [INFO] ✅ Generado: PLANTILLA_000000030153_Igor.csv (4 filas, 1 variables, col_G=4)
2026-08-15 17:59:48,667 [INFO] ✅ Generado: PLANTILLA_000000030145_Creepy_T.W..csv (4 filas, 1 variables, col_G=4)
2026-08-15 17:59:48,668 [INFO] ✅ Generado: PLANTILLA_000000030148_Creepy_P..csv (4 filas, 1 variables, col_G=4)
2026-08-15 17:59:48,670 [INFO] ✅ Generado: PLANTILLA_000000030146_Creepy_D..csv (4 filas, 1 variables, col_G=4)
2026-08-15 17:59:48,673 [INFO] ✅ Generado: PLANTILLA_000000030147_Creepy_L.L..csv (4 filas, 1 variables, col_G=4)
2026-08-15 17:59:48,674 [INFO] ✅ Generado: PLANTILLA_000000149113_Marinero_Creepy.csv (3 filas, 0 variables, col_G=3)
2026-08-15 17:59:48,676 [INFO] ✅ Generado: PLANTILLA_000000030131_Creepyboobu.csv (4 filas, 1 variables, col_G=4)
2026-08-15 17:59:48,677 [INFO] ✅ Generado: PLANTILLA_000000030151_Mothman.csv (5 filas, 2 variables, col_G=5)
2026-08-15 17:59:48,678 [INFO] ✅ Generado: PLANTILLA_000000030114_Creepy_Peter.csv (3 filas, 0 variables, col_G=3)
2026-08-15 17:59:48,679 [INFO] ✅ Generado: PLANTILLA_000000030174_Crazy_Auguste.csv (4 filas, 1 variables, col_G=4)
2026-08-15 17:59:48,681 [INFO] ✅ Generado: PLANTILLA_000000030176_Brickie_zombie.csv (3 filas, 0 variables, col_G=3)
2026-08-15 17:59:48,682 [INFO] ✅ Generado: PLANTILLA_000000030175_Killer_Identity.csv (3 filas, 0 variables, col_G=3)
2026-08-15 17:59:48,683 [INFO] ✅ Generado: PLANTILLA_000000030171_J_the_Slayer.csv (5 filas, 2 variables, col_G=5)
2026-08-15 17:59:48,685 [INFO] ✅ Generado: PLANTILLA_000000071542_Fleshless_mouth.csv (5 filas, 2 variables, col_G=5)
2026-08-15 17:59:48,687 [INFO] ✅ Generado: PLANTILLA_000000030177_Zombie_pilot.csv (4 filas, 1 variables, col_G=4)
2026-08-15 17:59:48,690 [INFO] ✅ Generado: PLANTILLA_000000030133_Chopper_Rider.csv (3 filas, 0 variables, col_G=3)
2026-08-15 17:59:48,691 [INFO] ✅ Generado: PLANTILLA_000000030178_The_lord.csv (3 filas, 0 variables, col_G=3)
2026-08-15 17:59:48,693 [INFO] ✅ Generado: PLANTILLA_000000030162_Big_Horns_Skull.csv (5 filas, 2 variables, col_G=5)
2026-08-15 17:59:48,694 [INFO] ✅ Generado: PLANTILLA_000000030161_Big_Horns_Skull_Neon.csv (6 filas, 3 variables, col_G=6)
2026-08-15 17:59:48,695 [INFO] ✅ Generado: PLANTILLA_000000030132_Patrol_Skull.csv (3 filas, 0 variables, col_G=3)
2026-08-15 17:59:48,697 [INFO] ✅ Generado: PLANTILLA_000000030160_Big_Horns_Devil.csv (5 filas, 2 variables, col_G=5)
2026-08-15 17:59:48,698 [INFO] ✅ Generado: PLANTILLA_000000030164_Malebranche.csv (4 filas, 1 variables, col_G=4)
2026-08-15 17:59:48,699 [INFO] ✅ Generado: PLANTILLA_000000030123_Possessed_nun.csv (7 filas, 4 variables, col_G=7)
2026-08-15 17:59:48,700 [INFO] ✅ Generado: PLANTILLA_000000030163_Big_Horns_alien.csv (5 filas, 2 variables, col_G=5)
2026-08-15 17:59:48,702 [INFO] ✅ Generado: PLANTILLA_000000072201_Alien_Creepy.csv (3 filas, 0 variables, col_G=3)
2026-08-15 17:59:48,705 [INFO] ✅ Generado: PLANTILLA_000000030152_Morak.csv (3 filas, 0 variables, col_G=3)
2026-08-15 17:59:48,708 [INFO] ✅ Generado: PLANTILLA_000000030158_Blind_Warden.csv (3 filas, 0 variables, col_G=3)
2026-08-15 17:59:48,711 [INFO] ✅ Generado: PLANTILLA_000000030179_Frankorned.csv (3 filas, 0 variables, col_G=3)
2026-08-15 17:59:48,713 [INFO] ✅ Generado: PLANTILLA_000000030168_Gorth.csv (5 filas, 2 variables, col_G=5)
2026-08-15 17:59:48,714 [INFO] ✅ Generado: PLANTILLA_000000030112_Old_Troll.csv (3 filas, 0 variables, col_G=3)
2026-08-15 17:59:48,716 [INFO] ✅ Generado: PLANTILLA_000000030113_Funny_Troll.csv (3 filas, 0 variables, col_G=3)
2026-08-15 17:59:48,717 [INFO] ✅ Generado: PLANTILLA_000000030144_Creepy_Voodoo_Master.csv (4 filas, 1 variables, col_G=4)
2026-08-15 17:59:48,719 [INFO] ✅ Generado: PLANTILLA_000000030150_Anciente_Priest.csv (3 filas, 0 variables, col_G=3)
2026-08-15 17:59:48,723 [INFO] ✅ Generado: PLANTILLA_000000030172_Voodoo_victim.csv (3 filas, 0 variables, col_G=3)
2026-08-15 17:59:48,725 [INFO] ✅ Generado: PLANTILLA_000000030165_Horned_Sorceress.csv (4 filas, 1 variables, col_G=4)
2026-08-15 17:59:48,728 [INFO] ✅ Generado: PLANTILLA_000000071535_Agatha.csv (6 filas, 3 variables, col_G=6)
2026-08-15 17:59:48,729 [INFO] ✅ Generado: PLANTILLA_000000027990_Staffs__Witch.csv (5 filas, 2 variables, col_G=5)
2026-08-15 17:59:48,731 [INFO] ✅ Generado: PLANTILLA_000000071544_Scar_wolf.csv (3 filas, 0 variables, col_G=3)
2026-08-15 17:59:48,733 [INFO] ✅ Generado: PLANTILLA_000000030139_Sack_Creature.csv (5 filas, 2 variables, col_G=5)
2026-08-15 17:59:48,734 [INFO] ✅ Generado: PLANTILLA_000000030124_Mangy_rat.csv (5 filas, 2 variables, col_G=5)
2026-08-15 17:59:48,736 [INFO] ✅ Generado: PLANTILLA_000000030125_Rabid_boar.csv (4 filas, 1 variables, col_G=4)
2026-08-15 17:59:48,740 [INFO] ✅ Generado: PLANTILLA_000000030127_Zombie_Cat.csv (5 filas, 2 variables, col_G=5)
2026-08-15 17:59:48,742 [INFO] ✅ Generado: PLANTILLA_000000030129_Zombie_Capybara.csv (3 filas, 0 variables, col_G=3)
2026-08-15 17:59:48,744 [INFO] ✅ Generado: PLANTILLA_000000030119_Rotten_Panda.csv (5 filas, 2 variables, col_G=5)
2026-08-15 17:59:48,746 [INFO] ✅ Generado: PLANTILLA_000000030169_Apenstein.csv (5 filas, 2 variables, col_G=5)
2026-08-15 17:59:48,748 [INFO] ✅ Generado: PLANTILLA_000000030170_Groaner.csv (3 filas, 0 variables, col_G=3)
2026-08-15 17:59:48,749 [INFO] ✅ Generado: PLANTILLA_000000030154_Evil_Nutcracker.csv (4 filas, 1 variables, col_G=4)
2026-08-15 17:59:48,751 [INFO] ✅ Generado: PLANTILLA_000000030155_Creepy_Happy.csv (6 filas, 3 variables, col_G=6)
2026-08-15 17:59:48,752 [INFO] ✅ Generado: PLANTILLA_000000030156_Creepy_Sad.csv (6 filas, 3 variables, col_G=6)
2026-08-15 17:59:48,756 [INFO] ✅ Generado: PLANTILLA_000000027985_Little_Abyss.csv (7 filas, 4 variables, col_G=7)
2026-08-15 17:59:48,758 [INFO] ✅ Generado: PLANTILLA_000000027984_Little_Ember.csv (7 filas, 4 variables, col_G=7)
2026-08-15 17:59:48,759 [INFO] ✅ Generado: PLANTILLA_000000027983_Little_Goo.csv (7 filas, 4 variables, col_G=7)
2026-08-15 17:59:48,761 [INFO] ✅ Generado: PLANTILLA_000000027982_Little_Greyson.csv (6 filas, 3 variables, col_G=6)
2026-08-15 17:59:48,762 [INFO] ✅ Generado: PLANTILLA_000000027981_Little_Fang.csv (7 filas, 4 variables, col_G=7)
2026-08-15 17:59:48,764 [INFO] ✅ Generado: PLANTILLA_000000027986_Little_Rotty.csv (6 filas, 3 variables, col_G=6)
2026-08-15 17:59:48,765 [INFO] ✅ Generado: PLANTILLA_000000027978_James_busted.csv (5 filas, 2 variables, col_G=5)
2026-08-15 17:59:48,767 [INFO] ✅ Generado: PLANTILLA_000000027979_Helen_Busted.csv (5 filas, 2 variables, col_G=5)
2026-08-15 17:59:48,768 [INFO] ✅ Generado: PLANTILLA_000000027980_William_Busted.csv (5 filas, 2 variables, col_G=5)
2026-08-15 17:59:48,771 [INFO] ✅ Generado: PLANTILLA_000000331008_Bloody_Curtains.csv (3 filas, 0 variables, col_G=3)
2026-08-15 17:59:48,774 [INFO] ✅ Generado: PLANTILLA_000000027994_Effigy.csv (3 filas, 0 variables, col_G=3)
2026-08-15 17:59:48,776 [INFO] ✅ Generado: PLANTILLA_000000027995_Pharaoh.csv (3 filas, 0 variables, col_G=3)
2026-08-15 17:59:48,778 [INFO] ✅ Generado: PLANTILLA_000000027991_Carnivorous_plant_garden_decor.csv (6 filas, 3 variables, col_G=6)
2026-08-15 17:59:48,781 [INFO] ✅ Generado: PLANTILLA_000000027992_Gnome_garden_decor.csv (3 filas, 0 variables, col_G=3)
2026-08-15 17:59:48,783 [INFO] ✅ Generado: PLANTILLA_000000028212_Earth_Dragon_Puppet.csv (3 filas, 0 variables, col_G=3)
2026-08-15 17:59:48,785 [INFO] ✅ Generado: PLANTILLA_000000028213_Fire_Dragon_Puppet.csv (3 filas, 0 variables, col_G=3)
2026-08-15 17:59:48,789 [INFO] ✅ Generado: PLANTILLA_000000028211_Demon_Puppet.csv (3 filas, 0 variables, col_G=3)
2026-08-15 17:59:48,792 [INFO] ✅ Generado: PLANTILLA_000000028214_Goat_Puppet.csv (3 filas, 0 variables, col_G=3)
2026-08-15 17:59:48,794 [INFO] ✅ Generado: PLANTILLA_000000028210_Gargoyle_Puppet.csv (3 filas, 0 variables, col_G=3)
2026-08-15 17:59:48,795 [INFO] ✅ Generado: PLANTILLA_000000028215_Wacky_Clown_Puppet.csv (3 filas, 0 variables, col_G=3)
2026-08-15 17:59:48,797 [INFO] ✅ Generado: PLANTILLA_000000028122_Hobby_Zombie_Unicorn_Stick.csv (7 filas, 4 variables, col_G=7)
2026-08-15 17:59:48,798 [INFO] ✅ Generado: PLANTILLA_000000028123_Hobby_Zombie_Horse_Stick.csv (7 filas, 4 variables, col_G=7)
2026-08-15 17:59:48,800 [INFO] ✅ Generado: PLANTILLA_000000027976_Chocolate_Gigi.csv (5 filas, 2 variables, col_G=5)
2026-08-15 17:59:48,801 [INFO] ✅ Generado: PLANTILLA_000000027970_Blady.csv (5 filas, 2 variables, col_G=5)
2026-08-15 17:59:48,803 [INFO] ✅ Generado: PLANTILLA_000000027966_Possessed_Elf.csv (5 filas, 2 variables, col_G=5)
2026-08-15 17:59:48,806 [INFO] ✅ Generado: PLANTILLA_000000027967_Mini_Troll.csv (6 filas, 3 variables, col_G=6)
2026-08-15 17:59:48,808 [INFO] ✅ Generado: PLANTILLA_000000027974_Centipede.csv (5 filas, 2 variables, col_G=5)
2026-08-15 17:59:48,809 [INFO] ✅ Generado: PLANTILLA_000000027977_Fangsy.csv (5 filas, 2 variables, col_G=5)
2026-08-15 17:59:48,810 [INFO] ✅ Generado: PLANTILLA_000000027971_Punky.csv (5 filas, 2 variables, col_G=5)
2026-08-15 17:59:48,812 [INFO] ✅ Generado: PLANTILLA_000000027972_Lil´Horns.csv (5 filas, 2 variables, col_G=5)
2026-08-15 17:59:48,813 [INFO] ✅ Generado: PLANTILLA_000000027973_BoohBlue.csv (5 filas, 2 variables, col_G=5)
2026-08-15 17:59:48,814 [INFO] ✅ Generado: PLANTILLA_000000668651_Midsummer_Horror_Clown.csv (5 filas, 2 variables, col_G=5)
2026-08-15 17:59:48,815 [INFO] ✅ Generado: PLANTILLA_000000028120_Liging_Severed_Hand.csv (6 filas, 3 variables, col_G=6)
2026-08-15 17:59:48,817 [INFO] ✅ Generado: PLANTILLA_000000028121_Living_Severed_Hand_2.csv (6 filas, 3 variables, col_G=6)
2026-08-15 17:59:48,818 [INFO] ✅ Generado: PLANTILLA_000000084812_Serial_Killer_Apron.csv (7 filas, 4 variables, col_G=7)
2026-08-15 17:59:48,821 [INFO] ✅ Generado: PLANTILLA_000000084811_Forrest_Killer_Apron.csv (6 filas, 3 variables, col_G=6)
2026-08-15 17:59:48,823 [INFO] ✅ Generado: PLANTILLA_000000084810_Butcher_Killer_Apron.csv (7 filas, 4 variables, col_G=7)
2026-08-15 17:59:48,825 [INFO] ✅ Generado: PLANTILLA_000000084285_Lord_jester.csv (13 filas, 10 variables, col_G=13)
2026-08-15 17:59:48,826 [INFO] ✅ Generado: PLANTILLA_000000084286_Lord_jester.csv (14 filas, 11 variables, col_G=14)
2026-08-15 17:59:48,827 [INFO] ✅ Generado: PLANTILLA_000000084287_Lord_jester.csv (14 filas, 11 variables, col_G=14)
2026-08-15 17:59:48,828 [INFO] ✅ Generado: PLANTILLA_000000084280_Lady_Harlequin.csv (14 filas, 11 variables, col_G=14)
2026-08-15 17:59:48,830 [INFO] ✅ Generado: PLANTILLA_000000084281_Lady_Harlequin.csv (14 filas, 11 variables, col_G=14)
2026-08-15 17:59:48,831 [INFO] ✅ Generado: PLANTILLA_000000084282_Lady_Harlequin.csv (14 filas, 11 variables, col_G=14)
2026-08-15 17:59:48,832 [INFO] ✅ Generado: PLANTILLA_000000084295_Miss_Circus_Ringmaster.csv (13 filas, 10 variables, col_G=13)
2026-08-15 17:59:48,834 [INFO] ✅ Generado: PLANTILLA_000000084296_Miss_Circus_Ringmaster.csv (13 filas, 10 variables, col_G=13)
2026-08-15 17:59:48,835 [INFO] ✅ Generado: PLANTILLA_000000084297_Miss_Circus_Ringmaster.csv (13 filas, 10 variables, col_G=13)
2026-08-15 17:59:48,838 [INFO] ✅ Generado: PLANTILLA_000000084840_Spooky_Pumpkin_Scarecrow.csv (8 filas, 5 variables, col_G=8)
2026-08-15 17:59:48,842 [INFO] ✅ Generado: PLANTILLA_000000084841_Spooky_Pumpkin_Scarecrow.csv (8 filas, 5 variables, col_G=8)
2026-08-15 17:59:48,843 [INFO] ✅ Generado: PLANTILLA_000000084842_Spooky_Pumpkin_Scarecrow.csv (8 filas, 5 variables, col_G=8)
2026-08-15 17:59:48,845 [INFO] ✅ Generado: PLANTILLA_000000084835_Mont´s_Glowing_Clown.csv (13 filas, 10 variables, col_G=13)
2026-08-15 17:59:48,847 [INFO] ✅ Generado: PLANTILLA_000000084836_Mont´s_Glowing_Clown.csv (13 filas, 10 variables, col_G=13)
2026-08-15 17:59:48,848 [INFO] ✅ Generado: PLANTILLA_000000084837_Mont´s_Glowing_Clown.csv (13 filas, 10 variables, col_G=13)
2026-08-15 17:59:48,849 [INFO] ✅ Generado: PLANTILLA_000000084826_Kramper_Cape.csv (13 filas, 10 variables, col_G=13)
2026-08-15 17:59:48,851 [INFO] ✅ Generado: PLANTILLA_000000084822_Christmas_Grumpy_Monster.csv (15 filas, 12 variables, col_G=15)
2026-08-15 17:59:48,853 [INFO] ✅ Generado: PLANTILLA_000000084855_Grumpy_Monster.csv (11 filas, 8 variables, col_G=11)
2026-08-15 17:59:48,856 [INFO] ✅ Generado: PLANTILLA_000000084825_Sasquatch_Costume.csv (11 filas, 8 variables, col_G=11)
2026-08-15 17:59:48,857 [INFO] ✅ Generado: PLANTILLA_000000027898_Rotten_Sandwich.csv (3 filas, 0 variables, col_G=3)
2026-08-15 17:59:48,859 [INFO] ✅ Generado: PLANTILLA_000000027895_Disgusting_Hot_Dog.csv (3 filas, 0 variables, col_G=3)
2026-08-15 17:59:48,860 [INFO] ✅ Generado: PLANTILLA_000000027916_Nasty_Chinese_Food.csv (3 filas, 0 variables, col_G=3)
2026-08-15 17:59:48,861 [INFO] ✅ Generado: PLANTILLA_000000030149_Fiery_clown_1.csv (3 filas, 0 variables, col_G=3)
2026-08-15 17:59:48,863 [INFO] ✅ Generado: PLANTILLA_000000030138_Burger´s_Clown_1.csv (4 filas, 1 variables, col_G=4)
2026-08-15 17:59:48,864 [INFO] ✅ Generado: PLANTILLA_000000149113__Marinero_Creepy.csv (3 filas, 0 variables, col_G=3)
2026-08-15 17:59:48,866 [INFO] ✅ Generado: PLANTILLA_000000027976_Chocolate_Gigi_1.csv (5 filas, 2 variables, col_G=5)
2026-08-15 17:59:48,867 [INFO] ✅ Generado: PLANTILLA_000000027977_Fangsy_1.csv (5 filas, 2 variables, col_G=5)
2026-08-15 17:59:48,868 [INFO] ✅ Generado: PLANTILLA_000000030101_Jester_Clown.csv (6 filas, 3 variables, col_G=6)
2026-08-15 17:59:48,872 [INFO] ✅ Generado: PLANTILLA_000000030103_Clown_Smiles.csv (6 filas, 3 variables, col_G=6)
2026-08-15 17:59:48,874 [INFO] ✅ Generado: PLANTILLA_000000030141_Eyeball_Mask.csv (4 filas, 1 variables, col_G=4)
2026-08-15 17:59:48,875 [INFO] ✅ Generado: PLANTILLA_000000030135_Bram.csv (3 filas, 0 variables, col_G=3)
2026-08-15 17:59:48,876 [INFO] ✅ Generado: PLANTILLA_000000030136_Lilith.csv (5 filas, 2 variables, col_G=5)
2026-08-15 17:59:48,878 [INFO] ✅ Generado: PLANTILLA_000000030157_Ghoulish_Man.csv (4 filas, 1 variables, col_G=4)
2026-08-15 17:59:48,879 [INFO] ✅ Generado: PLANTILLA_000000030023_Possessed_samurai.csv (4 filas, 1 variables, col_G=4)
2026-08-15 17:59:48,881 [INFO] ✅ Generado: PLANTILLA_000000072202_Alien_Monster.csv (3 filas, 0 variables, col_G=3)
2026-08-15 17:59:48,882 [INFO] ✅ Generado: PLANTILLA_000000030009_Cosmic_king.csv (3 filas, 0 variables, col_G=3)
2026-08-15 17:59:48,883 [INFO] ✅ Generado: PLANTILLA_000000030128_Zombie_Pug.csv (3 filas, 0 variables, col_G=3)
2026-08-15 17:59:48,885 [INFO] ✅ Generado: PLANTILLA_000000027975_Sugar_Kiky.csv (5 filas, 2 variables, col_G=5)
2026-08-15 17:59:48,889 [INFO] ✅ Generado: PLANTILLA_000000027968_Nightshade.csv (5 filas, 2 variables, col_G=5)
2026-08-15 17:59:48,892 [INFO] ✅ Generado: PLANTILLA_000000027969_Snowbelle.csv (5 filas, 2 variables, col_G=5)
2026-08-15 17:59:48,893 [INFO] ✅ Generado: PLANTILLA_000000025838_Alien_Flesh.csv (4 filas, 1 variables, col_G=4)
2026-08-15 17:59:48,895 [INFO] ✅ Generado: PLANTILLA_000000030130_Sir_Thomas.csv (3 filas, 0 variables, col_G=3)
2026-08-15 17:59:48,896 [INFO] ✅ Generado: PLANTILLA_000000027993_Staffs__Witch_Green.csv (5 filas, 2 variables, col_G=5)
2026-08-15 17:59:48,898 [INFO] ✅ Generado: PLANTILLA_000000027797_Waxed_skull.csv (3 filas, 0 variables, col_G=3)
2026-08-15 17:59:48,899 [INFO] ✅ Generado: PLANTILLA_000200350005__Cthulu_Mug.csv (3 filas, 0 variables, col_G=3)
2026-08-15 17:59:48,900 [INFO] ✅ Generado: PLANTILLA_000200350007__Alien_Mug.csv (3 filas, 0 variables, col_G=3)
2026-08-15 17:59:48,902 [INFO] ✅ Generado: PLANTILLA_000200350003__Franky_Mug.csv (3 filas, 0 variables, col_G=3)
2026-08-15 17:59:48,905 [INFO] ✅ Generado: PLANTILLA_0000000335101_Skull_Wall_Panels.csv (3 filas, 0 variables, col_G=3)
2026-08-15 17:59:48,907 [INFO] ✅ Generado: PLANTILLA_000000027902_Pale_skin_bag.csv (4 filas, 1 variables, col_G=4)
2026-08-15 17:59:48,909 [INFO] ✅ Generado: PLANTILLA_000000027936_Finger_Keychain.csv (5 filas, 2 variables, col_G=5)
2026-08-15 17:59:48,910 [INFO] ✅ Generado: PLANTILLA_000000027937_Tongue_Keychain.csv (5 filas, 2 variables, col_G=5)
2026-08-15 17:59:48,911 [INFO] ✅ Generado: PLANTILLA_000000027938_Eye_Keychain.csv (5 filas, 2 variables, col_G=5)
2026-08-15 17:59:48,912 [INFO] ✅ Generado: PLANTILLA_000000027935_Nose_Keychain.csv (5 filas, 2 variables, col_G=5)
2026-08-15 17:59:48,914 [INFO] ✅ Generado: PLANTILLA_000000027939_Ear_Keychain.csv (5 filas, 2 variables, col_G=5)
2026-08-15 17:59:48,915 [INFO] ✅ Generado: PLANTILLA_000000029011_Yeti_Mega_Costume.csv (10 filas, 7 variables, col_G=10)
2026-08-15 17:59:48,915 [INFO] 
📊 Resumen final:
2026-08-15 17:59:48,916 [INFO]    ✅ Plantillas generadas: 187
2026-08-15 17:59:48,916 [INFO]    ⏭️ Omitidas (sin precio): 0
2026-08-15 17:59:48,916 [INFO]    ❌ Errores (inconsistencia de filas): 0
2026-08-15 17:59:48,916 [INFO]    📁 Carpeta: 'C:\Users\Dany\Desktop\Proyecto\output'
2026-08-15 17:59:48,916 [WARNING] ⚠️ Modelo duplicado detectado: 000000030149 Fiery clown - se elimina la segunda ocurrencia.
2026-08-15 17:59:48,917 [WARNING] ⚠️ Modelo duplicado detectado: 000000030138 Burger´s Clown - se elimina la segunda ocurrencia.
2026-08-15 17:59:48,917 [WARNING] ⚠️ Modelo duplicado detectado: 000000027976 Chocolate Gigi - se elimina la segunda ocurrencia.
2026-08-15 17:59:48,917 [WARNING] ⚠️ Modelo duplicado detectado: 000000027977 Fangsy - se elimina la segunda ocurrencia.
2026-08-15 17:59:48,917 [INFO] 🧹 Desduplicación: 187 → 183 modelos únicos.
2026-08-15 17:59:48,917 [INFO] 📦 183 modelos listos para el bot.
2026-08-15 17:59:48,937 [INFO] 📂 Estado cargado: 3 modelos ya procesados.
2026-08-15 17:59:48,938 [INFO] ⏭️ 3 modelos ya procesados o en fallos. Saltando.
2026-08-15 17:59:48,939 [INFO] 📦 180 modelos pendientes de 183 totales.
2026-08-15 18:01:14,411 [WARNING] There was an error managing chromedriver (error sending request for url (https://googlechromelabs.github.io/chrome-for-testing/known-good-versions-with-downloads.json)); using driver found in the cache
2026-08-15 18:01:16,264 [INFO] ✅ WebDriver inicializado.
2026-08-15 18:01:16,265 [INFO] 🌐 Navegando a la página de login de VUCEM...
2026-08-15 18:01:52,587 [WARNING] ⚠️ No se detectó el dashboard, pero se continuará.
2026-08-15 18:01:52,588 [INFO] 🧭 Iniciando navegación real al formulario...
2026-08-15 18:02:22,860 [WARNING] ⚠️ Intento 1/3 falló en _click_solicitudes_nuevas: Message: 
Stacktrace:
	chromedriver!GetHandleVerifier [0x7ff60d9d8935+14ce5]
	chromedriver!GetHandleVerifier [0x7ff60d9d8990+14d40]
	chromedriver!(No symbol) [0x7ff60d505afd]
	chromedriver!(No symbol) [0x7ff60d560b59]
	chromedriver!(No symbol) [0x7ff60d560e5c]
	chromedriver!(No symbol) [0x7ff60d5b18d7]
	chromedriver!(No symbol) [0x7ff60d5ae4ab]
	chromedriver!(No symbol) [0x7ff60d55308c]
	chromedriver!(No symbol) [0x7ff60d553fb3]
	chromedriver!GetHandleVerifier [0x7ff60e00e5fb+64a9ab]
	chromedriver!GetHandleVerifier [0x7ff60e008b02+644eb2]
	chromedriver!GetHandleVerifier [0x7ff60e02e39e+66a74e]
	chromedriver!GetHandleVerifier [0x7ff60d9f5d6e+3211e]
	chromedriver!GetHandleVerifier [0x7ff60d9fe51c+3a8cc]
	chromedriver!GetHandleVerifier [0x7ff60d9e2844+1ebf4]
	chromedriver!GetHandleVerifier [0x7ff60d9e29d4+1ed84]
	chromedriver!GetHandleVerifier [0x7ff60d9c5d07+20b7]
	KERNEL32!BaseThreadInitThunk [0x7ffeae28ccb7+17]
	ntdll!RtlUserThreadStart [0x7ffeaf6591cc+2c]

2026-08-15 18:02:54,203 [WARNING] ⚠️ Intento 2/3 falló en _click_solicitudes_nuevas: Message: 
Stacktrace:
	chromedriver!GetHandleVerifier [0x7ff60d9d8935+14ce5]
	chromedriver!GetHandleVerifier [0x7ff60d9d8990+14d40]
	chromedriver!(No symbol) [0x7ff60d505afd]
	chromedriver!(No symbol) [0x7ff60d560b59]
	chromedriver!(No symbol) [0x7ff60d560e5c]
	chromedriver!(No symbol) [0x7ff60d5b18d7]
	chromedriver!(No symbol) [0x7ff60d5ae4ab]
	chromedriver!(No symbol) [0x7ff60d55308c]
	chromedriver!(No symbol) [0x7ff60d553fb3]
	chromedriver!GetHandleVerifier [0x7ff60e00e5fb+64a9ab]
	chromedriver!GetHandleVerifier [0x7ff60e008b02+644eb2]
	chromedriver!GetHandleVerifier [0x7ff60e02e39e+66a74e]
	chromedriver!GetHandleVerifier [0x7ff60d9f5d6e+3211e]
	chromedriver!GetHandleVerifier [0x7ff60d9fe51c+3a8cc]
	chromedriver!GetHandleVerifier [0x7ff60d9e2844+1ebf4]
	chromedriver!GetHandleVerifier [0x7ff60d9e29d4+1ed84]
	chromedriver!GetHandleVerifier [0x7ff60d9c5d07+20b7]
	KERNEL32!BaseThreadInitThunk [0x7ffeae28ccb7+17]
	ntdll!RtlUserThreadStart [0x7ffeaf6591cc+2c]

2026-08-15 18:03:42,595 [INFO] 🚀 Iniciando sistema automatizado de comercio exterior - VUCEM
2026-08-15 18:03:42,603 [INFO] Cargando proveedores desde BOM...
2026-08-15 18:03:43,666 [INFO] ✅ 3588 proveedores cargados.
2026-08-15 18:03:43,667 [INFO] Cargando insumos por modelo desde BOM (solo categorías al INICIO)...
2026-08-15 18:03:46,621 [INFO] ✅ 1614 modelos con insumos cargados.
2026-08-15 18:03:46,621 [INFO] Procesando archivo maestro (hoja '2026')...
2026-08-15 18:03:46,713 [INFO] ✅ Generado: PLANTILLA_000000024505_Assault_mask_1.csv (3 filas, 0 variables, col_G=3)
2026-08-15 18:03:46,715 [INFO] ✅ Generado: PLANTILLA_000000021292_Hockey_Killer_1.csv (5 filas, 2 variables, col_G=5)
2026-08-15 18:03:46,718 [INFO] ✅ Generado: PLANTILLA_000000022131_Apocalyptic_Mask_1.csv (3 filas, 0 variables, col_G=3)
2026-08-15 18:03:46,720 [INFO] ✅ Generado: PLANTILLA_000000021179_Brown_wolf_1.csv (3 filas, 0 variables, col_G=3)
2026-08-15 18:03:46,721 [INFO] ✅ Generado: PLANTILLA_000000021229_Brown_Dr._Peste_1.csv (5 filas, 2 variables, col_G=5)
2026-08-15 18:03:46,726 [INFO] ✅ Generado: PLANTILLA_000000021225_Crania_face_1.csv (5 filas, 2 variables, col_G=5)
2026-08-15 18:03:46,728 [INFO] ✅ Generado: PLANTILLA_000000021107_Jacko_1.csv (3 filas, 0 variables, col_G=3)
2026-08-15 18:03:46,730 [INFO] ✅ Generado: PLANTILLA_000000050122_Akasha_1.csv (4 filas, 1 variables, col_G=4)
2026-08-15 18:03:46,731 [INFO] ✅ Generado: PLANTILLA_000000050116_Alucard_1.csv (3 filas, 0 variables, col_G=3)
2026-08-15 18:03:46,734 [INFO] ✅ Generado: PLANTILLA_000000050118_Mr._Bones_Tan_1.csv (3 filas, 0 variables, col_G=3)
2026-08-15 18:03:46,736 [INFO] ✅ Generado: PLANTILLA_000000050117_Mr._Bones_1.csv (3 filas, 0 variables, col_G=3)
2026-08-15 18:03:46,738 [INFO] ✅ Generado: PLANTILLA_000000050120_Daffy_1.csv (4 filas, 1 variables, col_G=4)
2026-08-15 18:03:46,743 [INFO] ✅ Generado: PLANTILLA_000000050119_Soggy_1.csv (5 filas, 2 variables, col_G=5)
2026-08-15 18:03:46,745 [INFO] ✅ Generado: PLANTILLA_000000050121_Baba_Yaga_1.csv (3 filas, 0 variables, col_G=3)
2026-08-15 18:03:46,747 [INFO] ✅ Generado: PLANTILLA_000000350063__Rolan__Street_clown_1.csv (5 filas, 2 variables, col_G=5)
2026-08-15 18:03:46,749 [INFO] ✅ Generado: PLANTILLA_000000350064_Psychopathic_Clown_1.csv (7 filas, 4 variables, col_G=7)
2026-08-15 18:03:46,750 [INFO] ✅ Generado: PLANTILLA_000000350065_Rusty_the_Clown_1.csv (8 filas, 5 variables, col_G=8)
2026-08-15 18:03:46,752 [INFO] ✅ Generado: PLANTILLA_000000350061_Narmoga_1.csv (6 filas, 3 variables, col_G=6)
2026-08-15 18:03:46,754 [INFO] ✅ Generado: PLANTILLA_000000350062_Agnha_1.csv (7 filas, 4 variables, col_G=7)
2026-08-15 18:03:46,755 [INFO] ✅ Generado: PLANTILLA_000000350060_Nightstalker_1.csv (4 filas, 1 variables, col_G=4)
2026-08-15 18:03:46,757 [INFO] ✅ Generado: PLANTILLA_000000350059_Death_Walker_1.csv (4 filas, 1 variables, col_G=4)
2026-08-15 18:03:46,760 [INFO] ✅ Generado: PLANTILLA_000000030110_Night_Terror_1.csv (3 filas, 0 variables, col_G=3)
2026-08-15 18:03:46,762 [INFO] ✅ Generado: PLANTILLA_000000030111_Transplanted_1.csv (4 filas, 1 variables, col_G=4)
2026-08-15 18:03:46,764 [INFO] ✅ Generado: PLANTILLA_000000030109_Splitting_Headache_1.csv (3 filas, 0 variables, col_G=3)
2026-08-15 18:03:46,765 [INFO] ✅ Generado: PLANTILLA_000000030181_Camazotz_1.csv (3 filas, 0 variables, col_G=3)
2026-08-15 18:03:46,767 [INFO] ✅ Generado: PLANTILLA_000000030182_Silent_Death_1.csv (4 filas, 1 variables, col_G=4)
2026-08-15 18:03:46,769 [INFO] ✅ Generado: PLANTILLA_000000030180_Demon_Vampire_1.csv (3 filas, 0 variables, col_G=3)
2026-08-15 18:03:46,770 [INFO] ✅ Generado: PLANTILLA_000000030173_Pagliacci_1.csv (3 filas, 0 variables, col_G=3)
2026-08-15 18:03:46,772 [INFO] ✅ Generado: PLANTILLA_000000030116_Dusty_clown_1.csv (3 filas, 0 variables, col_G=3)
2026-08-15 18:03:46,775 [INFO] ✅ Generado: PLANTILLA_000000030166_Hellbell_clown_1.csv (6 filas, 3 variables, col_G=6)
2026-08-15 18:03:46,777 [INFO] ✅ Generado: PLANTILLA_000000030149_Fiery_clown_2.csv (3 filas, 0 variables, col_G=3)
2026-08-15 18:03:46,779 [INFO] ✅ Generado: PLANTILLA_000000030142_Sadistic_clown_1.csv (5 filas, 2 variables, col_G=5)
2026-08-15 18:03:46,781 [INFO] ✅ Generado: PLANTILLA_000000030100_Toothy_Clown_1.csv (6 filas, 3 variables, col_G=6)
2026-08-15 18:03:46,782 [INFO] ✅ Generado: PLANTILLA_000000030102_Creppy_Clown_smile_1.csv (5 filas, 2 variables, col_G=5)
2026-08-15 18:03:46,784 [INFO] ✅ Generado: PLANTILLA_000000030115_Fiendish_clown_1.csv (3 filas, 0 variables, col_G=3)
2026-08-15 18:03:46,786 [INFO] ✅ Generado: PLANTILLA_000000030117_Jezebel_1.csv (5 filas, 2 variables, col_G=5)
2026-08-15 18:03:46,787 [INFO] ✅ Generado: PLANTILLA_000000030118_Porky_the_clown_1.csv (8 filas, 5 variables, col_G=8)
2026-08-15 18:03:46,789 [INFO] ✅ Generado: PLANTILLA_000000030138_Burger´s_Clown_2.csv (4 filas, 1 variables, col_G=4)
2026-08-15 18:03:46,793 [INFO] ✅ Generado: PLANTILLA_000000030143_Zippy_1.csv (4 filas, 1 variables, col_G=4)
2026-08-15 18:03:46,795 [INFO] ✅ Generado: PLANTILLA_000000030122_Amuck_1.csv (4 filas, 1 variables, col_G=4)
2026-08-15 18:03:46,796 [INFO] ✅ Generado: PLANTILLA_000000030159_Upside_Grin_Clown_1.csv (3 filas, 0 variables, col_G=3)
2026-08-15 18:03:46,798 [INFO] ✅ Generado: PLANTILLA_000000030137_Thug_Clown_1.csv (4 filas, 1 variables, col_G=4)
2026-08-15 18:03:46,800 [INFO] ✅ Generado: PLANTILLA_000000030120_Crispy_1.csv (6 filas, 3 variables, col_G=6)
2026-08-15 18:03:46,801 [INFO] ✅ Generado: PLANTILLA_000000030134_Mad_Clown_Biker_1.csv (3 filas, 0 variables, col_G=3)
2026-08-15 18:03:46,803 [INFO] ✅ Generado: PLANTILLA_000000030167_Spawlown_1.csv (3 filas, 0 variables, col_G=3)
2026-08-15 18:03:46,805 [INFO] ✅ Generado: PLANTILLA_000000030121_Bumpy_1.csv (4 filas, 1 variables, col_G=4)
2026-08-15 18:03:46,807 [INFO] ✅ Generado: PLANTILLA_000000030153_Igor_1.csv (4 filas, 1 variables, col_G=4)
2026-08-15 18:03:46,811 [INFO] ✅ Generado: PLANTILLA_000000030145_Creepy_T.W._1.csv (4 filas, 1 variables, col_G=4)
2026-08-15 18:03:46,813 [INFO] ✅ Generado: PLANTILLA_000000030148_Creepy_P._1.csv (4 filas, 1 variables, col_G=4)
2026-08-15 18:03:46,815 [INFO] ✅ Generado: PLANTILLA_000000030146_Creepy_D._1.csv (4 filas, 1 variables, col_G=4)
2026-08-15 18:03:46,817 [INFO] ✅ Generado: PLANTILLA_000000030147_Creepy_L.L._1.csv (4 filas, 1 variables, col_G=4)
2026-08-15 18:03:46,819 [INFO] ✅ Generado: PLANTILLA_000000149113_Marinero_Creepy_1.csv (3 filas, 0 variables, col_G=3)
2026-08-15 18:03:46,820 [INFO] ✅ Generado: PLANTILLA_000000030131_Creepyboobu_1.csv (4 filas, 1 variables, col_G=4)
2026-08-15 18:03:46,822 [INFO] ✅ Generado: PLANTILLA_000000030151_Mothman_1.csv (5 filas, 2 variables, col_G=5)
2026-08-15 18:03:46,827 [INFO] ✅ Generado: PLANTILLA_000000030114_Creepy_Peter_1.csv (3 filas, 0 variables, col_G=3)
2026-08-15 18:03:46,829 [INFO] ✅ Generado: PLANTILLA_000000030174_Crazy_Auguste_1.csv (4 filas, 1 variables, col_G=4)
2026-08-15 18:03:46,830 [INFO] ✅ Generado: PLANTILLA_000000030176_Brickie_zombie_1.csv (3 filas, 0 variables, col_G=3)
2026-08-15 18:03:46,832 [INFO] ✅ Generado: PLANTILLA_000000030175_Killer_Identity_1.csv (3 filas, 0 variables, col_G=3)
2026-08-15 18:03:46,834 [INFO] ✅ Generado: PLANTILLA_000000030171_J_the_Slayer_1.csv (5 filas, 2 variables, col_G=5)
2026-08-15 18:03:46,835 [INFO] ✅ Generado: PLANTILLA_000000071542_Fleshless_mouth_1.csv (5 filas, 2 variables, col_G=5)
2026-08-15 18:03:46,837 [INFO] ✅ Generado: PLANTILLA_000000030177_Zombie_pilot_1.csv (4 filas, 1 variables, col_G=4)
2026-08-15 18:03:46,838 [INFO] ✅ Generado: PLANTILLA_000000030133_Chopper_Rider_1.csv (3 filas, 0 variables, col_G=3)
2026-08-15 18:03:46,840 [INFO] ✅ Generado: PLANTILLA_000000030178_The_lord_1.csv (3 filas, 0 variables, col_G=3)
2026-08-15 18:03:46,844 [INFO] ✅ Generado: PLANTILLA_000000030162_Big_Horns_Skull_1.csv (5 filas, 2 variables, col_G=5)
2026-08-15 18:03:46,845 [INFO] ✅ Generado: PLANTILLA_000000030161_Big_Horns_Skull_Neon_1.csv (6 filas, 3 variables, col_G=6)
2026-08-15 18:03:46,847 [INFO] ✅ Generado: PLANTILLA_000000030132_Patrol_Skull_1.csv (3 filas, 0 variables, col_G=3)
2026-08-15 18:03:46,849 [INFO] ✅ Generado: PLANTILLA_000000030160_Big_Horns_Devil_1.csv (5 filas, 2 variables, col_G=5)
2026-08-15 18:03:46,850 [INFO] ✅ Generado: PLANTILLA_000000030164_Malebranche_1.csv (4 filas, 1 variables, col_G=4)
2026-08-15 18:03:46,852 [INFO] ✅ Generado: PLANTILLA_000000030123_Possessed_nun_1.csv (7 filas, 4 variables, col_G=7)
2026-08-15 18:03:46,854 [INFO] ✅ Generado: PLANTILLA_000000030163_Big_Horns_alien_1.csv (5 filas, 2 variables, col_G=5)
2026-08-15 18:03:46,855 [INFO] ✅ Generado: PLANTILLA_000000072201_Alien_Creepy_1.csv (3 filas, 0 variables, col_G=3)
2026-08-15 18:03:46,858 [INFO] ✅ Generado: PLANTILLA_000000030152_Morak_1.csv (3 filas, 0 variables, col_G=3)
2026-08-15 18:03:46,860 [INFO] ✅ Generado: PLANTILLA_000000030158_Blind_Warden_1.csv (3 filas, 0 variables, col_G=3)
2026-08-15 18:03:46,862 [INFO] ✅ Generado: PLANTILLA_000000030179_Frankorned_1.csv (3 filas, 0 variables, col_G=3)
2026-08-15 18:03:46,864 [INFO] ✅ Generado: PLANTILLA_000000030168_Gorth_1.csv (5 filas, 2 variables, col_G=5)
2026-08-15 18:03:46,865 [INFO] ✅ Generado: PLANTILLA_000000030112_Old_Troll_1.csv (3 filas, 0 variables, col_G=3)
2026-08-15 18:03:46,867 [INFO] ✅ Generado: PLANTILLA_000000030113_Funny_Troll_1.csv (3 filas, 0 variables, col_G=3)
2026-08-15 18:03:46,869 [INFO] ✅ Generado: PLANTILLA_000000030144_Creepy_Voodoo_Master_1.csv (4 filas, 1 variables, col_G=4)
2026-08-15 18:03:46,870 [INFO] ✅ Generado: PLANTILLA_000000030150_Anciente_Priest_1.csv (3 filas, 0 variables, col_G=3)
2026-08-15 18:03:46,872 [INFO] ✅ Generado: PLANTILLA_000000030172_Voodoo_victim_1.csv (3 filas, 0 variables, col_G=3)
2026-08-15 18:03:46,874 [INFO] ✅ Generado: PLANTILLA_000000030165_Horned_Sorceress_1.csv (4 filas, 1 variables, col_G=4)
2026-08-15 18:03:46,877 [INFO] ✅ Generado: PLANTILLA_000000071535_Agatha_1.csv (6 filas, 3 variables, col_G=6)
2026-08-15 18:03:46,879 [INFO] ✅ Generado: PLANTILLA_000000027990_Staffs__Witch_1.csv (5 filas, 2 variables, col_G=5)
2026-08-15 18:03:46,881 [INFO] ✅ Generado: PLANTILLA_000000071544_Scar_wolf_1.csv (3 filas, 0 variables, col_G=3)
2026-08-15 18:03:46,883 [INFO] ✅ Generado: PLANTILLA_000000030139_Sack_Creature_1.csv (5 filas, 2 variables, col_G=5)
2026-08-15 18:03:46,884 [INFO] ✅ Generado: PLANTILLA_000000030124_Mangy_rat_1.csv (5 filas, 2 variables, col_G=5)
2026-08-15 18:03:46,886 [INFO] ✅ Generado: PLANTILLA_000000030125_Rabid_boar_1.csv (4 filas, 1 variables, col_G=4)
2026-08-15 18:03:46,887 [INFO] ✅ Generado: PLANTILLA_000000030127_Zombie_Cat_1.csv (5 filas, 2 variables, col_G=5)
2026-08-15 18:03:46,889 [INFO] ✅ Generado: PLANTILLA_000000030129_Zombie_Capybara_1.csv (3 filas, 0 variables, col_G=3)
2026-08-15 18:03:46,891 [INFO] ✅ Generado: PLANTILLA_000000030119_Rotten_Panda_1.csv (5 filas, 2 variables, col_G=5)
2026-08-15 18:03:46,894 [INFO] ✅ Generado: PLANTILLA_000000030169_Apenstein_1.csv (5 filas, 2 variables, col_G=5)
2026-08-15 18:03:46,896 [INFO] ✅ Generado: PLANTILLA_000000030170_Groaner_1.csv (3 filas, 0 variables, col_G=3)
2026-08-15 18:03:46,897 [INFO] ✅ Generado: PLANTILLA_000000030154_Evil_Nutcracker_1.csv (4 filas, 1 variables, col_G=4)
2026-08-15 18:03:46,899 [INFO] ✅ Generado: PLANTILLA_000000030155_Creepy_Happy_1.csv (6 filas, 3 variables, col_G=6)
2026-08-15 18:03:46,900 [INFO] ✅ Generado: PLANTILLA_000000030156_Creepy_Sad_1.csv (6 filas, 3 variables, col_G=6)
2026-08-15 18:03:46,902 [INFO] ✅ Generado: PLANTILLA_000000027985_Little_Abyss_1.csv (7 filas, 4 variables, col_G=7)
2026-08-15 18:03:46,904 [INFO] ✅ Generado: PLANTILLA_000000027984_Little_Ember_1.csv (7 filas, 4 variables, col_G=7)
2026-08-15 18:03:46,905 [INFO] ✅ Generado: PLANTILLA_000000027983_Little_Goo_1.csv (7 filas, 4 variables, col_G=7)
2026-08-15 18:03:46,909 [INFO] ✅ Generado: PLANTILLA_000000027982_Little_Greyson_1.csv (6 filas, 3 variables, col_G=6)
2026-08-15 18:03:46,911 [INFO] ✅ Generado: PLANTILLA_000000027981_Little_Fang_1.csv (7 filas, 4 variables, col_G=7)
2026-08-15 18:03:46,913 [INFO] ✅ Generado: PLANTILLA_000000027986_Little_Rotty_1.csv (6 filas, 3 variables, col_G=6)
2026-08-15 18:03:46,914 [INFO] ✅ Generado: PLANTILLA_000000027978_James_busted_1.csv (5 filas, 2 variables, col_G=5)
2026-08-15 18:03:46,916 [INFO] ✅ Generado: PLANTILLA_000000027979_Helen_Busted_1.csv (5 filas, 2 variables, col_G=5)
2026-08-15 18:03:46,917 [INFO] ✅ Generado: PLANTILLA_000000027980_William_Busted_1.csv (5 filas, 2 variables, col_G=5)
2026-08-15 18:03:46,919 [INFO] ✅ Generado: PLANTILLA_000000331008_Bloody_Curtains_1.csv (3 filas, 0 variables, col_G=3)
2026-08-15 18:03:46,920 [INFO] ✅ Generado: PLANTILLA_000000027994_Effigy_1.csv (3 filas, 0 variables, col_G=3)
2026-08-15 18:03:46,922 [INFO] ✅ Generado: PLANTILLA_000000027995_Pharaoh_1.csv (3 filas, 0 variables, col_G=3)
2026-08-15 18:03:46,925 [INFO] ✅ Generado: PLANTILLA_000000027991_Carnivorous_plant_garden_decor_1.csv (6 filas, 3 variables, col_G=6)
2026-08-15 18:03:46,927 [INFO] ✅ Generado: PLANTILLA_000000027992_Gnome_garden_decor_1.csv (3 filas, 0 variables, col_G=3)
2026-08-15 18:03:46,929 [INFO] ✅ Generado: PLANTILLA_000000028212_Earth_Dragon_Puppet_1.csv (3 filas, 0 variables, col_G=3)
2026-08-15 18:03:46,931 [INFO] ✅ Generado: PLANTILLA_000000028213_Fire_Dragon_Puppet_1.csv (3 filas, 0 variables, col_G=3)
2026-08-15 18:03:46,932 [INFO] ✅ Generado: PLANTILLA_000000028211_Demon_Puppet_1.csv (3 filas, 0 variables, col_G=3)
2026-08-15 18:03:46,934 [INFO] ✅ Generado: PLANTILLA_000000028214_Goat_Puppet_1.csv (3 filas, 0 variables, col_G=3)
2026-08-15 18:03:46,936 [INFO] ✅ Generado: PLANTILLA_000000028210_Gargoyle_Puppet_1.csv (3 filas, 0 variables, col_G=3)
2026-08-15 18:03:46,938 [INFO] ✅ Generado: PLANTILLA_000000028215_Wacky_Clown_Puppet_1.csv (3 filas, 0 variables, col_G=3)
2026-08-15 18:03:46,941 [INFO] ✅ Generado: PLANTILLA_000000028122_Hobby_Zombie_Unicorn_Stick_1.csv (7 filas, 4 variables, col_G=7)
2026-08-15 18:03:46,944 [INFO] ✅ Generado: PLANTILLA_000000028123_Hobby_Zombie_Horse_Stick_1.csv (7 filas, 4 variables, col_G=7)
2026-08-15 18:03:46,946 [INFO] ✅ Generado: PLANTILLA_000000027976_Chocolate_Gigi_2.csv (5 filas, 2 variables, col_G=5)
2026-08-15 18:03:46,947 [INFO] ✅ Generado: PLANTILLA_000000027970_Blady_1.csv (5 filas, 2 variables, col_G=5)
2026-08-15 18:03:46,949 [INFO] ✅ Generado: PLANTILLA_000000027966_Possessed_Elf_1.csv (5 filas, 2 variables, col_G=5)
2026-08-15 18:03:46,950 [INFO] ✅ Generado: PLANTILLA_000000027967_Mini_Troll_1.csv (6 filas, 3 variables, col_G=6)
2026-08-15 18:03:46,952 [INFO] ✅ Generado: PLANTILLA_000000027974_Centipede_1.csv (5 filas, 2 variables, col_G=5)
2026-08-15 18:03:46,954 [INFO] ✅ Generado: PLANTILLA_000000027977_Fangsy_2.csv (5 filas, 2 variables, col_G=5)
2026-08-15 18:03:46,955 [INFO] ✅ Generado: PLANTILLA_000000027971_Punky_1.csv (5 filas, 2 variables, col_G=5)
2026-08-15 18:03:46,958 [INFO] ✅ Generado: PLANTILLA_000000027972_Lil´Horns_1.csv (5 filas, 2 variables, col_G=5)
2026-08-15 18:03:46,961 [INFO] ✅ Generado: PLANTILLA_000000027973_BoohBlue_1.csv (5 filas, 2 variables, col_G=5)
2026-08-15 18:03:46,962 [INFO] ✅ Generado: PLANTILLA_000000668651_Midsummer_Horror_Clown_1.csv (5 filas, 2 variables, col_G=5)
2026-08-15 18:03:46,964 [INFO] ✅ Generado: PLANTILLA_000000028120_Liging_Severed_Hand_1.csv (6 filas, 3 variables, col_G=6)
2026-08-15 18:03:46,966 [INFO] ✅ Generado: PLANTILLA_000000028121_Living_Severed_Hand_2_1.csv (6 filas, 3 variables, col_G=6)
2026-08-15 18:03:46,967 [INFO] ✅ Generado: PLANTILLA_000000084812_Serial_Killer_Apron_1.csv (7 filas, 4 variables, col_G=7)
2026-08-15 18:03:46,969 [INFO] ✅ Generado: PLANTILLA_000000084811_Forrest_Killer_Apron_1.csv (6 filas, 3 variables, col_G=6)
2026-08-15 18:03:46,971 [INFO] ✅ Generado: PLANTILLA_000000084810_Butcher_Killer_Apron_1.csv (7 filas, 4 variables, col_G=7)
2026-08-15 18:03:46,972 [INFO] ✅ Generado: PLANTILLA_000000084285_Lord_jester_1.csv (13 filas, 10 variables, col_G=13)
2026-08-15 18:03:46,975 [INFO] ✅ Generado: PLANTILLA_000000084286_Lord_jester_1.csv (14 filas, 11 variables, col_G=14)
2026-08-15 18:03:46,978 [INFO] ✅ Generado: PLANTILLA_000000084287_Lord_jester_1.csv (14 filas, 11 variables, col_G=14)
2026-08-15 18:03:46,980 [INFO] ✅ Generado: PLANTILLA_000000084280_Lady_Harlequin_1.csv (14 filas, 11 variables, col_G=14)
2026-08-15 18:03:46,981 [INFO] ✅ Generado: PLANTILLA_000000084281_Lady_Harlequin_1.csv (14 filas, 11 variables, col_G=14)
2026-08-15 18:03:46,983 [INFO] ✅ Generado: PLANTILLA_000000084282_Lady_Harlequin_1.csv (14 filas, 11 variables, col_G=14)
2026-08-15 18:03:46,985 [INFO] ✅ Generado: PLANTILLA_000000084295_Miss_Circus_Ringmaster_1.csv (13 filas, 10 variables, col_G=13)
2026-08-15 18:03:46,987 [INFO] ✅ Generado: PLANTILLA_000000084296_Miss_Circus_Ringmaster_1.csv (13 filas, 10 variables, col_G=13)
2026-08-15 18:03:46,989 [INFO] ✅ Generado: PLANTILLA_000000084297_Miss_Circus_Ringmaster_1.csv (13 filas, 10 variables, col_G=13)
2026-08-15 18:03:46,991 [INFO] ✅ Generado: PLANTILLA_000000084840_Spooky_Pumpkin_Scarecrow_1.csv (8 filas, 5 variables, col_G=8)
2026-08-15 18:03:46,995 [INFO] ✅ Generado: PLANTILLA_000000084841_Spooky_Pumpkin_Scarecrow_1.csv (8 filas, 5 variables, col_G=8)
2026-08-15 18:03:46,997 [INFO] ✅ Generado: PLANTILLA_000000084842_Spooky_Pumpkin_Scarecrow_1.csv (8 filas, 5 variables, col_G=8)
2026-08-15 18:03:46,999 [INFO] ✅ Generado: PLANTILLA_000000084835_Mont´s_Glowing_Clown_1.csv (13 filas, 10 variables, col_G=13)
2026-08-15 18:03:47,001 [INFO] ✅ Generado: PLANTILLA_000000084836_Mont´s_Glowing_Clown_1.csv (13 filas, 10 variables, col_G=13)
2026-08-15 18:03:47,003 [INFO] ✅ Generado: PLANTILLA_000000084837_Mont´s_Glowing_Clown_1.csv (13 filas, 10 variables, col_G=13)
2026-08-15 18:03:47,005 [INFO] ✅ Generado: PLANTILLA_000000084826_Kramper_Cape_1.csv (13 filas, 10 variables, col_G=13)
2026-08-15 18:03:47,007 [INFO] ✅ Generado: PLANTILLA_000000084822_Christmas_Grumpy_Monster_1.csv (15 filas, 12 variables, col_G=15)
2026-08-15 18:03:47,010 [INFO] ✅ Generado: PLANTILLA_000000084855_Grumpy_Monster_1.csv (11 filas, 8 variables, col_G=11)
2026-08-15 18:03:47,012 [INFO] ✅ Generado: PLANTILLA_000000084825_Sasquatch_Costume_1.csv (11 filas, 8 variables, col_G=11)
2026-08-15 18:03:47,014 [INFO] ✅ Generado: PLANTILLA_000000027898_Rotten_Sandwich_1.csv (3 filas, 0 variables, col_G=3)
2026-08-15 18:03:47,015 [INFO] ✅ Generado: PLANTILLA_000000027895_Disgusting_Hot_Dog_1.csv (3 filas, 0 variables, col_G=3)
2026-08-15 18:03:47,017 [INFO] ✅ Generado: PLANTILLA_000000027916_Nasty_Chinese_Food_1.csv (3 filas, 0 variables, col_G=3)
2026-08-15 18:03:47,019 [INFO] ✅ Generado: PLANTILLA_000000030149_Fiery_clown_3.csv (3 filas, 0 variables, col_G=3)
2026-08-15 18:03:47,020 [INFO] ✅ Generado: PLANTILLA_000000030138_Burger´s_Clown_3.csv (4 filas, 1 variables, col_G=4)
2026-08-15 18:03:47,022 [INFO] ✅ Generado: PLANTILLA_000000149113__Marinero_Creepy_1.csv (3 filas, 0 variables, col_G=3)
2026-08-15 18:03:47,025 [INFO] ✅ Generado: PLANTILLA_000000027976_Chocolate_Gigi_3.csv (5 filas, 2 variables, col_G=5)
2026-08-15 18:03:47,027 [INFO] ✅ Generado: PLANTILLA_000000027977_Fangsy_3.csv (5 filas, 2 variables, col_G=5)
2026-08-15 18:03:47,029 [INFO] ✅ Generado: PLANTILLA_000000030101_Jester_Clown_1.csv (6 filas, 3 variables, col_G=6)
2026-08-15 18:03:47,031 [INFO] ✅ Generado: PLANTILLA_000000030103_Clown_Smiles_1.csv (6 filas, 3 variables, col_G=6)
2026-08-15 18:03:47,032 [INFO] ✅ Generado: PLANTILLA_000000030141_Eyeball_Mask_1.csv (4 filas, 1 variables, col_G=4)
2026-08-15 18:03:47,034 [INFO] ✅ Generado: PLANTILLA_000000030135_Bram_1.csv (3 filas, 0 variables, col_G=3)
2026-08-15 18:03:47,036 [INFO] ✅ Generado: PLANTILLA_000000030136_Lilith_1.csv (5 filas, 2 variables, col_G=5)
2026-08-15 18:03:47,037 [INFO] ✅ Generado: PLANTILLA_000000030157_Ghoulish_Man_1.csv (4 filas, 1 variables, col_G=4)
2026-08-15 18:03:47,039 [INFO] ✅ Generado: PLANTILLA_000000030023_Possessed_samurai_1.csv (4 filas, 1 variables, col_G=4)
2026-08-15 18:03:47,042 [INFO] ✅ Generado: PLANTILLA_000000072202_Alien_Monster_1.csv (3 filas, 0 variables, col_G=3)
2026-08-15 18:03:47,044 [INFO] ✅ Generado: PLANTILLA_000000030009_Cosmic_king_1.csv (3 filas, 0 variables, col_G=3)
2026-08-15 18:03:47,046 [INFO] ✅ Generado: PLANTILLA_000000030128_Zombie_Pug_1.csv (3 filas, 0 variables, col_G=3)
2026-08-15 18:03:47,047 [INFO] ✅ Generado: PLANTILLA_000000027975_Sugar_Kiky_1.csv (5 filas, 2 variables, col_G=5)
2026-08-15 18:03:47,049 [INFO] ✅ Generado: PLANTILLA_000000027968_Nightshade_1.csv (5 filas, 2 variables, col_G=5)
2026-08-15 18:03:47,051 [INFO] ✅ Generado: PLANTILLA_000000027969_Snowbelle_1.csv (5 filas, 2 variables, col_G=5)
2026-08-15 18:03:47,052 [INFO] ✅ Generado: PLANTILLA_000000025838_Alien_Flesh_1.csv (4 filas, 1 variables, col_G=4)
2026-08-15 18:03:47,054 [INFO] ✅ Generado: PLANTILLA_000000030130_Sir_Thomas_1.csv (3 filas, 0 variables, col_G=3)
2026-08-15 18:03:47,056 [INFO] ✅ Generado: PLANTILLA_000000027993_Staffs__Witch_Green_1.csv (5 filas, 2 variables, col_G=5)
2026-08-15 18:03:47,059 [INFO] ✅ Generado: PLANTILLA_000000027797_Waxed_skull_1.csv (3 filas, 0 variables, col_G=3)
2026-08-15 18:03:47,060 [INFO] ✅ Generado: PLANTILLA_000200350005__Cthulu_Mug_1.csv (3 filas, 0 variables, col_G=3)
2026-08-15 18:03:47,062 [INFO] ✅ Generado: PLANTILLA_000200350007__Alien_Mug_1.csv (3 filas, 0 variables, col_G=3)
2026-08-15 18:03:47,064 [INFO] ✅ Generado: PLANTILLA_000200350003__Franky_Mug_1.csv (3 filas, 0 variables, col_G=3)
2026-08-15 18:03:47,065 [INFO] ✅ Generado: PLANTILLA_0000000335101_Skull_Wall_Panels_1.csv (3 filas, 0 variables, col_G=3)
2026-08-15 18:03:47,067 [INFO] ✅ Generado: PLANTILLA_000000027902_Pale_skin_bag_1.csv (4 filas, 1 variables, col_G=4)
2026-08-15 18:03:47,069 [INFO] ✅ Generado: PLANTILLA_000000027936_Finger_Keychain_1.csv (5 filas, 2 variables, col_G=5)
2026-08-15 18:03:47,070 [INFO] ✅ Generado: PLANTILLA_000000027937_Tongue_Keychain_1.csv (5 filas, 2 variables, col_G=5)
2026-08-15 18:03:47,072 [INFO] ✅ Generado: PLANTILLA_000000027938_Eye_Keychain_1.csv (5 filas, 2 variables, col_G=5)
2026-08-15 18:03:47,076 [INFO] ✅ Generado: PLANTILLA_000000027935_Nose_Keychain_1.csv (5 filas, 2 variables, col_G=5)
2026-08-15 18:03:47,078 [INFO] ✅ Generado: PLANTILLA_000000027939_Ear_Keychain_1.csv (5 filas, 2 variables, col_G=5)
2026-08-15 18:03:47,079 [INFO] ✅ Generado: PLANTILLA_000000029011_Yeti_Mega_Costume_1.csv (10 filas, 7 variables, col_G=10)
2026-08-15 18:03:47,080 [INFO] 
📊 Resumen final:
2026-08-15 18:03:47,080 [INFO]    ✅ Plantillas generadas: 187
2026-08-15 18:03:47,080 [INFO]    ⏭️ Omitidas (sin precio): 0
2026-08-15 18:03:47,080 [INFO]    ❌ Errores (inconsistencia de filas): 0
2026-08-15 18:03:47,081 [INFO]    📁 Carpeta: 'C:\Users\Dany\Desktop\Proyecto\output'
2026-08-15 18:03:47,081 [WARNING] ⚠️ Modelo duplicado detectado: 000000030149 Fiery clown - se elimina la segunda ocurrencia.
2026-08-15 18:03:47,081 [WARNING] ⚠️ Modelo duplicado detectado: 000000030138 Burger´s Clown - se elimina la segunda ocurrencia.
2026-08-15 18:03:47,081 [WARNING] ⚠️ Modelo duplicado detectado: 000000027976 Chocolate Gigi - se elimina la segunda ocurrencia.
2026-08-15 18:03:47,081 [WARNING] ⚠️ Modelo duplicado detectado: 000000027977 Fangsy - se elimina la segunda ocurrencia.
2026-08-15 18:03:47,082 [INFO] 🧹 Desduplicación: 187 → 183 modelos únicos.
2026-08-15 18:03:47,082 [INFO] 📦 183 modelos listos para el bot.
2026-08-15 18:03:47,083 [INFO] 📂 Estado cargado: 3 modelos ya procesados.
2026-08-15 18:03:47,083 [INFO] ⏭️ 3 modelos ya procesados o en fallos. Saltando.
2026-08-15 18:03:47,083 [INFO] 📦 180 modelos pendientes de 183 totales.
2026-08-15 18:05:11,432 [WARNING] There was an error managing chromedriver (error sending request for url (https://googlechromelabs.github.io/chrome-for-testing/known-good-versions-with-downloads.json)); using driver found in the cache
2026-08-15 18:05:12,474 [INFO] ✅ WebDriver inicializado.
2026-08-15 18:05:12,480 [INFO] 🌐 Navegando a la página de login de VUCEM...
2026-08-15 18:05:47,591 [INFO] ✅ Login verificado (dashboard detectado).
2026-08-15 18:05:47,591 [INFO] 🧭 Iniciando navegación real al formulario...
2026-08-15 18:05:48,520 [INFO] ✅ Click en 'Solicitudes nuevas'
2026-08-15 18:05:51,676 [INFO] ✅ Click en Secretaría de Economía
2026-08-15 18:05:59,688 [INFO] ✅ Click en trámite 110101 con selector: ('xpath', "//a[contains(@onclick,'110101')]")
2026-08-15 18:06:00,144 [INFO] ✅ Pestaña 'Tratados'
2026-08-15 18:06:00,409 [INFO] ✅ Unión Europea seleccionada
2026-08-15 18:06:00,670 [INFO] ✅ TLCUEM seleccionado
2026-08-15 18:06:00,771 [INFO] ✅ Criterio B seleccionado
2026-08-15 18:06:00,860 [INFO] ✅ Tratado agregado
2026-08-15 18:06:02,030 [INFO] ✅ Pestaña 'Datos de la mercancía'
2026-08-15 18:06:02,051 [INFO] ✅ Navegación completada. Formulario listo.
2026-08-15 18:06:02,052 [INFO] ⏭️ 3 modelos ya procesados o en fallos. Saltando.
2026-08-15 18:06:52,054 [INFO] 📤 Procesando modelo 000000027983 Little Goo
2026-08-15 18:06:52,055 [INFO] Esperando campo 'Nombre comercial'...
2026-08-15 18:07:17,269 [WARNING] ⚠️ No se detectó texto en el campo. Se omite este modelo.
2026-08-15 18:07:17,283 [INFO] ✅ Modelo 000000027983 Little Goo completado (intento 1).
2026-08-15 18:07:17,283 [INFO] ⏭️ 4 modelos ya procesados o en fallos. Saltando.
2026-08-15 18:07:44,302 [INFO] 📤 Procesando modelo 000000027982 Little Greyson
2026-08-15 18:07:44,302 [INFO] Esperando campo 'Nombre comercial'...
2026-08-15 18:07:57,293 [WARNING] ⚠️ No se detectó texto en el campo. Se omite este modelo.
2026-08-15 18:07:57,299 [INFO] ✅ Modelo 000000027982 Little Greyson completado (intento 1).
2026-08-15 18:07:57,299 [INFO] ⏭️ 5 modelos ya procesados o en fallos. Saltando.
2026-08-15 18:09:19,915 [INFO] 📤 Procesando modelo 000000084812 Serial Killer Apron
2026-08-15 18:09:19,916 [INFO] Esperando campo 'Nombre comercial'...
2026-08-15 18:09:28,941 [INFO] ✅ Texto leído: 'Serial Killer Apron'
2026-08-15 18:09:29,264 [WARNING] ⚠️ No se encontró CSV para 000000084812 Serial Killer Apron, se omite carga.
2026-08-15 18:33:48,976 [INFO] 🚀 Iniciando sistema automatizado de comercio exterior - VUCEM
2026-08-15 18:33:48,979 [INFO] Cargando proveedores desde BOM...
2026-08-15 18:33:49,875 [INFO] ✅ 3588 proveedores cargados.
2026-08-15 18:33:49,875 [INFO] Cargando insumos por modelo desde BOM (solo categorías al INICIO)...
2026-08-15 18:33:52,684 [INFO] ✅ 1614 modelos con insumos cargados.
2026-08-15 18:33:52,685 [INFO] Procesando archivo maestro (hoja '2026')...
2026-08-15 18:33:52,769 [INFO] ✅ Generado: PLANTILLA_000000024505_Assault_mask_2.csv (3 filas, 0 variables, col_G=3)
2026-08-15 18:33:52,772 [INFO] ✅ Generado: PLANTILLA_000000021292_Hockey_Killer_2.csv (5 filas, 2 variables, col_G=5)
2026-08-15 18:33:52,774 [INFO] ✅ Generado: PLANTILLA_000000022131_Apocalyptic_Mask_2.csv (3 filas, 0 variables, col_G=3)
2026-08-15 18:33:52,776 [INFO] ✅ Generado: PLANTILLA_000000021179_Brown_wolf_2.csv (3 filas, 0 variables, col_G=3)
2026-08-15 18:33:52,777 [INFO] ✅ Generado: PLANTILLA_000000021229_Brown_Dr._Peste_2.csv (5 filas, 2 variables, col_G=5)
2026-08-15 18:33:52,779 [INFO] ✅ Generado: PLANTILLA_000000021225_Crania_face_2.csv (5 filas, 2 variables, col_G=5)
2026-08-15 18:33:52,780 [INFO] ✅ Generado: PLANTILLA_000000021107_Jacko_2.csv (3 filas, 0 variables, col_G=3)
2026-08-15 18:33:52,782 [INFO] ✅ Generado: PLANTILLA_000000050122_Akasha_2.csv (4 filas, 1 variables, col_G=4)
2026-08-15 18:33:52,784 [INFO] ✅ Generado: PLANTILLA_000000050116_Alucard_2.csv (3 filas, 0 variables, col_G=3)
2026-08-15 18:33:52,785 [INFO] ✅ Generado: PLANTILLA_000000050118_Mr._Bones_Tan_2.csv (3 filas, 0 variables, col_G=3)
2026-08-15 18:33:52,786 [INFO] ✅ Generado: PLANTILLA_000000050117_Mr._Bones_2.csv (3 filas, 0 variables, col_G=3)
2026-08-15 18:33:52,788 [INFO] ✅ Generado: PLANTILLA_000000050120_Daffy_2.csv (4 filas, 1 variables, col_G=4)
2026-08-15 18:33:52,791 [INFO] ✅ Generado: PLANTILLA_000000050119_Soggy_2.csv (5 filas, 2 variables, col_G=5)
2026-08-15 18:33:52,793 [INFO] ✅ Generado: PLANTILLA_000000050121_Baba_Yaga_2.csv (3 filas, 0 variables, col_G=3)
2026-08-15 18:33:52,794 [INFO] ✅ Generado: PLANTILLA_000000350063__Rolan__Street_clown_2.csv (5 filas, 2 variables, col_G=5)
2026-08-15 18:33:52,795 [INFO] ✅ Generado: PLANTILLA_000000350064_Psychopathic_Clown_2.csv (7 filas, 4 variables, col_G=7)
2026-08-15 18:33:52,797 [INFO] ✅ Generado: PLANTILLA_000000350065_Rusty_the_Clown_2.csv (8 filas, 5 variables, col_G=8)
2026-08-15 18:33:52,798 [INFO] ✅ Generado: PLANTILLA_000000350061_Narmoga_2.csv (6 filas, 3 variables, col_G=6)
2026-08-15 18:33:52,800 [INFO] ✅ Generado: PLANTILLA_000000350062_Agnha_2.csv (7 filas, 4 variables, col_G=7)
2026-08-15 18:33:52,801 [INFO] ✅ Generado: PLANTILLA_000000350060_Nightstalker_2.csv (4 filas, 1 variables, col_G=4)
2026-08-15 18:33:52,802 [INFO] ✅ Generado: PLANTILLA_000000350059_Death_Walker_2.csv (4 filas, 1 variables, col_G=4)
2026-08-15 18:33:52,804 [INFO] ✅ Generado: PLANTILLA_000000030110_Night_Terror_2.csv (3 filas, 0 variables, col_G=3)
2026-08-15 18:33:52,806 [INFO] ✅ Generado: PLANTILLA_000000030111_Transplanted_2.csv (4 filas, 1 variables, col_G=4)
2026-08-15 18:33:52,808 [INFO] ✅ Generado: PLANTILLA_000000030109_Splitting_Headache_2.csv (3 filas, 0 variables, col_G=3)
2026-08-15 18:33:52,810 [INFO] ✅ Generado: PLANTILLA_000000030181_Camazotz_2.csv (3 filas, 0 variables, col_G=3)
2026-08-15 18:33:52,812 [INFO] ✅ Generado: PLANTILLA_000000030182_Silent_Death_2.csv (4 filas, 1 variables, col_G=4)
2026-08-15 18:33:52,814 [INFO] ✅ Generado: PLANTILLA_000000030180_Demon_Vampire_2.csv (3 filas, 0 variables, col_G=3)
2026-08-15 18:33:52,815 [INFO] ✅ Generado: PLANTILLA_000000030173_Pagliacci_2.csv (3 filas, 0 variables, col_G=3)
2026-08-15 18:33:52,817 [INFO] ✅ Generado: PLANTILLA_000000030116_Dusty_clown_2.csv (3 filas, 0 variables, col_G=3)
2026-08-15 18:33:52,819 [INFO] ✅ Generado: PLANTILLA_000000030166_Hellbell_clown_2.csv (6 filas, 3 variables, col_G=6)
2026-08-15 18:33:52,821 [INFO] ✅ Generado: PLANTILLA_000000030149_Fiery_clown_4.csv (3 filas, 0 variables, col_G=3)
2026-08-15 18:33:52,824 [INFO] ✅ Generado: PLANTILLA_000000030142_Sadistic_clown_2.csv (5 filas, 2 variables, col_G=5)
2026-08-15 18:33:52,826 [INFO] ✅ Generado: PLANTILLA_000000030100_Toothy_Clown_2.csv (6 filas, 3 variables, col_G=6)
2026-08-15 18:33:52,828 [INFO] ✅ Generado: PLANTILLA_000000030102_Creppy_Clown_smile_2.csv (5 filas, 2 variables, col_G=5)
2026-08-15 18:33:52,830 [INFO] ✅ Generado: PLANTILLA_000000030115_Fiendish_clown_2.csv (3 filas, 0 variables, col_G=3)
2026-08-15 18:33:52,832 [INFO] ✅ Generado: PLANTILLA_000000030117_Jezebel_2.csv (5 filas, 2 variables, col_G=5)
2026-08-15 18:33:52,834 [INFO] ✅ Generado: PLANTILLA_000000030118_Porky_the_clown_2.csv (8 filas, 5 variables, col_G=8)
2026-08-15 18:33:52,835 [INFO] ✅ Generado: PLANTILLA_000000030138_Burger´s_Clown_4.csv (4 filas, 1 variables, col_G=4)
2026-08-15 18:33:52,837 [INFO] ✅ Generado: PLANTILLA_000000030143_Zippy_2.csv (4 filas, 1 variables, col_G=4)
2026-08-15 18:33:52,840 [INFO] ✅ Generado: PLANTILLA_000000030122_Amuck_2.csv (4 filas, 1 variables, col_G=4)
2026-08-15 18:33:52,842 [INFO] ✅ Generado: PLANTILLA_000000030159_Upside_Grin_Clown_2.csv (3 filas, 0 variables, col_G=3)
2026-08-15 18:33:52,844 [INFO] ✅ Generado: PLANTILLA_000000030137_Thug_Clown_2.csv (4 filas, 1 variables, col_G=4)
2026-08-15 18:33:52,846 [INFO] ✅ Generado: PLANTILLA_000000030120_Crispy_2.csv (6 filas, 3 variables, col_G=6)
2026-08-15 18:33:52,847 [INFO] ✅ Generado: PLANTILLA_000000030134_Mad_Clown_Biker_2.csv (3 filas, 0 variables, col_G=3)
2026-08-15 18:33:52,849 [INFO] ✅ Generado: PLANTILLA_000000030167_Spawlown_2.csv (3 filas, 0 variables, col_G=3)
2026-08-15 18:33:52,850 [INFO] ✅ Generado: PLANTILLA_000000030121_Bumpy_2.csv (4 filas, 1 variables, col_G=4)
2026-08-15 18:33:52,852 [INFO] ✅ Generado: PLANTILLA_000000030153_Igor_2.csv (4 filas, 1 variables, col_G=4)
2026-08-15 18:33:52,854 [INFO] ✅ Generado: PLANTILLA_000000030145_Creepy_T.W._2.csv (4 filas, 1 variables, col_G=4)
2026-08-15 18:33:52,856 [INFO] ✅ Generado: PLANTILLA_000000030148_Creepy_P._2.csv (4 filas, 1 variables, col_G=4)
2026-08-15 18:33:52,858 [INFO] ✅ Generado: PLANTILLA_000000030146_Creepy_D._2.csv (4 filas, 1 variables, col_G=4)
2026-08-15 18:33:52,860 [INFO] ✅ Generado: PLANTILLA_000000030147_Creepy_L.L._2.csv (4 filas, 1 variables, col_G=4)
2026-08-15 18:33:52,862 [INFO] ✅ Generado: PLANTILLA_000000149113_Marinero_Creepy_2.csv (3 filas, 0 variables, col_G=3)
2026-08-15 18:33:52,864 [INFO] ✅ Generado: PLANTILLA_000000030131_Creepyboobu_2.csv (4 filas, 1 variables, col_G=4)
2026-08-15 18:33:52,865 [INFO] ✅ Generado: PLANTILLA_000000030151_Mothman_2.csv (5 filas, 2 variables, col_G=5)
2026-08-15 18:33:52,867 [INFO] ✅ Generado: PLANTILLA_000000030114_Creepy_Peter_2.csv (3 filas, 0 variables, col_G=3)
2026-08-15 18:33:52,869 [INFO] ✅ Generado: PLANTILLA_000000030174_Crazy_Auguste_2.csv (4 filas, 1 variables, col_G=4)
2026-08-15 18:33:52,871 [INFO] ✅ Generado: PLANTILLA_000000030176_Brickie_zombie_2.csv (3 filas, 0 variables, col_G=3)
2026-08-15 18:33:52,874 [INFO] ✅ Generado: PLANTILLA_000000030175_Killer_Identity_2.csv (3 filas, 0 variables, col_G=3)
2026-08-15 18:33:52,876 [INFO] ✅ Generado: PLANTILLA_000000030171_J_the_Slayer_2.csv (5 filas, 2 variables, col_G=5)
2026-08-15 18:33:52,877 [INFO] ✅ Generado: PLANTILLA_000000071542_Fleshless_mouth_2.csv (5 filas, 2 variables, col_G=5)
2026-08-15 18:33:52,879 [INFO] ✅ Generado: PLANTILLA_000000030177_Zombie_pilot_2.csv (4 filas, 1 variables, col_G=4)
2026-08-15 18:33:52,880 [INFO] ✅ Generado: PLANTILLA_000000030133_Chopper_Rider_2.csv (3 filas, 0 variables, col_G=3)
2026-08-15 18:33:52,882 [INFO] ✅ Generado: PLANTILLA_000000030178_The_lord_2.csv (3 filas, 0 variables, col_G=3)
2026-08-15 18:33:52,884 [INFO] ✅ Generado: PLANTILLA_000000030162_Big_Horns_Skull_2.csv (5 filas, 2 variables, col_G=5)
2026-08-15 18:33:52,886 [INFO] ✅ Generado: PLANTILLA_000000030161_Big_Horns_Skull_Neon_2.csv (6 filas, 3 variables, col_G=6)
2026-08-15 18:33:52,887 [INFO] ✅ Generado: PLANTILLA_000000030132_Patrol_Skull_2.csv (3 filas, 0 variables, col_G=3)
2026-08-15 18:33:52,889 [INFO] ✅ Generado: PLANTILLA_000000030160_Big_Horns_Devil_2.csv (5 filas, 2 variables, col_G=5)
2026-08-15 18:33:52,891 [INFO] ✅ Generado: PLANTILLA_000000030164_Malebranche_2.csv (4 filas, 1 variables, col_G=4)
2026-08-15 18:33:52,894 [INFO] ✅ Generado: PLANTILLA_000000030123_Possessed_nun_2.csv (7 filas, 4 variables, col_G=7)
2026-08-15 18:33:52,895 [INFO] ✅ Generado: PLANTILLA_000000030163_Big_Horns_alien_2.csv (5 filas, 2 variables, col_G=5)
2026-08-15 18:33:52,897 [INFO] ✅ Generado: PLANTILLA_000000072201_Alien_Creepy_2.csv (3 filas, 0 variables, col_G=3)
2026-08-15 18:33:52,898 [INFO] ✅ Generado: PLANTILLA_000000030152_Morak_2.csv (3 filas, 0 variables, col_G=3)
2026-08-15 18:33:52,900 [INFO] ✅ Generado: PLANTILLA_000000030158_Blind_Warden_2.csv (3 filas, 0 variables, col_G=3)
2026-08-15 18:33:52,902 [INFO] ✅ Generado: PLANTILLA_000000030179_Frankorned_2.csv (3 filas, 0 variables, col_G=3)
2026-08-15 18:33:52,903 [INFO] ✅ Generado: PLANTILLA_000000030168_Gorth_2.csv (5 filas, 2 variables, col_G=5)
2026-08-15 18:33:52,905 [INFO] ✅ Generado: PLANTILLA_000000030112_Old_Troll_2.csv (3 filas, 0 variables, col_G=3)
2026-08-15 18:33:52,908 [INFO] ✅ Generado: PLANTILLA_000000030113_Funny_Troll_2.csv (3 filas, 0 variables, col_G=3)
2026-08-15 18:33:52,910 [INFO] ✅ Generado: PLANTILLA_000000030144_Creepy_Voodoo_Master_2.csv (4 filas, 1 variables, col_G=4)
2026-08-15 18:33:52,911 [INFO] ✅ Generado: PLANTILLA_000000030150_Anciente_Priest_2.csv (3 filas, 0 variables, col_G=3)
2026-08-15 18:33:52,913 [INFO] ✅ Generado: PLANTILLA_000000030172_Voodoo_victim_2.csv (3 filas, 0 variables, col_G=3)
2026-08-15 18:33:52,914 [INFO] ✅ Generado: PLANTILLA_000000030165_Horned_Sorceress_2.csv (4 filas, 1 variables, col_G=4)
2026-08-15 18:33:52,916 [INFO] ✅ Generado: PLANTILLA_000000071535_Agatha_2.csv (6 filas, 3 variables, col_G=6)
2026-08-15 18:33:52,918 [INFO] ✅ Generado: PLANTILLA_000000027990_Staffs__Witch_2.csv (5 filas, 2 variables, col_G=5)
2026-08-15 18:33:52,919 [INFO] ✅ Generado: PLANTILLA_000000071544_Scar_wolf_2.csv (3 filas, 0 variables, col_G=3)
2026-08-15 18:33:52,921 [INFO] ✅ Generado: PLANTILLA_000000030139_Sack_Creature_2.csv (5 filas, 2 variables, col_G=5)
2026-08-15 18:33:52,923 [INFO] ✅ Generado: PLANTILLA_000000030124_Mangy_rat_2.csv (5 filas, 2 variables, col_G=5)
2026-08-15 18:33:52,925 [INFO] ✅ Generado: PLANTILLA_000000030125_Rabid_boar_2.csv (4 filas, 1 variables, col_G=4)
2026-08-15 18:33:52,927 [INFO] ✅ Generado: PLANTILLA_000000030127_Zombie_Cat_2.csv (5 filas, 2 variables, col_G=5)
2026-08-15 18:33:52,928 [INFO] ✅ Generado: PLANTILLA_000000030129_Zombie_Capybara_2.csv (3 filas, 0 variables, col_G=3)
2026-08-15 18:33:52,930 [INFO] ✅ Generado: PLANTILLA_000000030119_Rotten_Panda_2.csv (5 filas, 2 variables, col_G=5)
2026-08-15 18:33:52,932 [INFO] ✅ Generado: PLANTILLA_000000030169_Apenstein_2.csv (5 filas, 2 variables, col_G=5)
2026-08-15 18:33:52,933 [INFO] ✅ Generado: PLANTILLA_000000030170_Groaner_2.csv (3 filas, 0 variables, col_G=3)
2026-08-15 18:33:52,935 [INFO] ✅ Generado: PLANTILLA_000000030154_Evil_Nutcracker_2.csv (4 filas, 1 variables, col_G=4)
2026-08-15 18:33:52,936 [INFO] ✅ Generado: PLANTILLA_000000030155_Creepy_Happy_2.csv (6 filas, 3 variables, col_G=6)
2026-08-15 18:33:52,938 [INFO] ✅ Generado: PLANTILLA_000000030156_Creepy_Sad_2.csv (6 filas, 3 variables, col_G=6)
2026-08-15 18:33:52,942 [INFO] ✅ Generado: PLANTILLA_000000027985_Little_Abyss_2.csv (7 filas, 4 variables, col_G=7)
2026-08-15 18:33:52,944 [INFO] ✅ Generado: PLANTILLA_000000027984_Little_Ember_2.csv (7 filas, 4 variables, col_G=7)
2026-08-15 18:33:52,945 [INFO] ✅ Generado: PLANTILLA_000000027983_Little_Goo_2.csv (7 filas, 4 variables, col_G=7)
2026-08-15 18:33:52,947 [INFO] ✅ Generado: PLANTILLA_000000027982_Little_Greyson_2.csv (6 filas, 3 variables, col_G=6)
2026-08-15 18:33:52,948 [INFO] ✅ Generado: PLANTILLA_000000027981_Little_Fang_2.csv (7 filas, 4 variables, col_G=7)
2026-08-15 18:33:52,950 [INFO] ✅ Generado: PLANTILLA_000000027986_Little_Rotty_2.csv (6 filas, 3 variables, col_G=6)
2026-08-15 18:33:52,952 [INFO] ✅ Generado: PLANTILLA_000000027978_James_busted_2.csv (5 filas, 2 variables, col_G=5)
2026-08-15 18:33:52,953 [INFO] ✅ Generado: PLANTILLA_000000027979_Helen_Busted_2.csv (5 filas, 2 variables, col_G=5)
2026-08-15 18:33:52,955 [INFO] ✅ Generado: PLANTILLA_000000027980_William_Busted_2.csv (5 filas, 2 variables, col_G=5)
2026-08-15 18:33:52,958 [INFO] ✅ Generado: PLANTILLA_000000331008_Bloody_Curtains_2.csv (3 filas, 0 variables, col_G=3)
2026-08-15 18:33:52,959 [INFO] ✅ Generado: PLANTILLA_000000027994_Effigy_2.csv (3 filas, 0 variables, col_G=3)
2026-08-15 18:33:52,961 [INFO] ✅ Generado: PLANTILLA_000000027995_Pharaoh_2.csv (3 filas, 0 variables, col_G=3)
2026-08-15 18:33:52,963 [INFO] ✅ Generado: PLANTILLA_000000027991_Carnivorous_plant_garden_decor_2.csv (6 filas, 3 variables, col_G=6)
2026-08-15 18:33:52,964 [INFO] ✅ Generado: PLANTILLA_000000027992_Gnome_garden_decor_2.csv (3 filas, 0 variables, col_G=3)
2026-08-15 18:33:52,966 [INFO] ✅ Generado: PLANTILLA_000000028212_Earth_Dragon_Puppet_2.csv (3 filas, 0 variables, col_G=3)
2026-08-15 18:33:52,967 [INFO] ✅ Generado: PLANTILLA_000000028213_Fire_Dragon_Puppet_2.csv (3 filas, 0 variables, col_G=3)
2026-08-15 18:33:52,969 [INFO] ✅ Generado: PLANTILLA_000000028211_Demon_Puppet_2.csv (3 filas, 0 variables, col_G=3)
2026-08-15 18:33:52,971 [INFO] ✅ Generado: PLANTILLA_000000028214_Goat_Puppet_2.csv (3 filas, 0 variables, col_G=3)
2026-08-15 18:33:52,974 [INFO] ✅ Generado: PLANTILLA_000000028210_Gargoyle_Puppet_2.csv (3 filas, 0 variables, col_G=3)
2026-08-15 18:33:52,976 [INFO] ✅ Generado: PLANTILLA_000000028215_Wacky_Clown_Puppet_2.csv (3 filas, 0 variables, col_G=3)
2026-08-15 18:33:52,977 [INFO] ✅ Generado: PLANTILLA_000000028122_Hobby_Zombie_Unicorn_Stick_2.csv (7 filas, 4 variables, col_G=7)
2026-08-15 18:33:52,979 [INFO] ✅ Generado: PLANTILLA_000000028123_Hobby_Zombie_Horse_Stick_2.csv (7 filas, 4 variables, col_G=7)
2026-08-15 18:33:52,981 [INFO] ✅ Generado: PLANTILLA_000000027976_Chocolate_Gigi_4.csv (5 filas, 2 variables, col_G=5)
2026-08-15 18:33:52,993 [INFO] ✅ Generado: PLANTILLA_000000027970_Blady_2.csv (5 filas, 2 variables, col_G=5)
2026-08-15 18:33:52,995 [INFO] ✅ Generado: PLANTILLA_000000027966_Possessed_Elf_2.csv (5 filas, 2 variables, col_G=5)
2026-08-15 18:33:52,996 [INFO] ✅ Generado: PLANTILLA_000000027967_Mini_Troll_2.csv (6 filas, 3 variables, col_G=6)
2026-08-15 18:33:52,998 [INFO] ✅ Generado: PLANTILLA_000000027974_Centipede_2.csv (5 filas, 2 variables, col_G=5)
2026-08-15 18:33:53,000 [INFO] ✅ Generado: PLANTILLA_000000027977_Fangsy_4.csv (5 filas, 2 variables, col_G=5)
2026-08-15 18:33:53,001 [INFO] ✅ Generado: PLANTILLA_000000027971_Punky_2.csv (5 filas, 2 variables, col_G=5)
2026-08-15 18:33:53,003 [INFO] ✅ Generado: PLANTILLA_000000027972_Lil´Horns_2.csv (5 filas, 2 variables, col_G=5)
2026-08-15 18:33:53,006 [INFO] ✅ Generado: PLANTILLA_000000027973_BoohBlue_2.csv (5 filas, 2 variables, col_G=5)
2026-08-15 18:33:53,009 [INFO] ✅ Generado: PLANTILLA_000000668651_Midsummer_Horror_Clown_2.csv (5 filas, 2 variables, col_G=5)
2026-08-15 18:33:53,010 [INFO] ✅ Generado: PLANTILLA_000000028120_Liging_Severed_Hand_2.csv (6 filas, 3 variables, col_G=6)
2026-08-15 18:33:53,012 [INFO] ✅ Generado: PLANTILLA_000000028121_Living_Severed_Hand_2_2.csv (6 filas, 3 variables, col_G=6)
2026-08-15 18:33:53,014 [INFO] ✅ Generado: PLANTILLA_000000084812_Serial_Killer_Apron_2.csv (7 filas, 4 variables, col_G=7)
2026-08-15 18:33:53,015 [INFO] ✅ Generado: PLANTILLA_000000084811_Forrest_Killer_Apron_2.csv (6 filas, 3 variables, col_G=6)
2026-08-15 18:33:53,017 [INFO] ✅ Generado: PLANTILLA_000000084810_Butcher_Killer_Apron_2.csv (7 filas, 4 variables, col_G=7)
2026-08-15 18:33:53,018 [INFO] ✅ Generado: PLANTILLA_000000084285_Lord_jester_2.csv (13 filas, 10 variables, col_G=13)
2026-08-15 18:33:53,021 [INFO] ✅ Generado: PLANTILLA_000000084286_Lord_jester_2.csv (14 filas, 11 variables, col_G=14)
2026-08-15 18:33:53,023 [INFO] ✅ Generado: PLANTILLA_000000084287_Lord_jester_2.csv (14 filas, 11 variables, col_G=14)
2026-08-15 18:33:53,026 [INFO] ✅ Generado: PLANTILLA_000000084280_Lady_Harlequin_2.csv (14 filas, 11 variables, col_G=14)
2026-08-15 18:33:53,027 [INFO] ✅ Generado: PLANTILLA_000000084281_Lady_Harlequin_2.csv (14 filas, 11 variables, col_G=14)
2026-08-15 18:33:53,029 [INFO] ✅ Generado: PLANTILLA_000000084282_Lady_Harlequin_2.csv (14 filas, 11 variables, col_G=14)
2026-08-15 18:33:53,031 [INFO] ✅ Generado: PLANTILLA_000000084295_Miss_Circus_Ringmaster_2.csv (13 filas, 10 variables, col_G=13)
2026-08-15 18:33:53,032 [INFO] ✅ Generado: PLANTILLA_000000084296_Miss_Circus_Ringmaster_2.csv (13 filas, 10 variables, col_G=13)
2026-08-15 18:33:53,034 [INFO] ✅ Generado: PLANTILLA_000000084297_Miss_Circus_Ringmaster_2.csv (13 filas, 10 variables, col_G=13)
2026-08-15 18:33:53,035 [INFO] ✅ Generado: PLANTILLA_000000084840_Spooky_Pumpkin_Scarecrow_2.csv (8 filas, 5 variables, col_G=8)
2026-08-15 18:33:53,037 [INFO] ✅ Generado: PLANTILLA_000000084841_Spooky_Pumpkin_Scarecrow_2.csv (8 filas, 5 variables, col_G=8)
2026-08-15 18:33:53,041 [INFO] ✅ Generado: PLANTILLA_000000084842_Spooky_Pumpkin_Scarecrow_2.csv (8 filas, 5 variables, col_G=8)
2026-08-15 18:33:53,043 [INFO] ✅ Generado: PLANTILLA_000000084835_Mont´s_Glowing_Clown_2.csv (13 filas, 10 variables, col_G=13)
2026-08-15 18:33:53,045 [INFO] ✅ Generado: PLANTILLA_000000084836_Mont´s_Glowing_Clown_2.csv (13 filas, 10 variables, col_G=13)
2026-08-15 18:33:53,046 [INFO] ✅ Generado: PLANTILLA_000000084837_Mont´s_Glowing_Clown_2.csv (13 filas, 10 variables, col_G=13)
2026-08-15 18:33:53,048 [INFO] ✅ Generado: PLANTILLA_000000084826_Kramper_Cape_2.csv (13 filas, 10 variables, col_G=13)
2026-08-15 18:33:53,049 [INFO] ✅ Generado: PLANTILLA_000000084822_Christmas_Grumpy_Monster_2.csv (15 filas, 12 variables, col_G=15)
2026-08-15 18:33:53,051 [INFO] ✅ Generado: PLANTILLA_000000084855_Grumpy_Monster_2.csv (11 filas, 8 variables, col_G=11)
2026-08-15 18:33:53,053 [INFO] ✅ Generado: PLANTILLA_000000084825_Sasquatch_Costume_2.csv (11 filas, 8 variables, col_G=11)
2026-08-15 18:33:53,054 [INFO] ✅ Generado: PLANTILLA_000000027898_Rotten_Sandwich_2.csv (3 filas, 0 variables, col_G=3)
2026-08-15 18:33:53,057 [INFO] ✅ Generado: PLANTILLA_000000027895_Disgusting_Hot_Dog_2.csv (3 filas, 0 variables, col_G=3)
2026-08-15 18:33:53,059 [INFO] ✅ Generado: PLANTILLA_000000027916_Nasty_Chinese_Food_2.csv (3 filas, 0 variables, col_G=3)
2026-08-15 18:33:53,061 [INFO] ✅ Generado: PLANTILLA_000000030149_Fiery_clown_5.csv (3 filas, 0 variables, col_G=3)
2026-08-15 18:33:53,063 [INFO] ✅ Generado: PLANTILLA_000000030138_Burger´s_Clown_5.csv (4 filas, 1 variables, col_G=4)
2026-08-15 18:33:53,064 [INFO] ✅ Generado: PLANTILLA_000000149113__Marinero_Creepy_2.csv (3 filas, 0 variables, col_G=3)
2026-08-15 18:33:53,066 [INFO] ✅ Generado: PLANTILLA_000000027976_Chocolate_Gigi_5.csv (5 filas, 2 variables, col_G=5)
2026-08-15 18:33:53,068 [INFO] ✅ Generado: PLANTILLA_000000027977_Fangsy_5.csv (5 filas, 2 variables, col_G=5)
2026-08-15 18:33:53,070 [INFO] ✅ Generado: PLANTILLA_000000030101_Jester_Clown_2.csv (6 filas, 3 variables, col_G=6)
2026-08-15 18:33:53,073 [INFO] ✅ Generado: PLANTILLA_000000030103_Clown_Smiles_2.csv (6 filas, 3 variables, col_G=6)
2026-08-15 18:33:53,076 [INFO] ✅ Generado: PLANTILLA_000000030141_Eyeball_Mask_2.csv (4 filas, 1 variables, col_G=4)
2026-08-15 18:33:53,078 [INFO] ✅ Generado: PLANTILLA_000000030135_Bram_2.csv (3 filas, 0 variables, col_G=3)
2026-08-15 18:33:53,079 [INFO] ✅ Generado: PLANTILLA_000000030136_Lilith_2.csv (5 filas, 2 variables, col_G=5)
2026-08-15 18:33:53,081 [INFO] ✅ Generado: PLANTILLA_000000030157_Ghoulish_Man_2.csv (4 filas, 1 variables, col_G=4)
2026-08-15 18:33:53,083 [INFO] ✅ Generado: PLANTILLA_000000030023_Possessed_samurai_2.csv (4 filas, 1 variables, col_G=4)
2026-08-15 18:33:53,084 [INFO] ✅ Generado: PLANTILLA_000000072202_Alien_Monster_2.csv (3 filas, 0 variables, col_G=3)
2026-08-15 18:33:53,086 [INFO] ✅ Generado: PLANTILLA_000000030009_Cosmic_king_2.csv (3 filas, 0 variables, col_G=3)
2026-08-15 18:33:53,087 [INFO] ✅ Generado: PLANTILLA_000000030128_Zombie_Pug_2.csv (3 filas, 0 variables, col_G=3)
2026-08-15 18:33:53,091 [INFO] ✅ Generado: PLANTILLA_000000027975_Sugar_Kiky_2.csv (5 filas, 2 variables, col_G=5)
2026-08-15 18:33:53,093 [INFO] ✅ Generado: PLANTILLA_000000027968_Nightshade_2.csv (5 filas, 2 variables, col_G=5)
2026-08-15 18:33:53,094 [INFO] ✅ Generado: PLANTILLA_000000027969_Snowbelle_2.csv (5 filas, 2 variables, col_G=5)
2026-08-15 18:33:53,096 [INFO] ✅ Generado: PLANTILLA_000000025838_Alien_Flesh_2.csv (4 filas, 1 variables, col_G=4)
2026-08-15 18:33:53,097 [INFO] ✅ Generado: PLANTILLA_000000030130_Sir_Thomas_2.csv (3 filas, 0 variables, col_G=3)
2026-08-15 18:33:53,099 [INFO] ✅ Generado: PLANTILLA_000000027993_Staffs__Witch_Green_2.csv (5 filas, 2 variables, col_G=5)
2026-08-15 18:33:53,100 [INFO] ✅ Generado: PLANTILLA_000000027797_Waxed_skull_2.csv (3 filas, 0 variables, col_G=3)
2026-08-15 18:33:53,102 [INFO] ✅ Generado: PLANTILLA_000200350005__Cthulu_Mug_2.csv (3 filas, 0 variables, col_G=3)
2026-08-15 18:33:53,104 [INFO] ✅ Generado: PLANTILLA_000200350007__Alien_Mug_2.csv (3 filas, 0 variables, col_G=3)
2026-08-15 18:33:53,106 [INFO] ✅ Generado: PLANTILLA_000200350003__Franky_Mug_2.csv (3 filas, 0 variables, col_G=3)
2026-08-15 18:33:53,108 [INFO] ✅ Generado: PLANTILLA_0000000335101_Skull_Wall_Panels_2.csv (3 filas, 0 variables, col_G=3)
2026-08-15 18:33:53,110 [INFO] ✅ Generado: PLANTILLA_000000027902_Pale_skin_bag_2.csv (4 filas, 1 variables, col_G=4)
2026-08-15 18:33:53,112 [INFO] ✅ Generado: PLANTILLA_000000027936_Finger_Keychain_2.csv (5 filas, 2 variables, col_G=5)
2026-08-15 18:33:53,113 [INFO] ✅ Generado: PLANTILLA_000000027937_Tongue_Keychain_2.csv (5 filas, 2 variables, col_G=5)
2026-08-15 18:33:53,115 [INFO] ✅ Generado: PLANTILLA_000000027938_Eye_Keychain_2.csv (5 filas, 2 variables, col_G=5)
2026-08-15 18:33:53,116 [INFO] ✅ Generado: PLANTILLA_000000027935_Nose_Keychain_2.csv (5 filas, 2 variables, col_G=5)
2026-08-15 18:33:53,118 [INFO] ✅ Generado: PLANTILLA_000000027939_Ear_Keychain_2.csv (5 filas, 2 variables, col_G=5)
2026-08-15 18:33:53,119 [INFO] ✅ Generado: PLANTILLA_000000029011_Yeti_Mega_Costume_2.csv (10 filas, 7 variables, col_G=10)
2026-08-15 18:33:53,120 [INFO] 
📊 Resumen final:
2026-08-15 18:33:53,120 [INFO]    ✅ Plantillas generadas: 187
2026-08-15 18:33:53,120 [INFO]    ⏭️ Omitidas (sin precio): 0
2026-08-15 18:33:53,121 [INFO]    ❌ Errores (inconsistencia de filas): 0
2026-08-15 18:33:53,121 [INFO]    📁 Carpeta: 'C:\Users\Dany\Desktop\Proyecto\output'
2026-08-15 18:33:53,121 [WARNING] ⚠️ Modelo duplicado detectado: 000000030149 Fiery clown - se elimina la segunda ocurrencia.
2026-08-15 18:33:53,121 [WARNING] ⚠️ Modelo duplicado detectado: 000000030138 Burger´s Clown - se elimina la segunda ocurrencia.
2026-08-15 18:33:53,122 [WARNING] ⚠️ Modelo duplicado detectado: 000000027976 Chocolate Gigi - se elimina la segunda ocurrencia.
2026-08-15 18:33:53,122 [WARNING] ⚠️ Modelo duplicado detectado: 000000027977 Fangsy - se elimina la segunda ocurrencia.
2026-08-15 18:33:53,122 [INFO] 🧹 Desduplicación: 187 → 183 modelos únicos.
2026-08-15 18:33:53,123 [INFO] 📦 183 modelos listos para el bot.
2026-08-15 18:33:53,145 [INFO] 📂 Estado cargado: 5 modelos ya procesados.
2026-08-15 18:33:53,146 [INFO] ⏭️ 5 modelos ya procesados o en fallos. Saltando.
2026-08-15 18:33:53,146 [INFO] 📦 178 modelos pendientes de 183 totales.
2026-08-15 18:35:17,471 [WARNING] There was an error managing chromedriver (error sending request for url (https://googlechromelabs.github.io/chrome-for-testing/known-good-versions-with-downloads.json)); using driver found in the cache
2026-08-15 18:35:18,394 [INFO] ✅ WebDriver inicializado.
2026-08-15 18:35:18,402 [INFO] 🌐 Navegando a la página de login de VUCEM...
2026-08-15 18:35:49,591 [INFO] ✅ Login verificado.
2026-08-15 18:35:49,591 [INFO] 🧭 Iniciando navegación real al formulario...
2026-08-15 18:35:51,258 [INFO] ✅ Click en 'Solicitudes nuevas'
2026-08-15 18:35:52,193 [INFO] ✅ Click en Secretaría de Economía
2026-08-15 18:35:59,081 [INFO] ✅ Click en trámite 110101 con selector: ('xpath', "//a[contains(@onclick,'110101')]")
2026-08-15 18:35:59,496 [INFO] ✅ Pestaña 'Tratados'
2026-08-15 18:35:59,728 [INFO] ✅ Unión Europea seleccionada
2026-08-15 18:36:00,071 [INFO] ✅ TLCUEM seleccionado
2026-08-15 18:36:00,268 [INFO] ✅ Criterio B seleccionado
2026-08-15 18:36:00,371 [INFO] ✅ Tratado agregado
2026-08-15 18:36:01,525 [INFO] ✅ Pestaña 'Datos de la mercancía'
2026-08-15 18:36:01,550 [INFO] ✅ Navegación completada. Formulario listo.
2026-08-15 18:36:01,551 [INFO] ⏭️ 5 modelos ya procesados o en fallos. Saltando.
2026-08-15 18:46:12,885 [INFO] 🚀 Iniciando sistema automatizado de comercio exterior - VUCEM
2026-08-15 18:46:12,887 [INFO] Cargando proveedores desde BOM...
2026-08-15 18:46:13,797 [INFO] ✅ 3588 proveedores cargados.
2026-08-15 18:46:13,797 [INFO] Cargando insumos por modelo desde BOM (solo categorías al INICIO)...
2026-08-15 18:46:16,584 [INFO] ✅ 1614 modelos con insumos cargados.
2026-08-15 18:46:16,584 [INFO] Procesando archivo maestro (hoja '2026')...
2026-08-15 18:46:16,669 [INFO] ✅ Generado: PLANTILLA_000000024505_Assault_mask_3.csv (3 filas, 0 variables, col_G=3)
2026-08-15 18:46:16,671 [INFO] ✅ Generado: PLANTILLA_000000021292_Hockey_Killer_3.csv (5 filas, 2 variables, col_G=5)
2026-08-15 18:46:16,674 [INFO] ✅ Generado: PLANTILLA_000000022131_Apocalyptic_Mask_3.csv (3 filas, 0 variables, col_G=3)
2026-08-15 18:46:16,686 [INFO] ✅ Generado: PLANTILLA_000000021179_Brown_wolf_3.csv (3 filas, 0 variables, col_G=3)
2026-08-15 18:46:16,688 [INFO] ✅ Generado: PLANTILLA_000000021229_Brown_Dr._Peste_3.csv (5 filas, 2 variables, col_G=5)
2026-08-15 18:46:16,692 [INFO] ✅ Generado: PLANTILLA_000000021225_Crania_face_3.csv (5 filas, 2 variables, col_G=5)
2026-08-15 18:46:16,694 [INFO] ✅ Generado: PLANTILLA_000000021107_Jacko_3.csv (3 filas, 0 variables, col_G=3)
2026-08-15 18:46:16,697 [INFO] ✅ Generado: PLANTILLA_000000050122_Akasha_3.csv (4 filas, 1 variables, col_G=4)
2026-08-15 18:46:16,699 [INFO] ✅ Generado: PLANTILLA_000000050116_Alucard_3.csv (3 filas, 0 variables, col_G=3)
2026-08-15 18:46:16,700 [INFO] ✅ Generado: PLANTILLA_000000050118_Mr._Bones_Tan_3.csv (3 filas, 0 variables, col_G=3)
2026-08-15 18:46:16,702 [INFO] ✅ Generado: PLANTILLA_000000050117_Mr._Bones_3.csv (3 filas, 0 variables, col_G=3)
2026-08-15 18:46:16,704 [INFO] ✅ Generado: PLANTILLA_000000050120_Daffy_3.csv (4 filas, 1 variables, col_G=4)
2026-08-15 18:46:16,708 [INFO] ✅ Generado: PLANTILLA_000000050119_Soggy_3.csv (5 filas, 2 variables, col_G=5)
2026-08-15 18:46:16,710 [INFO] ✅ Generado: PLANTILLA_000000050121_Baba_Yaga_3.csv (3 filas, 0 variables, col_G=3)
2026-08-15 18:46:16,711 [INFO] ✅ Generado: PLANTILLA_000000350063__Rolan__Street_clown_3.csv (5 filas, 2 variables, col_G=5)
2026-08-15 18:46:16,714 [INFO] ✅ Generado: PLANTILLA_000000350064_Psychopathic_Clown_3.csv (7 filas, 4 variables, col_G=7)
2026-08-15 18:46:16,716 [INFO] ✅ Generado: PLANTILLA_000000350065_Rusty_the_Clown_3.csv (8 filas, 5 variables, col_G=8)
2026-08-15 18:46:16,717 [INFO] ✅ Generado: PLANTILLA_000000350061_Narmoga_3.csv (6 filas, 3 variables, col_G=6)
2026-08-15 18:46:16,719 [INFO] ✅ Generado: PLANTILLA_000000350062_Agnha_3.csv (7 filas, 4 variables, col_G=7)
2026-08-15 18:46:16,724 [INFO] ✅ Generado: PLANTILLA_000000350060_Nightstalker_3.csv (4 filas, 1 variables, col_G=4)
2026-08-15 18:46:16,727 [INFO] ✅ Generado: PLANTILLA_000000350059_Death_Walker_3.csv (4 filas, 1 variables, col_G=4)
2026-08-15 18:46:16,729 [INFO] ✅ Generado: PLANTILLA_000000030110_Night_Terror_3.csv (3 filas, 0 variables, col_G=3)
2026-08-15 18:46:16,730 [INFO] ✅ Generado: PLANTILLA_000000030111_Transplanted_3.csv (4 filas, 1 variables, col_G=4)
2026-08-15 18:46:16,732 [INFO] ✅ Generado: PLANTILLA_000000030109_Splitting_Headache_3.csv (3 filas, 0 variables, col_G=3)
2026-08-15 18:46:16,734 [INFO] ✅ Generado: PLANTILLA_000000030181_Camazotz_3.csv (3 filas, 0 variables, col_G=3)
2026-08-15 18:46:16,735 [INFO] ✅ Generado: PLANTILLA_000000030182_Silent_Death_3.csv (4 filas, 1 variables, col_G=4)
2026-08-15 18:46:16,737 [INFO] ✅ Generado: PLANTILLA_000000030180_Demon_Vampire_3.csv (3 filas, 0 variables, col_G=3)
2026-08-15 18:46:16,740 [INFO] ✅ Generado: PLANTILLA_000000030173_Pagliacci_3.csv (3 filas, 0 variables, col_G=3)
2026-08-15 18:46:16,742 [INFO] ✅ Generado: PLANTILLA_000000030116_Dusty_clown_3.csv (3 filas, 0 variables, col_G=3)
2026-08-15 18:46:16,744 [INFO] ✅ Generado: PLANTILLA_000000030166_Hellbell_clown_3.csv (6 filas, 3 variables, col_G=6)
2026-08-15 18:46:16,746 [INFO] ✅ Generado: PLANTILLA_000000030149_Fiery_clown_6.csv (3 filas, 0 variables, col_G=3)
2026-08-15 18:46:16,748 [INFO] ✅ Generado: PLANTILLA_000000030142_Sadistic_clown_3.csv (5 filas, 2 variables, col_G=5)
2026-08-15 18:46:16,750 [INFO] ✅ Generado: PLANTILLA_000000030100_Toothy_Clown_3.csv (6 filas, 3 variables, col_G=6)
2026-08-15 18:46:16,752 [INFO] ✅ Generado: PLANTILLA_000000030102_Creppy_Clown_smile_3.csv (5 filas, 2 variables, col_G=5)
2026-08-15 18:46:16,754 [INFO] ✅ Generado: PLANTILLA_000000030115_Fiendish_clown_3.csv (3 filas, 0 variables, col_G=3)
2026-08-15 18:46:16,757 [INFO] ✅ Generado: PLANTILLA_000000030117_Jezebel_3.csv (5 filas, 2 variables, col_G=5)
2026-08-15 18:46:16,759 [INFO] ✅ Generado: PLANTILLA_000000030118_Porky_the_clown_3.csv (8 filas, 5 variables, col_G=8)
2026-08-15 18:46:16,761 [INFO] ✅ Generado: PLANTILLA_000000030138_Burger´s_Clown_6.csv (4 filas, 1 variables, col_G=4)
2026-08-15 18:46:16,763 [INFO] ✅ Generado: PLANTILLA_000000030143_Zippy_3.csv (4 filas, 1 variables, col_G=4)
2026-08-15 18:46:16,765 [INFO] ✅ Generado: PLANTILLA_000000030122_Amuck_3.csv (4 filas, 1 variables, col_G=4)
2026-08-15 18:46:16,767 [INFO] ✅ Generado: PLANTILLA_000000030159_Upside_Grin_Clown_3.csv (3 filas, 0 variables, col_G=3)
2026-08-15 18:46:16,768 [INFO] ✅ Generado: PLANTILLA_000000030137_Thug_Clown_3.csv (4 filas, 1 variables, col_G=4)
2026-08-15 18:46:16,770 [INFO] ✅ Generado: PLANTILLA_000000030120_Crispy_3.csv (6 filas, 3 variables, col_G=6)
2026-08-15 18:46:16,774 [INFO] ✅ Generado: PLANTILLA_000000030134_Mad_Clown_Biker_3.csv (3 filas, 0 variables, col_G=3)
2026-08-15 18:46:16,776 [INFO] ✅ Generado: PLANTILLA_000000030167_Spawlown_3.csv (3 filas, 0 variables, col_G=3)
2026-08-15 18:46:16,778 [INFO] ✅ Generado: PLANTILLA_000000030121_Bumpy_3.csv (4 filas, 1 variables, col_G=4)
2026-08-15 18:46:16,780 [INFO] ✅ Generado: PLANTILLA_000000030153_Igor_3.csv (4 filas, 1 variables, col_G=4)
2026-08-15 18:46:16,782 [INFO] ✅ Generado: PLANTILLA_000000030145_Creepy_T.W._3.csv (4 filas, 1 variables, col_G=4)
2026-08-15 18:46:16,783 [INFO] ✅ Generado: PLANTILLA_000000030148_Creepy_P._3.csv (4 filas, 1 variables, col_G=4)
2026-08-15 18:46:16,785 [INFO] ✅ Generado: PLANTILLA_000000030146_Creepy_D._3.csv (4 filas, 1 variables, col_G=4)
2026-08-15 18:46:16,786 [INFO] ✅ Generado: PLANTILLA_000000030147_Creepy_L.L._3.csv (4 filas, 1 variables, col_G=4)
2026-08-15 18:46:16,791 [INFO] ✅ Generado: PLANTILLA_000000149113_Marinero_Creepy_3.csv (3 filas, 0 variables, col_G=3)
2026-08-15 18:46:16,794 [INFO] ✅ Generado: PLANTILLA_000000030131_Creepyboobu_3.csv (4 filas, 1 variables, col_G=4)
2026-08-15 18:46:16,795 [INFO] ✅ Generado: PLANTILLA_000000030151_Mothman_3.csv (5 filas, 2 variables, col_G=5)
2026-08-15 18:46:16,797 [INFO] ✅ Generado: PLANTILLA_000000030114_Creepy_Peter_3.csv (3 filas, 0 variables, col_G=3)
2026-08-15 18:46:16,799 [INFO] ✅ Generado: PLANTILLA_000000030174_Crazy_Auguste_3.csv (4 filas, 1 variables, col_G=4)
2026-08-15 18:46:16,801 [INFO] ✅ Generado: PLANTILLA_000000030176_Brickie_zombie_3.csv (3 filas, 0 variables, col_G=3)
2026-08-15 18:46:16,802 [INFO] ✅ Generado: PLANTILLA_000000030175_Killer_Identity_3.csv (3 filas, 0 variables, col_G=3)
2026-08-15 18:46:16,804 [INFO] ✅ Generado: PLANTILLA_000000030171_J_the_Slayer_3.csv (5 filas, 2 variables, col_G=5)
2026-08-15 18:46:16,808 [INFO] ✅ Generado: PLANTILLA_000000071542_Fleshless_mouth_3.csv (5 filas, 2 variables, col_G=5)
2026-08-15 18:46:16,810 [INFO] ✅ Generado: PLANTILLA_000000030177_Zombie_pilot_3.csv (4 filas, 1 variables, col_G=4)
2026-08-15 18:46:16,812 [INFO] ✅ Generado: PLANTILLA_000000030133_Chopper_Rider_3.csv (3 filas, 0 variables, col_G=3)
2026-08-15 18:46:16,814 [INFO] ✅ Generado: PLANTILLA_000000030178_The_lord_3.csv (3 filas, 0 variables, col_G=3)
2026-08-15 18:46:16,816 [INFO] ✅ Generado: PLANTILLA_000000030162_Big_Horns_Skull_3.csv (5 filas, 2 variables, col_G=5)
2026-08-15 18:46:16,818 [INFO] ✅ Generado: PLANTILLA_000000030161_Big_Horns_Skull_Neon_3.csv (6 filas, 3 variables, col_G=6)
2026-08-15 18:46:16,820 [INFO] ✅ Generado: PLANTILLA_000000030132_Patrol_Skull_3.csv (3 filas, 0 variables, col_G=3)
2026-08-15 18:46:16,824 [INFO] ✅ Generado: PLANTILLA_000000030160_Big_Horns_Devil_3.csv (5 filas, 2 variables, col_G=5)
2026-08-15 18:46:16,826 [INFO] ✅ Generado: PLANTILLA_000000030164_Malebranche_3.csv (4 filas, 1 variables, col_G=4)
2026-08-15 18:46:16,828 [INFO] ✅ Generado: PLANTILLA_000000030123_Possessed_nun_3.csv (7 filas, 4 variables, col_G=7)
2026-08-15 18:46:16,830 [INFO] ✅ Generado: PLANTILLA_000000030163_Big_Horns_alien_3.csv (5 filas, 2 variables, col_G=5)
2026-08-15 18:46:16,831 [INFO] ✅ Generado: PLANTILLA_000000072201_Alien_Creepy_3.csv (3 filas, 0 variables, col_G=3)
2026-08-15 18:46:16,833 [INFO] ✅ Generado: PLANTILLA_000000030152_Morak_3.csv (3 filas, 0 variables, col_G=3)
2026-08-15 18:46:16,835 [INFO] ✅ Generado: PLANTILLA_000000030158_Blind_Warden_3.csv (3 filas, 0 variables, col_G=3)
2026-08-15 18:46:16,836 [INFO] ✅ Generado: PLANTILLA_000000030179_Frankorned_3.csv (3 filas, 0 variables, col_G=3)
2026-08-15 18:46:16,840 [INFO] ✅ Generado: PLANTILLA_000000030168_Gorth_3.csv (5 filas, 2 variables, col_G=5)
2026-08-15 18:46:16,843 [INFO] ✅ Generado: PLANTILLA_000000030112_Old_Troll_3.csv (3 filas, 0 variables, col_G=3)
2026-08-15 18:46:16,844 [INFO] ✅ Generado: PLANTILLA_000000030113_Funny_Troll_3.csv (3 filas, 0 variables, col_G=3)
2026-08-15 18:46:16,846 [INFO] ✅ Generado: PLANTILLA_000000030144_Creepy_Voodoo_Master_3.csv (4 filas, 1 variables, col_G=4)
2026-08-15 18:46:16,848 [INFO] ✅ Generado: PLANTILLA_000000030150_Anciente_Priest_3.csv (3 filas, 0 variables, col_G=3)
2026-08-15 18:46:16,850 [INFO] ✅ Generado: PLANTILLA_000000030172_Voodoo_victim_3.csv (3 filas, 0 variables, col_G=3)
2026-08-15 18:46:16,851 [INFO] ✅ Generado: PLANTILLA_000000030165_Horned_Sorceress_3.csv (4 filas, 1 variables, col_G=4)
2026-08-15 18:46:16,853 [INFO] ✅ Generado: PLANTILLA_000000071535_Agatha_3.csv (6 filas, 3 variables, col_G=6)
2026-08-15 18:46:16,856 [INFO] ✅ Generado: PLANTILLA_000000027990_Staffs__Witch_3.csv (5 filas, 2 variables, col_G=5)
2026-08-15 18:46:16,859 [INFO] ✅ Generado: PLANTILLA_000000071544_Scar_wolf_3.csv (3 filas, 0 variables, col_G=3)
2026-08-15 18:46:16,861 [INFO] ✅ Generado: PLANTILLA_000000030139_Sack_Creature_3.csv (5 filas, 2 variables, col_G=5)
2026-08-15 18:46:16,862 [INFO] ✅ Generado: PLANTILLA_000000030124_Mangy_rat_3.csv (5 filas, 2 variables, col_G=5)
2026-08-15 18:46:16,864 [INFO] ✅ Generado: PLANTILLA_000000030125_Rabid_boar_3.csv (4 filas, 1 variables, col_G=4)
2026-08-15 18:46:16,866 [INFO] ✅ Generado: PLANTILLA_000000030127_Zombie_Cat_3.csv (5 filas, 2 variables, col_G=5)
2026-08-15 18:46:16,867 [INFO] ✅ Generado: PLANTILLA_000000030129_Zombie_Capybara_3.csv (3 filas, 0 variables, col_G=3)
2026-08-15 18:46:16,869 [INFO] ✅ Generado: PLANTILLA_000000030119_Rotten_Panda_3.csv (5 filas, 2 variables, col_G=5)
2026-08-15 18:46:16,871 [INFO] ✅ Generado: PLANTILLA_000000030169_Apenstein_3.csv (5 filas, 2 variables, col_G=5)
2026-08-15 18:46:16,874 [INFO] ✅ Generado: PLANTILLA_000000030170_Groaner_3.csv (3 filas, 0 variables, col_G=3)
2026-08-15 18:46:16,876 [INFO] ✅ Generado: PLANTILLA_000000030154_Evil_Nutcracker_3.csv (4 filas, 1 variables, col_G=4)
2026-08-15 18:46:16,878 [INFO] ✅ Generado: PLANTILLA_000000030155_Creepy_Happy_3.csv (6 filas, 3 variables, col_G=6)
2026-08-15 18:46:16,879 [INFO] ✅ Generado: PLANTILLA_000000030156_Creepy_Sad_3.csv (6 filas, 3 variables, col_G=6)
2026-08-15 18:46:16,881 [INFO] ✅ Generado: PLANTILLA_000000027985_Little_Abyss_3.csv (7 filas, 4 variables, col_G=7)
2026-08-15 18:46:16,883 [INFO] ✅ Generado: PLANTILLA_000000027984_Little_Ember_3.csv (7 filas, 4 variables, col_G=7)
2026-08-15 18:46:16,885 [INFO] ✅ Generado: PLANTILLA_000000027983_Little_Goo_3.csv (7 filas, 4 variables, col_G=7)
2026-08-15 18:46:16,887 [INFO] ✅ Generado: PLANTILLA_000000027982_Little_Greyson_3.csv (6 filas, 3 variables, col_G=6)
2026-08-15 18:46:16,890 [INFO] ✅ Generado: PLANTILLA_000000027981_Little_Fang_3.csv (7 filas, 4 variables, col_G=7)
2026-08-15 18:46:16,893 [INFO] ✅ Generado: PLANTILLA_000000027986_Little_Rotty_3.csv (6 filas, 3 variables, col_G=6)
2026-08-15 18:46:16,895 [INFO] ✅ Generado: PLANTILLA_000000027978_James_busted_3.csv (5 filas, 2 variables, col_G=5)
2026-08-15 18:46:16,896 [INFO] ✅ Generado: PLANTILLA_000000027979_Helen_Busted_3.csv (5 filas, 2 variables, col_G=5)
2026-08-15 18:46:16,898 [INFO] ✅ Generado: PLANTILLA_000000027980_William_Busted_3.csv (5 filas, 2 variables, col_G=5)
2026-08-15 18:46:16,900 [INFO] ✅ Generado: PLANTILLA_000000331008_Bloody_Curtains_3.csv (3 filas, 0 variables, col_G=3)
2026-08-15 18:46:16,902 [INFO] ✅ Generado: PLANTILLA_000000027994_Effigy_3.csv (3 filas, 0 variables, col_G=3)
2026-08-15 18:46:16,903 [INFO] ✅ Generado: PLANTILLA_000000027995_Pharaoh_3.csv (3 filas, 0 variables, col_G=3)
2026-08-15 18:46:16,907 [INFO] ✅ Generado: PLANTILLA_000000027991_Carnivorous_plant_garden_decor_3.csv (6 filas, 3 variables, col_G=6)
2026-08-15 18:46:16,909 [INFO] ✅ Generado: PLANTILLA_000000027992_Gnome_garden_decor_3.csv (3 filas, 0 variables, col_G=3)
2026-08-15 18:46:16,910 [INFO] ✅ Generado: PLANTILLA_000000028212_Earth_Dragon_Puppet_3.csv (3 filas, 0 variables, col_G=3)
2026-08-15 18:46:16,912 [INFO] ✅ Generado: PLANTILLA_000000028213_Fire_Dragon_Puppet_3.csv (3 filas, 0 variables, col_G=3)
2026-08-15 18:46:16,914 [INFO] ✅ Generado: PLANTILLA_000000028211_Demon_Puppet_3.csv (3 filas, 0 variables, col_G=3)
2026-08-15 18:46:16,916 [INFO] ✅ Generado: PLANTILLA_000000028214_Goat_Puppet_3.csv (3 filas, 0 variables, col_G=3)
2026-08-15 18:46:16,918 [INFO] ✅ Generado: PLANTILLA_000000028210_Gargoyle_Puppet_3.csv (3 filas, 0 variables, col_G=3)
2026-08-15 18:46:16,920 [INFO] ✅ Generado: PLANTILLA_000000028215_Wacky_Clown_Puppet_3.csv (3 filas, 0 variables, col_G=3)
2026-08-15 18:46:16,923 [INFO] ✅ Generado: PLANTILLA_000000028122_Hobby_Zombie_Unicorn_Stick_3.csv (7 filas, 4 variables, col_G=7)
2026-08-15 18:46:16,926 [INFO] ✅ Generado: PLANTILLA_000000028123_Hobby_Zombie_Horse_Stick_3.csv (7 filas, 4 variables, col_G=7)
2026-08-15 18:46:16,928 [INFO] ✅ Generado: PLANTILLA_000000027976_Chocolate_Gigi_6.csv (5 filas, 2 variables, col_G=5)
2026-08-15 18:46:16,929 [INFO] ✅ Generado: PLANTILLA_000000027970_Blady_3.csv (5 filas, 2 variables, col_G=5)
2026-08-15 18:46:16,931 [INFO] ✅ Generado: PLANTILLA_000000027966_Possessed_Elf_3.csv (5 filas, 2 variables, col_G=5)
2026-08-15 18:46:16,933 [INFO] ✅ Generado: PLANTILLA_000000027967_Mini_Troll_3.csv (6 filas, 3 variables, col_G=6)
2026-08-15 18:46:16,935 [INFO] ✅ Generado: PLANTILLA_000000027974_Centipede_3.csv (5 filas, 2 variables, col_G=5)
2026-08-15 18:46:16,937 [INFO] ✅ Generado: PLANTILLA_000000027977_Fangsy_6.csv (5 filas, 2 variables, col_G=5)
2026-08-15 18:46:16,940 [INFO] ✅ Generado: PLANTILLA_000000027971_Punky_3.csv (5 filas, 2 variables, col_G=5)
2026-08-15 18:46:16,942 [INFO] ✅ Generado: PLANTILLA_000000027972_Lil´Horns_3.csv (5 filas, 2 variables, col_G=5)
2026-08-15 18:46:16,944 [INFO] ✅ Generado: PLANTILLA_000000027973_BoohBlue_3.csv (5 filas, 2 variables, col_G=5)
2026-08-15 18:46:16,945 [INFO] ✅ Generado: PLANTILLA_000000668651_Midsummer_Horror_Clown_3.csv (5 filas, 2 variables, col_G=5)
2026-08-15 18:46:16,948 [INFO] ✅ Generado: PLANTILLA_000000028120_Liging_Severed_Hand_3.csv (6 filas, 3 variables, col_G=6)
2026-08-15 18:46:16,950 [INFO] ✅ Generado: PLANTILLA_000000028121_Living_Severed_Hand_2_3.csv (6 filas, 3 variables, col_G=6)
2026-08-15 18:46:16,951 [INFO] ✅ Generado: PLANTILLA_000000084812_Serial_Killer_Apron_3.csv (7 filas, 4 variables, col_G=7)
2026-08-15 18:46:16,953 [INFO] ✅ Generado: PLANTILLA_000000084811_Forrest_Killer_Apron_3.csv (6 filas, 3 variables, col_G=6)
2026-08-15 18:46:16,957 [INFO] ✅ Generado: PLANTILLA_000000084810_Butcher_Killer_Apron_3.csv (7 filas, 4 variables, col_G=7)
2026-08-15 18:46:16,959 [INFO] ✅ Generado: PLANTILLA_000000084285_Lord_jester_3.csv (13 filas, 10 variables, col_G=13)
2026-08-15 18:46:16,961 [INFO] ✅ Generado: PLANTILLA_000000084286_Lord_jester_3.csv (14 filas, 11 variables, col_G=14)
2026-08-15 18:46:16,962 [INFO] ✅ Generado: PLANTILLA_000000084287_Lord_jester_3.csv (14 filas, 11 variables, col_G=14)
2026-08-15 18:46:16,964 [INFO] ✅ Generado: PLANTILLA_000000084280_Lady_Harlequin_3.csv (14 filas, 11 variables, col_G=14)
2026-08-15 18:46:16,966 [INFO] ✅ Generado: PLANTILLA_000000084281_Lady_Harlequin_3.csv (14 filas, 11 variables, col_G=14)
2026-08-15 18:46:16,968 [INFO] ✅ Generado: PLANTILLA_000000084282_Lady_Harlequin_3.csv (14 filas, 11 variables, col_G=14)
2026-08-15 18:46:16,970 [INFO] ✅ Generado: PLANTILLA_000000084295_Miss_Circus_Ringmaster_3.csv (13 filas, 10 variables, col_G=13)
2026-08-15 18:46:16,973 [INFO] ✅ Generado: PLANTILLA_000000084296_Miss_Circus_Ringmaster_3.csv (13 filas, 10 variables, col_G=13)
2026-08-15 18:46:16,975 [INFO] ✅ Generado: PLANTILLA_000000084297_Miss_Circus_Ringmaster_3.csv (13 filas, 10 variables, col_G=13)
2026-08-15 18:46:16,977 [INFO] ✅ Generado: PLANTILLA_000000084840_Spooky_Pumpkin_Scarecrow_3.csv (8 filas, 5 variables, col_G=8)
2026-08-15 18:46:16,979 [INFO] ✅ Generado: PLANTILLA_000000084841_Spooky_Pumpkin_Scarecrow_3.csv (8 filas, 5 variables, col_G=8)
2026-08-15 18:46:16,981 [INFO] ✅ Generado: PLANTILLA_000000084842_Spooky_Pumpkin_Scarecrow_3.csv (8 filas, 5 variables, col_G=8)
2026-08-15 18:46:16,983 [INFO] ✅ Generado: PLANTILLA_000000084835_Mont´s_Glowing_Clown_3.csv (13 filas, 10 variables, col_G=13)
2026-08-15 18:46:16,984 [INFO] ✅ Generado: PLANTILLA_000000084836_Mont´s_Glowing_Clown_3.csv (13 filas, 10 variables, col_G=13)
2026-08-15 18:46:16,986 [INFO] ✅ Generado: PLANTILLA_000000084837_Mont´s_Glowing_Clown_3.csv (13 filas, 10 variables, col_G=13)
2026-08-15 18:46:16,989 [INFO] ✅ Generado: PLANTILLA_000000084826_Kramper_Cape_3.csv (13 filas, 10 variables, col_G=13)
2026-08-15 18:46:16,992 [INFO] ✅ Generado: PLANTILLA_000000084822_Christmas_Grumpy_Monster_3.csv (15 filas, 12 variables, col_G=15)
2026-08-15 18:46:16,993 [INFO] ✅ Generado: PLANTILLA_000000084855_Grumpy_Monster_3.csv (11 filas, 8 variables, col_G=11)
2026-08-15 18:46:16,995 [INFO] ✅ Generado: PLANTILLA_000000084825_Sasquatch_Costume_3.csv (11 filas, 8 variables, col_G=11)
2026-08-15 18:46:16,997 [INFO] ✅ Generado: PLANTILLA_000000027898_Rotten_Sandwich_3.csv (3 filas, 0 variables, col_G=3)
2026-08-15 18:46:16,999 [INFO] ✅ Generado: PLANTILLA_000000027895_Disgusting_Hot_Dog_3.csv (3 filas, 0 variables, col_G=3)
2026-08-15 18:46:17,000 [INFO] ✅ Generado: PLANTILLA_000000027916_Nasty_Chinese_Food_3.csv (3 filas, 0 variables, col_G=3)
2026-08-15 18:46:17,002 [INFO] ✅ Generado: PLANTILLA_000000030149_Fiery_clown_7.csv (3 filas, 0 variables, col_G=3)
2026-08-15 18:46:17,005 [INFO] ✅ Generado: PLANTILLA_000000030138_Burger´s_Clown_7.csv (4 filas, 1 variables, col_G=4)
2026-08-15 18:46:17,008 [INFO] ✅ Generado: PLANTILLA_000000149113__Marinero_Creepy_3.csv (3 filas, 0 variables, col_G=3)
2026-08-15 18:46:17,010 [INFO] ✅ Generado: PLANTILLA_000000027976_Chocolate_Gigi_7.csv (5 filas, 2 variables, col_G=5)
2026-08-15 18:46:17,012 [INFO] ✅ Generado: PLANTILLA_000000027977_Fangsy_7.csv (5 filas, 2 variables, col_G=5)
2026-08-15 18:46:17,013 [INFO] ✅ Generado: PLANTILLA_000000030101_Jester_Clown_3.csv (6 filas, 3 variables, col_G=6)
2026-08-15 18:46:17,015 [INFO] ✅ Generado: PLANTILLA_000000030103_Clown_Smiles_3.csv (6 filas, 3 variables, col_G=6)
2026-08-15 18:46:17,017 [INFO] ✅ Generado: PLANTILLA_000000030141_Eyeball_Mask_3.csv (4 filas, 1 variables, col_G=4)
2026-08-15 18:46:17,018 [INFO] ✅ Generado: PLANTILLA_000000030135_Bram_3.csv (3 filas, 0 variables, col_G=3)
2026-08-15 18:46:17,020 [INFO] ✅ Generado: PLANTILLA_000000030136_Lilith_3.csv (5 filas, 2 variables, col_G=5)
2026-08-15 18:46:17,023 [INFO] ✅ Generado: PLANTILLA_000000030157_Ghoulish_Man_3.csv (4 filas, 1 variables, col_G=4)
2026-08-15 18:46:17,025 [INFO] ✅ Generado: PLANTILLA_000000030023_Possessed_samurai_3.csv (4 filas, 1 variables, col_G=4)
2026-08-15 18:46:17,027 [INFO] ✅ Generado: PLANTILLA_000000072202_Alien_Monster_3.csv (3 filas, 0 variables, col_G=3)
2026-08-15 18:46:17,028 [INFO] ✅ Generado: PLANTILLA_000000030009_Cosmic_king_3.csv (3 filas, 0 variables, col_G=3)
2026-08-15 18:46:17,030 [INFO] ✅ Generado: PLANTILLA_000000030128_Zombie_Pug_3.csv (3 filas, 0 variables, col_G=3)
2026-08-15 18:46:17,031 [INFO] ✅ Generado: PLANTILLA_000000027975_Sugar_Kiky_3.csv (5 filas, 2 variables, col_G=5)
2026-08-15 18:46:17,033 [INFO] ✅ Generado: PLANTILLA_000000027968_Nightshade_3.csv (5 filas, 2 variables, col_G=5)
2026-08-15 18:46:17,035 [INFO] ✅ Generado: PLANTILLA_000000027969_Snowbelle_3.csv (5 filas, 2 variables, col_G=5)
2026-08-15 18:46:17,036 [INFO] ✅ Generado: PLANTILLA_000000025838_Alien_Flesh_3.csv (4 filas, 1 variables, col_G=4)
2026-08-15 18:46:17,040 [INFO] ✅ Generado: PLANTILLA_000000030130_Sir_Thomas_3.csv (3 filas, 0 variables, col_G=3)
2026-08-15 18:46:17,042 [INFO] ✅ Generado: PLANTILLA_000000027993_Staffs__Witch_Green_3.csv (5 filas, 2 variables, col_G=5)
2026-08-15 18:46:17,045 [INFO] ✅ Generado: PLANTILLA_000000027797_Waxed_skull_3.csv (3 filas, 0 variables, col_G=3)
2026-08-15 18:46:17,046 [INFO] ✅ Generado: PLANTILLA_000200350005__Cthulu_Mug_3.csv (3 filas, 0 variables, col_G=3)
2026-08-15 18:46:17,048 [INFO] ✅ Generado: PLANTILLA_000200350007__Alien_Mug_3.csv (3 filas, 0 variables, col_G=3)
2026-08-15 18:46:17,050 [INFO] ✅ Generado: PLANTILLA_000200350003__Franky_Mug_3.csv (3 filas, 0 variables, col_G=3)
2026-08-15 18:46:17,051 [INFO] ✅ Generado: PLANTILLA_0000000335101_Skull_Wall_Panels_3.csv (3 filas, 0 variables, col_G=3)
2026-08-15 18:46:17,054 [INFO] ✅ Generado: PLANTILLA_000000027902_Pale_skin_bag_3.csv (4 filas, 1 variables, col_G=4)
2026-08-15 18:46:17,058 [INFO] ✅ Generado: PLANTILLA_000000027936_Finger_Keychain_3.csv (5 filas, 2 variables, col_G=5)
2026-08-15 18:46:17,059 [INFO] ✅ Generado: PLANTILLA_000000027937_Tongue_Keychain_3.csv (5 filas, 2 variables, col_G=5)
2026-08-15 18:46:17,061 [INFO] ✅ Generado: PLANTILLA_000000027938_Eye_Keychain_3.csv (5 filas, 2 variables, col_G=5)
2026-08-15 18:46:17,063 [INFO] ✅ Generado: PLANTILLA_000000027935_Nose_Keychain_3.csv (5 filas, 2 variables, col_G=5)
2026-08-15 18:46:17,065 [INFO] ✅ Generado: PLANTILLA_000000027939_Ear_Keychain_3.csv (5 filas, 2 variables, col_G=5)
2026-08-15 18:46:17,066 [INFO] ✅ Generado: PLANTILLA_000000029011_Yeti_Mega_Costume_3.csv (10 filas, 7 variables, col_G=10)
2026-08-15 18:46:17,067 [INFO] 
📊 Resumen final:
2026-08-15 18:46:17,067 [INFO]    ✅ Plantillas generadas: 187
2026-08-15 18:46:17,067 [INFO]    ⏭️ Omitidas (sin precio): 0
2026-08-15 18:46:17,067 [INFO]    ❌ Errores (inconsistencia de filas): 0
2026-08-15 18:46:17,068 [INFO]    📁 Carpeta: 'C:\Users\Dany\Desktop\Proyecto\output'
2026-08-15 18:46:17,068 [WARNING] ⚠️ Modelo duplicado detectado: 000000030149 Fiery clown - se elimina la segunda ocurrencia.
2026-08-15 18:46:17,068 [WARNING] ⚠️ Modelo duplicado detectado: 000000030138 Burger´s Clown - se elimina la segunda ocurrencia.
2026-08-15 18:46:17,069 [WARNING] ⚠️ Modelo duplicado detectado: 000000027976 Chocolate Gigi - se elimina la segunda ocurrencia.
2026-08-15 18:46:17,069 [WARNING] ⚠️ Modelo duplicado detectado: 000000027977 Fangsy - se elimina la segunda ocurrencia.
2026-08-15 18:46:17,069 [INFO] 🧹 Desduplicación: 187 → 183 modelos únicos.
2026-08-15 18:46:17,069 [INFO] 📦 183 modelos listos para el bot.
2026-08-15 18:46:17,070 [INFO] 📦 183 modelos pendientes de 183 totales.
2026-08-15 18:47:41,358 [WARNING] There was an error managing chromedriver (error sending request for url (https://googlechromelabs.github.io/chrome-for-testing/known-good-versions-with-downloads.json)); using driver found in the cache
2026-08-15 18:47:42,543 [INFO] ✅ WebDriver inicializado.
2026-08-15 18:47:42,544 [INFO] 🌐 Navegando a la página de login de VUCEM...
2026-08-15 18:48:12,892 [INFO] ✅ Login verificado.
2026-08-15 18:48:12,892 [INFO] 🧭 Iniciando navegación real al formulario...
2026-08-15 18:48:14,399 [INFO] ✅ Click en 'Solicitudes nuevas'
2026-08-15 18:48:15,422 [INFO] ✅ Click en Secretaría de Economía
2026-08-15 18:48:21,511 [INFO] ✅ Click en trámite 110101 con selector: ('xpath', "//a[contains(@onclick,'110101')]")
2026-08-15 18:48:22,011 [INFO] ✅ Pestaña 'Tratados'
2026-08-15 18:48:22,301 [INFO] ✅ Unión Europea seleccionada
2026-08-15 18:48:22,609 [INFO] ✅ TLCUEM seleccionado
2026-08-15 18:48:22,701 [INFO] ✅ Criterio B seleccionado
2026-08-15 18:48:22,795 [INFO] ✅ Tratado agregado
2026-08-15 18:48:23,963 [INFO] ✅ Pestaña 'Datos de la mercancía'
2026-08-15 18:48:23,978 [INFO] ✅ Navegación completada. Formulario listo.
2026-08-15 18:48:40,029 [INFO] 📤 Procesando modelo 000000030100 Toothy Clown
2026-08-15 18:48:40,030 [INFO] Esperando campo 'Nombre comercial'...
2026-08-15 18:48:53,065 [INFO] ✅ Texto leído: '000000030100 Toothy Clown'
2026-08-15 18:48:53,273 [INFO] ✅ Excel: Fracción=95059099, Precio=29.9, Insumos=3
2026-08-15 18:48:53,463 [INFO] 🔍 Usando código del Excel: 000000030100 Toothy Clown
2026-08-15 18:48:54,518 [INFO] 🔍 Buscando archivo para: '000000030100 Toothy Clown' (normalizado: '000000030100_Toothy_Clown')
2026-08-15 18:48:54,518 [INFO]    📁 Carpeta: C:\Users\Dany\Desktop\Proyecto\output
2026-08-15 18:48:54,535 [INFO] ✅ Archivo CSV encontrado: PLANTILLA_000000030100_Toothy_Clown.csv
2026-08-15 18:48:54,550 [INFO] 📊 El archivo tiene 6 filas. Se esperaban 3.
2026-08-15 18:48:54,550 [WARNING] ⚠️ ADVERTENCIA: El número de insumos no coincide. Se subirá igual.
2026-08-15 18:48:54,569 [INFO] ✅ Archivo seleccionado en el campo.
2026-08-15 18:48:55,616 [INFO] ✅ Click en 'Enviar' realizado. Esperando procesamiento...
2026-08-15 18:49:00,646 [INFO] ✅ Modal de carga cerrado.
2026-08-15 18:51:30,206 [INFO] 🛑 Interrupción por usuario. Estado guardado.
2026-08-15 18:51:30,211 [WARNING] Retrying (Retry(total=2, connect=None, read=None, redirect=None, status=None)) after connection broken by 'ConnectionResetError(10054, 'Se ha forzado la interrupción de una conexión existente por el host remoto', None, 10054, None)': /session/8257a2380390a89593fa3a1079e36868
2026-08-15 18:51:34,275 [WARNING] Retrying (Retry(total=1, connect=None, read=None, redirect=None, status=None)) after connection broken by 'NewConnectionError("HTTPConnection(host='localhost', port=50240): Failed to establish a new connection: [WinError 10061] No se puede establecer una conexión ya que el equipo de destino denegó expresamente dicha conexión")': /session/8257a2380390a89593fa3a1079e36868
2026-08-15 18:51:38,353 [WARNING] Retrying (Retry(total=0, connect=None, read=None, redirect=None, status=None)) after connection broken by 'NewConnectionError("HTTPConnection(host='localhost', port=50240): Failed to establish a new connection: [WinError 10061] No se puede establecer una conexión ya que el equipo de destino denegó expresamente dicha conexión")': /session/8257a2380390a89593fa3a1079e36868
2026-08-15 18:51:42,413 [INFO] 🛑 Browser cerrado.
2026-08-15 18:51:42,540 [INFO] 📄 Reporte HTML generado: C:\Users\Dany\Desktop\Proyecto\logs\reporte_20260815.html
2026-08-15 18:51:42,540 [INFO] ============================================================
2026-08-15 18:51:42,540 [INFO] 🏁 Procesamiento finalizado.
2026-08-15 18:51:42,541 [INFO] 📊 Resumen de esta sesión:
2026-08-15 18:51:42,541 [INFO]    ✅ Procesados en esta sesión: 0
2026-08-15 18:51:42,542 [INFO]    ❌ Fallos en esta sesión: 0
2026-08-15 18:51:42,542 [INFO] 📊 Acumulado total:
2026-08-15 18:51:42,542 [INFO]    ✅ Total procesados: 0
2026-08-15 18:51:42,542 [INFO]    ❌ Total fallidos: 0
2026-08-15 18:51:42,543 [INFO] ============================================================
2026-08-15 18:54:22,076 [INFO] 🚀 Iniciando sistema automatizado de comercio exterior - VUCEM
2026-08-15 18:54:22,077 [INFO] Cargando proveedores desde BOM...
2026-08-15 18:54:22,986 [INFO] ✅ 3588 proveedores cargados.
2026-08-15 18:54:22,986 [INFO] Cargando insumos por modelo desde BOM (solo categorías al INICIO)...
2026-08-15 18:54:25,774 [INFO] ✅ 1614 modelos con insumos cargados.
2026-08-15 18:54:25,774 [INFO] Procesando archivo maestro (hoja '2026')...
2026-08-15 18:54:25,859 [INFO] ✅ Generado: PLANTILLA_000000024505_Assault_mask_4.csv (3 filas, 0 variables esperadas, col_G=3)
2026-08-15 18:54:25,859 [WARNING] ⚠️ 000000021292 Hockey Killer: se truncaron 2 insumos sobrantes.
2026-08-15 18:54:25,861 [INFO] ✅ Generado: PLANTILLA_000000021292_Hockey_Killer_4.csv (3 filas, 0 variables esperadas, col_G=3)
2026-08-15 18:54:25,864 [INFO] ✅ Generado: PLANTILLA_000000022131_Apocalyptic_Mask_4.csv (3 filas, 0 variables esperadas, col_G=3)
2026-08-15 18:54:25,866 [INFO] ✅ Generado: PLANTILLA_000000021179_Brown_wolf_4.csv (3 filas, 0 variables esperadas, col_G=3)
2026-08-15 18:54:25,866 [WARNING] ⚠️ 000000021229 Brown Dr. Peste: se truncaron 2 insumos sobrantes.
2026-08-15 18:54:25,868 [INFO] ✅ Generado: PLANTILLA_000000021229_Brown_Dr._Peste_4.csv (3 filas, 0 variables esperadas, col_G=3)
2026-08-15 18:54:25,869 [WARNING] ⚠️ 000000021225 Crania face: se truncaron 2 insumos sobrantes.
2026-08-15 18:54:25,870 [INFO] ✅ Generado: PLANTILLA_000000021225_Crania_face_4.csv (3 filas, 0 variables esperadas, col_G=3)
2026-08-15 18:54:25,872 [INFO] ✅ Generado: PLANTILLA_000000021107_Jacko_4.csv (3 filas, 0 variables esperadas, col_G=3)
2026-08-15 18:54:25,872 [WARNING] ⚠️ 000000050122 Akasha: se truncaron 1 insumos sobrantes.
2026-08-15 18:54:25,874 [INFO] ✅ Generado: PLANTILLA_000000050122_Akasha_4.csv (3 filas, 0 variables esperadas, col_G=3)
2026-08-15 18:54:25,875 [INFO] ✅ Generado: PLANTILLA_000000050116_Alucard_4.csv (3 filas, 0 variables esperadas, col_G=3)
2026-08-15 18:54:25,877 [INFO] ✅ Generado: PLANTILLA_000000050118_Mr._Bones_Tan_4.csv (3 filas, 0 variables esperadas, col_G=3)
2026-08-15 18:54:25,878 [INFO] ✅ Generado: PLANTILLA_000000050117_Mr._Bones_4.csv (3 filas, 0 variables esperadas, col_G=3)
2026-08-15 18:54:25,879 [WARNING] ⚠️ 000000050120 Daffy: se truncaron 1 insumos sobrantes.
2026-08-15 18:54:25,893 [INFO] ✅ Generado: PLANTILLA_000000050120_Daffy_4.csv (3 filas, 0 variables esperadas, col_G=3)
2026-08-15 18:54:25,894 [WARNING] ⚠️ 000000050119 Soggy: se truncaron 2 insumos sobrantes.
2026-08-15 18:54:25,897 [INFO] ✅ Generado: PLANTILLA_000000050119_Soggy_4.csv (3 filas, 0 variables esperadas, col_G=3)
2026-08-15 18:54:25,902 [INFO] ✅ Generado: PLANTILLA_000000050121_Baba_Yaga_4.csv (3 filas, 0 variables esperadas, col_G=3)
2026-08-15 18:54:25,903 [WARNING] ⚠️ 000000350063 "Rolan" Street clown: se truncaron 2 insumos sobrantes.
2026-08-15 18:54:25,904 [INFO] ✅ Generado: PLANTILLA_000000350063__Rolan__Street_clown_4.csv (3 filas, 0 variables esperadas, col_G=3)
2026-08-15 18:54:25,904 [WARNING] ⚠️ 000000350064 Psychopathic Clown: se truncaron 4 insumos sobrantes.
2026-08-15 18:54:25,907 [INFO] ✅ Generado: PLANTILLA_000000350064_Psychopathic_Clown_4.csv (3 filas, 0 variables esperadas, col_G=3)
2026-08-15 18:54:25,907 [WARNING] ⚠️ 000000350065 Rusty the Clown: se truncaron 5 insumos sobrantes.
2026-08-15 18:54:25,909 [INFO] ✅ Generado: PLANTILLA_000000350065_Rusty_the_Clown_4.csv (3 filas, 0 variables esperadas, col_G=3)
2026-08-15 18:54:25,909 [WARNING] ⚠️ 000000350061 Narmoga: se truncaron 3 insumos sobrantes.
2026-08-15 18:54:25,910 [INFO] ✅ Generado: PLANTILLA_000000350061_Narmoga_4.csv (3 filas, 0 variables esperadas, col_G=3)
2026-08-15 18:54:25,911 [WARNING] ⚠️ 000000350062 Agnha: se truncaron 4 insumos sobrantes.
2026-08-15 18:54:25,913 [INFO] ✅ Generado: PLANTILLA_000000350062_Agnha_4.csv (3 filas, 0 variables esperadas, col_G=3)
2026-08-15 18:54:25,914 [WARNING] ⚠️ 000000350060 Nightstalker: se truncaron 1 insumos sobrantes.
2026-08-15 18:54:25,917 [INFO] ✅ Generado: PLANTILLA_000000350060_Nightstalker_4.csv (3 filas, 0 variables esperadas, col_G=3)
2026-08-15 18:54:25,917 [WARNING] ⚠️ 000000350059 Death Walker: se truncaron 1 insumos sobrantes.
2026-08-15 18:54:25,919 [INFO] ✅ Generado: PLANTILLA_000000350059_Death_Walker_4.csv (3 filas, 0 variables esperadas, col_G=3)
2026-08-15 18:54:25,920 [INFO] ✅ Generado: PLANTILLA_000000030110_Night_Terror_4.csv (3 filas, 0 variables esperadas, col_G=3)
2026-08-15 18:54:25,920 [WARNING] ⚠️ 000000030111 Transplanted: se truncaron 1 insumos sobrantes.
2026-08-15 18:54:25,922 [INFO] ✅ Generado: PLANTILLA_000000030111_Transplanted_4.csv (3 filas, 0 variables esperadas, col_G=3)
2026-08-15 18:54:25,924 [INFO] ✅ Generado: PLANTILLA_000000030109_Splitting_Headache_4.csv (3 filas, 0 variables esperadas, col_G=3)
2026-08-15 18:54:25,926 [INFO] ✅ Generado: PLANTILLA_000000030181_Camazotz_4.csv (3 filas, 0 variables esperadas, col_G=3)
2026-08-15 18:54:25,926 [WARNING] ⚠️ 000000030182 Silent Death: se truncaron 1 insumos sobrantes.
2026-08-15 18:54:25,927 [INFO] ✅ Generado: PLANTILLA_000000030182_Silent_Death_4.csv (3 filas, 0 variables esperadas, col_G=3)
2026-08-15 18:54:25,930 [INFO] ✅ Generado: PLANTILLA_000000030180_Demon_Vampire_4.csv (3 filas, 0 variables esperadas, col_G=3)
2026-08-15 18:54:25,933 [INFO] ✅ Generado: PLANTILLA_000000030173_Pagliacci_4.csv (3 filas, 0 variables esperadas, col_G=3)
2026-08-15 18:54:25,935 [INFO] ✅ Generado: PLANTILLA_000000030116_Dusty_clown_4.csv (3 filas, 0 variables esperadas, col_G=3)
2026-08-15 18:54:25,935 [WARNING] ⚠️ 000000030166 Hellbell clown: se truncaron 3 insumos sobrantes.
2026-08-15 18:54:25,937 [INFO] ✅ Generado: PLANTILLA_000000030166_Hellbell_clown_4.csv (3 filas, 0 variables esperadas, col_G=3)
2026-08-15 18:54:25,939 [INFO] ✅ Generado: PLANTILLA_000000030149_Fiery_clown_8.csv (3 filas, 0 variables esperadas, col_G=3)
2026-08-15 18:54:25,939 [WARNING] ⚠️ 000000030142 Sadistic clown: se truncaron 2 insumos sobrantes.
2026-08-15 18:54:25,941 [INFO] ✅ Generado: PLANTILLA_000000030142_Sadistic_clown_4.csv (3 filas, 0 variables esperadas, col_G=3)
2026-08-15 18:54:25,942 [WARNING] ⚠️ 000000030100 Toothy Clown: se truncaron 3 insumos sobrantes.
2026-08-15 18:54:25,943 [INFO] ✅ Generado: PLANTILLA_000000030100_Toothy_Clown_4.csv (3 filas, 0 variables esperadas, col_G=3)
2026-08-15 18:54:25,943 [WARNING] ⚠️ 000000030102 Creppy Clown smile: se truncaron 2 insumos sobrantes.
2026-08-15 18:54:25,945 [INFO] ✅ Generado: PLANTILLA_000000030102_Creppy_Clown_smile_4.csv (3 filas, 0 variables esperadas, col_G=3)
2026-08-15 18:54:25,948 [INFO] ✅ Generado: PLANTILLA_000000030115_Fiendish_clown_4.csv (3 filas, 0 variables esperadas, col_G=3)
2026-08-15 18:54:25,948 [WARNING] ⚠️ 000000030117 Jezebel: se truncaron 2 insumos sobrantes.
2026-08-15 18:54:25,951 [INFO] ✅ Generado: PLANTILLA_000000030117_Jezebel_4.csv (3 filas, 0 variables esperadas, col_G=3)
2026-08-15 18:54:25,951 [WARNING] ⚠️ 000000030118 Porky the clown: se truncaron 5 insumos sobrantes.
2026-08-15 18:54:25,953 [INFO] ✅ Generado: PLANTILLA_000000030118_Porky_the_clown_4.csv (3 filas, 0 variables esperadas, col_G=3)
2026-08-15 18:54:25,953 [WARNING] ⚠️ 000000030138 Burger´s Clown: se truncaron 1 insumos sobrantes.
2026-08-15 18:54:25,955 [INFO] ✅ Generado: PLANTILLA_000000030138_Burger´s_Clown_8.csv (3 filas, 0 variables esperadas, col_G=3)
2026-08-15 18:54:25,955 [WARNING] ⚠️ 000000030143 Zippy: se truncaron 1 insumos sobrantes.
2026-08-15 18:54:25,956 [INFO] ✅ Generado: PLANTILLA_000000030143_Zippy_4.csv (3 filas, 0 variables esperadas, col_G=3)
2026-08-15 18:54:25,957 [WARNING] ⚠️ 000000030122 Amuck: se truncaron 1 insumos sobrantes.
2026-08-15 18:54:25,959 [INFO] ✅ Generado: PLANTILLA_000000030122_Amuck_4.csv (3 filas, 0 variables esperadas, col_G=3)
2026-08-15 18:54:25,961 [INFO] ✅ Generado: PLANTILLA_000000030159_Upside_Grin_Clown_4.csv (3 filas, 0 variables esperadas, col_G=3)
2026-08-15 18:54:25,961 [WARNING] ⚠️ 000000030137 Thug Clown: se truncaron 1 insumos sobrantes.
2026-08-15 18:54:25,963 [INFO] ✅ Generado: PLANTILLA_000000030137_Thug_Clown_4.csv (3 filas, 0 variables esperadas, col_G=3)
2026-08-15 18:54:25,964 [WARNING] ⚠️ 000000030120 Crispy: se truncaron 3 insumos sobrantes.
2026-08-15 18:54:25,966 [INFO] ✅ Generado: PLANTILLA_000000030120_Crispy_4.csv (3 filas, 0 variables esperadas, col_G=3)
2026-08-15 18:54:25,968 [INFO] ✅ Generado: PLANTILLA_000000030134_Mad_Clown_Biker_4.csv (3 filas, 0 variables esperadas, col_G=3)
2026-08-15 18:54:25,970 [INFO] ✅ Generado: PLANTILLA_000000030167_Spawlown_4.csv (3 filas, 0 variables esperadas, col_G=3)
2026-08-15 18:54:25,971 [WARNING] ⚠️ 000000030121 Bumpy: se truncaron 1 insumos sobrantes.
2026-08-15 18:54:25,972 [INFO] ✅ Generado: PLANTILLA_000000030121_Bumpy_4.csv (3 filas, 0 variables esperadas, col_G=3)
2026-08-15 18:54:25,973 [WARNING] ⚠️ 000000030153 Igor: se truncaron 1 insumos sobrantes.
2026-08-15 18:54:25,974 [INFO] ✅ Generado: PLANTILLA_000000030153_Igor_4.csv (3 filas, 0 variables esperadas, col_G=3)
2026-08-15 18:54:25,974 [WARNING] ⚠️ 000000030145 Creepy T.W.: se truncaron 1 insumos sobrantes.
2026-08-15 18:54:25,976 [INFO] ✅ Generado: PLANTILLA_000000030145_Creepy_T.W._4.csv (3 filas, 0 variables esperadas, col_G=3)
2026-08-15 18:54:25,976 [WARNING] ⚠️ 000000030148 Creepy P.: se truncaron 1 insumos sobrantes.
2026-08-15 18:54:25,978 [INFO] ✅ Generado: PLANTILLA_000000030148_Creepy_P._4.csv (3 filas, 0 variables esperadas, col_G=3)
2026-08-15 18:54:25,978 [WARNING] ⚠️ 000000030146 Creepy D.: se truncaron 1 insumos sobrantes.
2026-08-15 18:54:25,981 [INFO] ✅ Generado: PLANTILLA_000000030146_Creepy_D._4.csv (3 filas, 0 variables esperadas, col_G=3)
2026-08-15 18:54:25,982 [WARNING] ⚠️ 000000030147 Creepy L.L.: se truncaron 1 insumos sobrantes.
2026-08-15 18:54:25,984 [INFO] ✅ Generado: PLANTILLA_000000030147_Creepy_L.L._4.csv (3 filas, 0 variables esperadas, col_G=3)
2026-08-15 18:54:25,986 [INFO] ✅ Generado: PLANTILLA_000000149113_Marinero_Creepy_4.csv (3 filas, 0 variables esperadas, col_G=3)
2026-08-15 18:54:25,986 [WARNING] ⚠️ 000000030131 Creepyboobu: se truncaron 1 insumos sobrantes.
2026-08-15 18:54:25,988 [INFO] ✅ Generado: PLANTILLA_000000030131_Creepyboobu_4.csv (3 filas, 0 variables esperadas, col_G=3)
2026-08-15 18:54:25,988 [WARNING] ⚠️ 000000030151 Mothman: se truncaron 2 insumos sobrantes.
2026-08-15 18:54:25,990 [INFO] ✅ Generado: PLANTILLA_000000030151_Mothman_4.csv (3 filas, 0 variables esperadas, col_G=3)
2026-08-15 18:54:25,991 [INFO] ✅ Generado: PLANTILLA_000000030114_Creepy_Peter_4.csv (3 filas, 0 variables esperadas, col_G=3)
2026-08-15 18:54:25,992 [WARNING] ⚠️ 000000030174 Crazy Auguste: se truncaron 1 insumos sobrantes.
2026-08-15 18:54:25,994 [INFO] ✅ Generado: PLANTILLA_000000030174_Crazy_Auguste_4.csv (3 filas, 0 variables esperadas, col_G=3)
2026-08-15 18:54:25,996 [INFO] ✅ Generado: PLANTILLA_000000030176_Brickie_zombie_4.csv (3 filas, 0 variables esperadas, col_G=3)
2026-08-15 18:54:25,999 [INFO] ✅ Generado: PLANTILLA_000000030175_Killer_Identity_4.csv (3 filas, 0 variables esperadas, col_G=3)
2026-08-15 18:54:25,999 [WARNING] ⚠️ 000000030171 J the Slayer: se truncaron 2 insumos sobrantes.
2026-08-15 18:54:26,001 [INFO] ✅ Generado: PLANTILLA_000000030171_J_the_Slayer_4.csv (3 filas, 0 variables esperadas, col_G=3)
2026-08-15 18:54:26,001 [WARNING] ⚠️ 000000071542 Fleshless mouth: se truncaron 2 insumos sobrantes.
2026-08-15 18:54:26,003 [INFO] ✅ Generado: PLANTILLA_000000071542_Fleshless_mouth_4.csv (3 filas, 0 variables esperadas, col_G=3)
2026-08-15 18:54:26,004 [WARNING] ⚠️ 000000030177 Zombie pilot: se truncaron 1 insumos sobrantes.
2026-08-15 18:54:26,005 [INFO] ✅ Generado: PLANTILLA_000000030177_Zombie_pilot_4.csv (3 filas, 0 variables esperadas, col_G=3)
2026-08-15 18:54:26,007 [INFO] ✅ Generado: PLANTILLA_000000030133_Chopper_Rider_4.csv (3 filas, 0 variables esperadas, col_G=3)
2026-08-15 18:54:26,009 [INFO] ✅ Generado: PLANTILLA_000000030178_The_lord_4.csv (3 filas, 0 variables esperadas, col_G=3)
2026-08-15 18:54:26,009 [WARNING] ⚠️ 000000030162 Big Horns Skull: se truncaron 2 insumos sobrantes.
2026-08-15 18:54:26,011 [INFO] ✅ Generado: PLANTILLA_000000030162_Big_Horns_Skull_4.csv (3 filas, 0 variables esperadas, col_G=3)
2026-08-15 18:54:26,011 [WARNING] ⚠️ 000000030161 Big Horns Skull Neon: se truncaron 3 insumos sobrantes.
2026-08-15 18:54:26,013 [INFO] ✅ Generado: PLANTILLA_000000030161_Big_Horns_Skull_Neon_4.csv (3 filas, 0 variables esperadas, col_G=3)
2026-08-15 18:54:26,016 [INFO] ✅ Generado: PLANTILLA_000000030132_Patrol_Skull_4.csv (3 filas, 0 variables esperadas, col_G=3)
2026-08-15 18:54:26,017 [WARNING] ⚠️ 000000030160 Big Horns Devil: se truncaron 2 insumos sobrantes.
2026-08-15 18:54:26,018 [INFO] ✅ Generado: PLANTILLA_000000030160_Big_Horns_Devil_4.csv (3 filas, 0 variables esperadas, col_G=3)
2026-08-15 18:54:26,019 [WARNING] ⚠️ 000000030164 Malebranche: se truncaron 1 insumos sobrantes.
2026-08-15 18:54:26,020 [INFO] ✅ Generado: PLANTILLA_000000030164_Malebranche_4.csv (3 filas, 0 variables esperadas, col_G=3)
2026-08-15 18:54:26,021 [WARNING] ⚠️ 000000030123 Possessed nun: se truncaron 4 insumos sobrantes.
2026-08-15 18:54:26,023 [INFO] ✅ Generado: PLANTILLA_000000030123_Possessed_nun_4.csv (3 filas, 0 variables esperadas, col_G=3)
2026-08-15 18:54:26,023 [WARNING] ⚠️ 000000030163 Big Horns alien: se truncaron 2 insumos sobrantes.
2026-08-15 18:54:26,024 [INFO] ✅ Generado: PLANTILLA_000000030163_Big_Horns_alien_4.csv (3 filas, 0 variables esperadas, col_G=3)
2026-08-15 18:54:26,026 [INFO] ✅ Generado: PLANTILLA_000000072201_Alien_Creepy_4.csv (3 filas, 0 variables esperadas, col_G=3)
2026-08-15 18:54:26,028 [INFO] ✅ Generado: PLANTILLA_000000030152_Morak_4.csv (3 filas, 0 variables esperadas, col_G=3)
2026-08-15 18:54:26,031 [INFO] ✅ Generado: PLANTILLA_000000030158_Blind_Warden_4.csv (3 filas, 0 variables esperadas, col_G=3)
2026-08-15 18:54:26,033 [INFO] ✅ Generado: PLANTILLA_000000030179_Frankorned_4.csv (3 filas, 0 variables esperadas, col_G=3)
2026-08-15 18:54:26,034 [WARNING] ⚠️ 000000030168 Gorth: se truncaron 2 insumos sobrantes.
2026-08-15 18:54:26,036 [INFO] ✅ Generado: PLANTILLA_000000030168_Gorth_4.csv (3 filas, 0 variables esperadas, col_G=3)
2026-08-15 18:54:26,038 [INFO] ✅ Generado: PLANTILLA_000000030112_Old_Troll_4.csv (3 filas, 0 variables esperadas, col_G=3)
2026-08-15 18:54:26,039 [INFO] ✅ Generado: PLANTILLA_000000030113_Funny_Troll_4.csv (3 filas, 0 variables esperadas, col_G=3)
2026-08-15 18:54:26,040 [WARNING] ⚠️ 000000030144 Creepy Voodoo Master: se truncaron 1 insumos sobrantes.
2026-08-15 18:54:26,042 [INFO] ✅ Generado: PLANTILLA_000000030144_Creepy_Voodoo_Master_4.csv (3 filas, 0 variables esperadas, col_G=3)
2026-08-15 18:54:26,043 [INFO] ✅ Generado: PLANTILLA_000000030150_Anciente_Priest_4.csv (3 filas, 0 variables esperadas, col_G=3)
2026-08-15 18:54:26,046 [INFO] ✅ Generado: PLANTILLA_000000030172_Voodoo_victim_4.csv (3 filas, 0 variables esperadas, col_G=3)
2026-08-15 18:54:26,046 [WARNING] ⚠️ 000000030165 Horned Sorceress: se truncaron 1 insumos sobrantes.
2026-08-15 18:54:26,049 [INFO] ✅ Generado: PLANTILLA_000000030165_Horned_Sorceress_4.csv (3 filas, 0 variables esperadas, col_G=3)
2026-08-15 18:54:26,049 [WARNING] ⚠️ 000000071535 Agatha: se truncaron 3 insumos sobrantes.
2026-08-15 18:54:26,052 [INFO] ✅ Generado: PLANTILLA_000000071535_Agatha_4.csv (3 filas, 0 variables esperadas, col_G=3)
2026-08-15 18:54:26,052 [WARNING] ⚠️ 000000027990 Staffs: Witch: se truncaron 2 insumos sobrantes.
2026-08-15 18:54:26,054 [INFO] ✅ Generado: PLANTILLA_000000027990_Staffs__Witch_4.csv (3 filas, 0 variables esperadas, col_G=3)
2026-08-15 18:54:26,056 [INFO] ✅ Generado: PLANTILLA_000000071544_Scar_wolf_4.csv (3 filas, 0 variables esperadas, col_G=3)
2026-08-15 18:54:26,057 [WARNING] ⚠️ 000000030139 Sack Creature: se truncaron 2 insumos sobrantes.
2026-08-15 18:54:26,058 [INFO] ✅ Generado: PLANTILLA_000000030139_Sack_Creature_4.csv (3 filas, 0 variables esperadas, col_G=3)
2026-08-15 18:54:26,059 [WARNING] ⚠️ 000000030124 Mangy rat: se truncaron 2 insumos sobrantes.
2026-08-15 18:54:26,060 [INFO] ✅ Generado: PLANTILLA_000000030124_Mangy_rat_4.csv (3 filas, 0 variables esperadas, col_G=3)
2026-08-15 18:54:26,061 [WARNING] ⚠️ 000000030125 Rabid boar: se truncaron 1 insumos sobrantes.
2026-08-15 18:54:26,064 [INFO] ✅ Generado: PLANTILLA_000000030125_Rabid_boar_4.csv (3 filas, 0 variables esperadas, col_G=3)
2026-08-15 18:54:26,065 [WARNING] ⚠️ 000000030127 Zombie Cat: se truncaron 2 insumos sobrantes.
2026-08-15 18:54:26,067 [INFO] ✅ Generado: PLANTILLA_000000030127_Zombie_Cat_4.csv (3 filas, 0 variables esperadas, col_G=3)
2026-08-15 18:54:26,069 [INFO] ✅ Generado: PLANTILLA_000000030129_Zombie_Capybara_4.csv (3 filas, 0 variables esperadas, col_G=3)
2026-08-15 18:54:26,069 [WARNING] ⚠️ 000000030119 Rotten Panda: se truncaron 2 insumos sobrantes.
2026-08-15 18:54:26,071 [INFO] ✅ Generado: PLANTILLA_000000030119_Rotten_Panda_4.csv (3 filas, 0 variables esperadas, col_G=3)
2026-08-15 18:54:26,071 [WARNING] ⚠️ 000000030169 Apenstein: se truncaron 2 insumos sobrantes.
2026-08-15 18:54:26,073 [INFO] ✅ Generado: PLANTILLA_000000030169_Apenstein_4.csv (3 filas, 0 variables esperadas, col_G=3)
2026-08-15 18:54:26,075 [INFO] ✅ Generado: PLANTILLA_000000030170_Groaner_4.csv (3 filas, 0 variables esperadas, col_G=3)
2026-08-15 18:54:26,075 [WARNING] ⚠️ 000000030154 Evil Nutcracker: se truncaron 1 insumos sobrantes.
2026-08-15 18:54:26,077 [INFO] ✅ Generado: PLANTILLA_000000030154_Evil_Nutcracker_4.csv (3 filas, 0 variables esperadas, col_G=3)
2026-08-15 18:54:26,077 [WARNING] ⚠️ 000000030155 Creepy Happy: se truncaron 3 insumos sobrantes.
2026-08-15 18:54:26,079 [INFO] ✅ Generado: PLANTILLA_000000030155_Creepy_Happy_4.csv (3 filas, 0 variables esperadas, col_G=3)
2026-08-15 18:54:26,079 [WARNING] ⚠️ 000000030156 Creepy Sad: se truncaron 3 insumos sobrantes.
2026-08-15 18:54:26,082 [INFO] ✅ Generado: PLANTILLA_000000030156_Creepy_Sad_4.csv (3 filas, 0 variables esperadas, col_G=3)
2026-08-15 18:54:26,082 [WARNING] ⚠️ 000000027985 Little Abyss: se truncaron 4 insumos sobrantes.
2026-08-15 18:54:26,084 [INFO] ✅ Generado: PLANTILLA_000000027985_Little_Abyss_4.csv (3 filas, 0 variables esperadas, col_G=3)
2026-08-15 18:54:26,085 [WARNING] ⚠️ 000000027984 Little Ember: se truncaron 4 insumos sobrantes.
2026-08-15 18:54:26,086 [INFO] ✅ Generado: PLANTILLA_000000027984_Little_Ember_4.csv (3 filas, 0 variables esperadas, col_G=3)
2026-08-15 18:54:26,087 [WARNING] ⚠️ 000000027983 Little Goo: se truncaron 4 insumos sobrantes.
2026-08-15 18:54:26,088 [INFO] ✅ Generado: PLANTILLA_000000027983_Little_Goo_4.csv (3 filas, 0 variables esperadas, col_G=3)
2026-08-15 18:54:26,089 [WARNING] ⚠️ 000000027982 Little Greyson: se truncaron 3 insumos sobrantes.
2026-08-15 18:54:26,090 [INFO] ✅ Generado: PLANTILLA_000000027982_Little_Greyson_4.csv (3 filas, 0 variables esperadas, col_G=3)
2026-08-15 18:54:26,090 [WARNING] ⚠️ 000000027981 Little Fang: se truncaron 4 insumos sobrantes.
2026-08-15 18:54:26,092 [INFO] ✅ Generado: PLANTILLA_000000027981_Little_Fang_4.csv (3 filas, 0 variables esperadas, col_G=3)
2026-08-15 18:54:26,092 [WARNING] ⚠️ 000000027986 Little Rotty: se truncaron 3 insumos sobrantes.
2026-08-15 18:54:26,094 [INFO] ✅ Generado: PLANTILLA_000000027986_Little_Rotty_4.csv (3 filas, 0 variables esperadas, col_G=3)
2026-08-15 18:54:26,094 [WARNING] ⚠️ 000000027978 James busted: se truncaron 2 insumos sobrantes.
2026-08-15 18:54:26,096 [INFO] ✅ Generado: PLANTILLA_000000027978_James_busted_4.csv (3 filas, 0 variables esperadas, col_G=3)
2026-08-15 18:54:26,097 [WARNING] ⚠️ 000000027979 Helen Busted: se truncaron 2 insumos sobrantes.
2026-08-15 18:54:26,099 [INFO] ✅ Generado: PLANTILLA_000000027979_Helen_Busted_4.csv (3 filas, 0 variables esperadas, col_G=3)
2026-08-15 18:54:26,100 [WARNING] ⚠️ 000000027980 William Busted: se truncaron 2 insumos sobrantes.
2026-08-15 18:54:26,102 [INFO] ✅ Generado: PLANTILLA_000000027980_William_Busted_4.csv (3 filas, 0 variables esperadas, col_G=3)
2026-08-15 18:54:26,104 [INFO] ✅ Generado: PLANTILLA_000000331008_Bloody_Curtains_4.csv (3 filas, 0 variables esperadas, col_G=3)
2026-08-15 18:54:26,105 [INFO] ✅ Generado: PLANTILLA_000000027994_Effigy_4.csv (3 filas, 0 variables esperadas, col_G=3)
2026-08-15 18:54:26,107 [INFO] ✅ Generado: PLANTILLA_000000027995_Pharaoh_4.csv (3 filas, 0 variables esperadas, col_G=3)
2026-08-15 18:54:26,107 [WARNING] ⚠️ 000000027991 Carnivorous plant garden decor: se truncaron 3 insumos sobrantes.
2026-08-15 18:54:26,109 [INFO] ✅ Generado: PLANTILLA_000000027991_Carnivorous_plant_garden_decor_4.csv (3 filas, 0 variables esperadas, col_G=3)
2026-08-15 18:54:26,111 [INFO] ✅ Generado: PLANTILLA_000000027992_Gnome_garden_decor_4.csv (3 filas, 0 variables esperadas, col_G=3)
2026-08-15 18:54:26,114 [INFO] ✅ Generado: PLANTILLA_000000028212_Earth_Dragon_Puppet_4.csv (3 filas, 0 variables esperadas, col_G=3)
2026-08-15 18:54:26,117 [INFO] ✅ Generado: PLANTILLA_000000028213_Fire_Dragon_Puppet_4.csv (3 filas, 0 variables esperadas, col_G=3)
2026-08-15 18:54:26,119 [INFO] ✅ Generado: PLANTILLA_000000028211_Demon_Puppet_4.csv (3 filas, 0 variables esperadas, col_G=3)
2026-08-15 18:54:26,121 [INFO] ✅ Generado: PLANTILLA_000000028214_Goat_Puppet_4.csv (3 filas, 0 variables esperadas, col_G=3)
2026-08-15 18:54:26,123 [INFO] ✅ Generado: PLANTILLA_000000028210_Gargoyle_Puppet_4.csv (3 filas, 0 variables esperadas, col_G=3)
2026-08-15 18:54:26,125 [INFO] ✅ Generado: PLANTILLA_000000028215_Wacky_Clown_Puppet_4.csv (3 filas, 0 variables esperadas, col_G=3)
2026-08-15 18:54:26,125 [WARNING] ⚠️ 000000028122 Hobby Zombie Unicorn Stick: se truncaron 4 insumos sobrantes.
2026-08-15 18:54:26,127 [INFO] ✅ Generado: PLANTILLA_000000028122_Hobby_Zombie_Unicorn_Stick_4.csv (3 filas, 0 variables esperadas, col_G=3)
2026-08-15 18:54:26,128 [WARNING] ⚠️ 000000028123 Hobby Zombie Horse Stick: se truncaron 4 insumos sobrantes.
2026-08-15 18:54:26,132 [INFO] ✅ Generado: PLANTILLA_000000028123_Hobby_Zombie_Horse_Stick_4.csv (3 filas, 0 variables esperadas, col_G=3)
2026-08-15 18:54:26,133 [WARNING] ⚠️ 000000027976 Chocolate Gigi: se truncaron 2 insumos sobrantes.
2026-08-15 18:54:26,136 [INFO] ✅ Generado: PLANTILLA_000000027976_Chocolate_Gigi_8.csv (3 filas, 0 variables esperadas, col_G=3)
2026-08-15 18:54:26,136 [WARNING] ⚠️ 000000027970 Blady: se truncaron 2 insumos sobrantes.
2026-08-15 18:54:26,138 [INFO] ✅ Generado: PLANTILLA_000000027970_Blady_4.csv (3 filas, 0 variables esperadas, col_G=3)
2026-08-15 18:54:26,138 [WARNING] ⚠️ 000000027966 Possessed Elf: se truncaron 2 insumos sobrantes.
2026-08-15 18:54:26,140 [INFO] ✅ Generado: PLANTILLA_000000027966_Possessed_Elf_4.csv (3 filas, 0 variables esperadas, col_G=3)
2026-08-15 18:54:26,140 [WARNING] ⚠️ 000000027967 Mini Troll: se truncaron 3 insumos sobrantes.
2026-08-15 18:54:26,142 [INFO] ✅ Generado: PLANTILLA_000000027967_Mini_Troll_4.csv (3 filas, 0 variables esperadas, col_G=3)
2026-08-15 18:54:26,142 [WARNING] ⚠️ 000000027974 Centipede: se truncaron 2 insumos sobrantes.
2026-08-15 18:54:26,144 [INFO] ✅ Generado: PLANTILLA_000000027974_Centipede_4.csv (3 filas, 0 variables esperadas, col_G=3)
2026-08-15 18:54:26,144 [WARNING] ⚠️ 000000027977 Fangsy: se truncaron 2 insumos sobrantes.
2026-08-15 18:54:26,147 [INFO] ✅ Generado: PLANTILLA_000000027977_Fangsy_8.csv (3 filas, 0 variables esperadas, col_G=3)
2026-08-15 18:54:26,147 [WARNING] ⚠️ 000000027971 Punky: se truncaron 2 insumos sobrantes.
2026-08-15 18:54:26,150 [INFO] ✅ Generado: PLANTILLA_000000027971_Punky_4.csv (3 filas, 0 variables esperadas, col_G=3)
2026-08-15 18:54:26,150 [WARNING] ⚠️ 000000027972 Lil´Horns: se truncaron 2 insumos sobrantes.
2026-08-15 18:54:26,152 [INFO] ✅ Generado: PLANTILLA_000000027972_Lil´Horns_4.csv (3 filas, 0 variables esperadas, col_G=3)
2026-08-15 18:54:26,152 [WARNING] ⚠️ 000000027973 BoohBlue: se truncaron 2 insumos sobrantes.
2026-08-15 18:54:26,154 [INFO] ✅ Generado: PLANTILLA_000000027973_BoohBlue_4.csv (3 filas, 0 variables esperadas, col_G=3)
2026-08-15 18:54:26,154 [WARNING] ⚠️ 000000668651 Midsummer Horror Clown: se truncaron 2 insumos sobrantes.
2026-08-15 18:54:26,156 [INFO] ✅ Generado: PLANTILLA_000000668651_Midsummer_Horror_Clown_4.csv (3 filas, 0 variables esperadas, col_G=3)
2026-08-15 18:54:26,156 [WARNING] ⚠️ 000000028120 Liging Severed Hand: se truncaron 3 insumos sobrantes.
2026-08-15 18:54:26,158 [INFO] ✅ Generado: PLANTILLA_000000028120_Liging_Severed_Hand_4.csv (3 filas, 0 variables esperadas, col_G=3)
2026-08-15 18:54:26,158 [WARNING] ⚠️ 000000028121 Living Severed Hand 2: se truncaron 3 insumos sobrantes.
2026-08-15 18:54:26,160 [INFO] ✅ Generado: PLANTILLA_000000028121_Living_Severed_Hand_2_4.csv (3 filas, 0 variables esperadas, col_G=3)
2026-08-15 18:54:26,160 [WARNING] ⚠️ 000000084812 Serial Killer Apron: se truncaron 4 insumos sobrantes.
2026-08-15 18:54:26,162 [INFO] ✅ Generado: PLANTILLA_000000084812_Serial_Killer_Apron_4.csv (3 filas, 0 variables esperadas, col_G=3)
2026-08-15 18:54:26,162 [WARNING] ⚠️ 000000084811 Forrest Killer Apron: se truncaron 3 insumos sobrantes.
2026-08-15 18:54:26,165 [INFO] ✅ Generado: PLANTILLA_000000084811_Forrest_Killer_Apron_4.csv (3 filas, 0 variables esperadas, col_G=3)
2026-08-15 18:54:26,166 [WARNING] ⚠️ 000000084810 Butcher Killer Apron: se truncaron 4 insumos sobrantes.
2026-08-15 18:54:26,167 [INFO] ✅ Generado: PLANTILLA_000000084810_Butcher_Killer_Apron_4.csv (3 filas, 0 variables esperadas, col_G=3)
2026-08-15 18:54:26,168 [WARNING] ⚠️ 000000084285 Lord jester: se truncaron 10 insumos sobrantes.
2026-08-15 18:54:26,169 [INFO] ✅ Generado: PLANTILLA_000000084285_Lord_jester_4.csv (3 filas, 0 variables esperadas, col_G=3)
2026-08-15 18:54:26,170 [WARNING] ⚠️ 000000084286 Lord jester: se truncaron 11 insumos sobrantes.
2026-08-15 18:54:26,171 [INFO] ✅ Generado: PLANTILLA_000000084286_Lord_jester_4.csv (3 filas, 0 variables esperadas, col_G=3)
2026-08-15 18:54:26,172 [WARNING] ⚠️ 000000084287 Lord jester: se truncaron 11 insumos sobrantes.
2026-08-15 18:54:26,173 [INFO] ✅ Generado: PLANTILLA_000000084287_Lord_jester_4.csv (3 filas, 0 variables esperadas, col_G=3)
2026-08-15 18:54:26,173 [WARNING] ⚠️ 000000084280 Lady Harlequin: se truncaron 11 insumos sobrantes.
2026-08-15 18:54:26,175 [INFO] ✅ Generado: PLANTILLA_000000084280_Lady_Harlequin_4.csv (3 filas, 0 variables esperadas, col_G=3)
2026-08-15 18:54:26,176 [WARNING] ⚠️ 000000084281 Lady Harlequin: se truncaron 11 insumos sobrantes.
2026-08-15 18:54:26,177 [INFO] ✅ Generado: PLANTILLA_000000084281_Lady_Harlequin_4.csv (3 filas, 0 variables esperadas, col_G=3)
2026-08-15 18:54:26,178 [WARNING] ⚠️ 000000084282 Lady Harlequin: se truncaron 11 insumos sobrantes.
2026-08-15 18:54:26,181 [INFO] ✅ Generado: PLANTILLA_000000084282_Lady_Harlequin_4.csv (3 filas, 0 variables esperadas, col_G=3)
2026-08-15 18:54:26,182 [WARNING] ⚠️ 000000084295 Miss Circus Ringmaster: se truncaron 10 insumos sobrantes.
2026-08-15 18:54:26,184 [INFO] ✅ Generado: PLANTILLA_000000084295_Miss_Circus_Ringmaster_4.csv (3 filas, 0 variables esperadas, col_G=3)
2026-08-15 18:54:26,184 [WARNING] ⚠️ 000000084296 Miss Circus Ringmaster: se truncaron 10 insumos sobrantes.
2026-08-15 18:54:26,186 [INFO] ✅ Generado: PLANTILLA_000000084296_Miss_Circus_Ringmaster_4.csv (3 filas, 0 variables esperadas, col_G=3)
2026-08-15 18:54:26,186 [WARNING] ⚠️ 000000084297 Miss Circus Ringmaster: se truncaron 10 insumos sobrantes.
2026-08-15 18:54:26,188 [INFO] ✅ Generado: PLANTILLA_000000084297_Miss_Circus_Ringmaster_4.csv (3 filas, 0 variables esperadas, col_G=3)
2026-08-15 18:54:26,188 [WARNING] ⚠️ 000000084840 Spooky Pumpkin Scarecrow: se truncaron 5 insumos sobrantes.
2026-08-15 18:54:26,189 [INFO] ✅ Generado: PLANTILLA_000000084840_Spooky_Pumpkin_Scarecrow_4.csv (3 filas, 0 variables esperadas, col_G=3)
2026-08-15 18:54:26,190 [WARNING] ⚠️ 000000084841 Spooky Pumpkin Scarecrow: se truncaron 5 insumos sobrantes.
2026-08-15 18:54:26,191 [INFO] ✅ Generado: PLANTILLA_000000084841_Spooky_Pumpkin_Scarecrow_4.csv (3 filas, 0 variables esperadas, col_G=3)
2026-08-15 18:54:26,192 [WARNING] ⚠️ 000000084842 Spooky Pumpkin Scarecrow: se truncaron 5 insumos sobrantes.
2026-08-15 18:54:26,193 [INFO] ✅ Generado: PLANTILLA_000000084842_Spooky_Pumpkin_Scarecrow_4.csv (3 filas, 0 variables esperadas, col_G=3)
2026-08-15 18:54:26,194 [WARNING] ⚠️ 000000084835 Mont´s Glowing Clown: se truncaron 10 insumos sobrantes.
2026-08-15 18:54:26,196 [INFO] ✅ Generado: PLANTILLA_000000084835_Mont´s_Glowing_Clown_4.csv (3 filas, 0 variables esperadas, col_G=3)
2026-08-15 18:54:26,196 [WARNING] ⚠️ 000000084836 Mont´s Glowing Clown: se truncaron 10 insumos sobrantes.
2026-08-15 18:54:26,199 [INFO] ✅ Generado: PLANTILLA_000000084836_Mont´s_Glowing_Clown_4.csv (3 filas, 0 variables esperadas, col_G=3)
2026-08-15 18:54:26,199 [WARNING] ⚠️ 000000084837 Mont´s Glowing Clown: se truncaron 10 insumos sobrantes.
2026-08-15 18:54:26,201 [INFO] ✅ Generado: PLANTILLA_000000084837_Mont´s_Glowing_Clown_4.csv (3 filas, 0 variables esperadas, col_G=3)
2026-08-15 18:54:26,201 [WARNING] ⚠️ 000000084826 Kramper Cape: se truncaron 10 insumos sobrantes.
2026-08-15 18:54:26,204 [INFO] ✅ Generado: PLANTILLA_000000084826_Kramper_Cape_4.csv (3 filas, 0 variables esperadas, col_G=3)
2026-08-15 18:54:26,204 [WARNING] ⚠️ 000000084822 Christmas Grumpy Monster: se truncaron 12 insumos sobrantes.
2026-08-15 18:54:26,206 [INFO] ✅ Generado: PLANTILLA_000000084822_Christmas_Grumpy_Monster_4.csv (3 filas, 0 variables esperadas, col_G=3)
2026-08-15 18:54:26,206 [WARNING] ⚠️ 000000084855 Grumpy Monster: se truncaron 8 insumos sobrantes.
2026-08-15 18:54:26,207 [INFO] ✅ Generado: PLANTILLA_000000084855_Grumpy_Monster_4.csv (3 filas, 0 variables esperadas, col_G=3)
2026-08-15 18:54:26,208 [WARNING] ⚠️ 000000084825 Sasquatch Costume: se truncaron 8 insumos sobrantes.
2026-08-15 18:54:26,209 [INFO] ✅ Generado: PLANTILLA_000000084825_Sasquatch_Costume_4.csv (3 filas, 0 variables esperadas, col_G=3)
2026-08-15 18:54:26,211 [INFO] ✅ Generado: PLANTILLA_000000027898_Rotten_Sandwich_4.csv (3 filas, 0 variables esperadas, col_G=3)
2026-08-15 18:54:26,215 [INFO] ✅ Generado: PLANTILLA_000000027895_Disgusting_Hot_Dog_4.csv (3 filas, 0 variables esperadas, col_G=3)
2026-08-15 18:54:26,217 [INFO] ✅ Generado: PLANTILLA_000000027916_Nasty_Chinese_Food_4.csv (3 filas, 0 variables esperadas, col_G=3)
2026-08-15 18:54:26,219 [INFO] ✅ Generado: PLANTILLA_000000030149_Fiery_clown_9.csv (3 filas, 0 variables esperadas, col_G=3)
2026-08-15 18:54:26,219 [WARNING] ⚠️ 000000030138 Burger´s Clown: se truncaron 1 insumos sobrantes.
2026-08-15 18:54:26,221 [INFO] ✅ Generado: PLANTILLA_000000030138_Burger´s_Clown_9.csv (3 filas, 0 variables esperadas, col_G=3)
2026-08-15 18:54:26,223 [INFO] ✅ Generado: PLANTILLA_000000149113__Marinero_Creepy_4.csv (3 filas, 0 variables esperadas, col_G=3)
2026-08-15 18:54:26,223 [WARNING] ⚠️ 000000027976 Chocolate Gigi: se truncaron 2 insumos sobrantes.
2026-08-15 18:54:26,225 [INFO] ✅ Generado: PLANTILLA_000000027976_Chocolate_Gigi_9.csv (3 filas, 0 variables esperadas, col_G=3)
2026-08-15 18:54:26,225 [WARNING] ⚠️ 000000027977 Fangsy: se truncaron 2 insumos sobrantes.
2026-08-15 18:54:26,227 [INFO] ✅ Generado: PLANTILLA_000000027977_Fangsy_9.csv (3 filas, 0 variables esperadas, col_G=3)
2026-08-15 18:54:26,227 [WARNING] ⚠️ 000000030101 Jester Clown: se truncaron 3 insumos sobrantes.
2026-08-15 18:54:26,230 [INFO] ✅ Generado: PLANTILLA_000000030101_Jester_Clown_4.csv (3 filas, 0 variables esperadas, col_G=3)
2026-08-15 18:54:26,230 [WARNING] ⚠️ 000000030103 Clown Smiles: se truncaron 3 insumos sobrantes.
2026-08-15 18:54:26,233 [INFO] ✅ Generado: PLANTILLA_000000030103_Clown_Smiles_4.csv (3 filas, 0 variables esperadas, col_G=3)
2026-08-15 18:54:26,233 [WARNING] ⚠️ 000000030141 Eyeball Mask: se truncaron 1 insumos sobrantes.
2026-08-15 18:54:26,235 [INFO] ✅ Generado: PLANTILLA_000000030141_Eyeball_Mask_4.csv (3 filas, 0 variables esperadas, col_G=3)
2026-08-15 18:54:26,236 [INFO] ✅ Generado: PLANTILLA_000000030135_Bram_4.csv (3 filas, 0 variables esperadas, col_G=3)
2026-08-15 18:54:26,237 [WARNING] ⚠️ 000000030136 Lilith: se truncaron 2 insumos sobrantes.
2026-08-15 18:54:26,238 [INFO] ✅ Generado: PLANTILLA_000000030136_Lilith_4.csv (3 filas, 0 variables esperadas, col_G=3)
2026-08-15 18:54:26,239 [WARNING] ⚠️ 000000030157 Ghoulish Man: se truncaron 1 insumos sobrantes.
2026-08-15 18:54:26,240 [INFO] ✅ Generado: PLANTILLA_000000030157_Ghoulish_Man_4.csv (3 filas, 0 variables esperadas, col_G=3)
2026-08-15 18:54:26,240 [WARNING] ⚠️ 000000030023 Possessed samurai: se truncaron 1 insumos sobrantes.
2026-08-15 18:54:26,242 [INFO] ✅ Generado: PLANTILLA_000000030023_Possessed_samurai_4.csv (3 filas, 0 variables esperadas, col_G=3)
2026-08-15 18:54:26,244 [INFO] ✅ Generado: PLANTILLA_000000072202_Alien_Monster_4.csv (3 filas, 0 variables esperadas, col_G=3)
2026-08-15 18:54:26,247 [INFO] ✅ Generado: PLANTILLA_000000030009_Cosmic_king_4.csv (3 filas, 0 variables esperadas, col_G=3)
2026-08-15 18:54:26,249 [INFO] ✅ Generado: PLANTILLA_000000030128_Zombie_Pug_4.csv (3 filas, 0 variables esperadas, col_G=3)
2026-08-15 18:54:26,250 [WARNING] ⚠️ 000000027975 Sugar Kiky: se truncaron 2 insumos sobrantes.
2026-08-15 18:54:26,251 [INFO] ✅ Generado: PLANTILLA_000000027975_Sugar_Kiky_4.csv (3 filas, 0 variables esperadas, col_G=3)
2026-08-15 18:54:26,252 [WARNING] ⚠️ 000000027968 Nightshade: se truncaron 2 insumos sobrantes.
2026-08-15 18:54:26,253 [INFO] ✅ Generado: PLANTILLA_000000027968_Nightshade_4.csv (3 filas, 0 variables esperadas, col_G=3)
2026-08-15 18:54:26,253 [WARNING] ⚠️ 000000027969 Snowbelle: se truncaron 2 insumos sobrantes.
2026-08-15 18:54:26,255 [INFO] ✅ Generado: PLANTILLA_000000027969_Snowbelle_4.csv (3 filas, 0 variables esperadas, col_G=3)
2026-08-15 18:54:26,255 [WARNING] ⚠️ 000000025838 Alien Flesh: se truncaron 1 insumos sobrantes.
2026-08-15 18:54:26,257 [INFO] ✅ Generado: PLANTILLA_000000025838_Alien_Flesh_4.csv (3 filas, 0 variables esperadas, col_G=3)
2026-08-15 18:54:26,258 [INFO] ✅ Generado: PLANTILLA_000000030130_Sir_Thomas_4.csv (3 filas, 0 variables esperadas, col_G=3)
2026-08-15 18:54:26,259 [WARNING] ⚠️ 000000027993 Staffs: Witch Green: se truncaron 2 insumos sobrantes.
2026-08-15 18:54:26,260 [INFO] ✅ Generado: PLANTILLA_000000027993_Staffs__Witch_Green_4.csv (3 filas, 0 variables esperadas, col_G=3)
2026-08-15 18:54:26,263 [INFO] ✅ Generado: PLANTILLA_000000027797_Waxed_skull_4.csv (3 filas, 0 variables esperadas, col_G=3)
2026-08-15 18:54:26,266 [INFO] ✅ Generado: PLANTILLA_000200350005__Cthulu_Mug_4.csv (3 filas, 0 variables esperadas, col_G=3)
2026-08-15 18:54:26,267 [INFO] ✅ Generado: PLANTILLA_000200350007__Alien_Mug_4.csv (3 filas, 0 variables esperadas, col_G=3)
2026-08-15 18:54:26,269 [INFO] ✅ Generado: PLANTILLA_000200350003__Franky_Mug_4.csv (3 filas, 0 variables esperadas, col_G=3)
2026-08-15 18:54:26,271 [INFO] ✅ Generado: PLANTILLA_0000000335101_Skull_Wall_Panels_4.csv (3 filas, 0 variables esperadas, col_G=3)
2026-08-15 18:54:26,271 [WARNING] ⚠️ 000000027902 Pale skin bag: se truncaron 1 insumos sobrantes.
2026-08-15 18:54:26,273 [INFO] ✅ Generado: PLANTILLA_000000027902_Pale_skin_bag_4.csv (3 filas, 0 variables esperadas, col_G=3)
2026-08-15 18:54:26,273 [WARNING] ⚠️ 000000027936 Finger Keychain: se truncaron 2 insumos sobrantes.
2026-08-15 18:54:26,274 [INFO] ✅ Generado: PLANTILLA_000000027936_Finger_Keychain_4.csv (3 filas, 0 variables esperadas, col_G=3)
2026-08-15 18:54:26,275 [WARNING] ⚠️ 000000027937 Tongue Keychain: se truncaron 2 insumos sobrantes.
2026-08-15 18:54:26,277 [INFO] ✅ Generado: PLANTILLA_000000027937_Tongue_Keychain_4.csv (3 filas, 0 variables esperadas, col_G=3)
2026-08-15 18:54:26,277 [WARNING] ⚠️ 000000027938 Eye Keychain: se truncaron 2 insumos sobrantes.
2026-08-15 18:54:26,279 [INFO] ✅ Generado: PLANTILLA_000000027938_Eye_Keychain_4.csv (3 filas, 0 variables esperadas, col_G=3)
2026-08-15 18:54:26,280 [WARNING] ⚠️ 000000027935 Nose Keychain: se truncaron 2 insumos sobrantes.
2026-08-15 18:54:26,282 [INFO] ✅ Generado: PLANTILLA_000000027935_Nose_Keychain_4.csv (3 filas, 0 variables esperadas, col_G=3)
2026-08-15 18:54:26,283 [WARNING] ⚠️ 000000027939 Ear Keychain: se truncaron 2 insumos sobrantes.
2026-08-15 18:54:26,285 [INFO] ✅ Generado: PLANTILLA_000000027939_Ear_Keychain_4.csv (3 filas, 0 variables esperadas, col_G=3)
2026-08-15 18:54:26,285 [WARNING] ⚠️ 000000029011 Yeti Mega Costume: se truncaron 7 insumos sobrantes.
2026-08-15 18:54:26,286 [INFO] ✅ Generado: PLANTILLA_000000029011_Yeti_Mega_Costume_4.csv (3 filas, 0 variables esperadas, col_G=3)
2026-08-15 18:54:26,287 [INFO] 
📊 Resumen final:
2026-08-15 18:54:26,287 [INFO]    ✅ Plantillas generadas: 187
2026-08-15 18:54:26,287 [INFO]    ⏭️ Omitidas (sin precio): 0
2026-08-15 18:54:26,287 [INFO]    ❌ Errores (inconsistencia de filas): 0
2026-08-15 18:54:26,287 [INFO]    📁 Carpeta: 'C:\Users\Dany\Desktop\Proyecto\output'
2026-08-15 18:54:26,288 [WARNING] ⚠️ Modelo duplicado detectado: 000000030149 Fiery clown - se elimina la segunda ocurrencia.
2026-08-15 18:54:26,288 [WARNING] ⚠️ Modelo duplicado detectado: 000000030138 Burger´s Clown - se elimina la segunda ocurrencia.
2026-08-15 18:54:26,288 [WARNING] ⚠️ Modelo duplicado detectado: 000000027976 Chocolate Gigi - se elimina la segunda ocurrencia.
2026-08-15 18:54:26,288 [WARNING] ⚠️ Modelo duplicado detectado: 000000027977 Fangsy - se elimina la segunda ocurrencia.
2026-08-15 18:54:26,288 [INFO] 🧹 Desduplicación: 187 → 183 modelos únicos.
2026-08-15 18:54:26,288 [INFO] 📦 183 modelos listos para el bot.
2026-08-15 18:54:26,289 [INFO] 📦 183 modelos pendientes de 183 totales.
2026-08-15 18:55:50,572 [WARNING] There was an error managing chromedriver (error sending request for url (https://googlechromelabs.github.io/chrome-for-testing/known-good-versions-with-downloads.json)); using driver found in the cache
2026-08-15 18:55:51,602 [INFO] ✅ WebDriver inicializado.
2026-08-15 18:55:51,603 [INFO] 🌐 Navegando a la página de login de VUCEM...
2026-08-15 18:56:25,691 [INFO] 🛑 Interrupción por usuario. Estado guardado.
2026-08-15 18:56:25,695 [WARNING] Retrying (Retry(total=2, connect=None, read=None, redirect=None, status=None)) after connection broken by 'ConnectionResetError(10054, 'Se ha forzado la interrupción de una conexión existente por el host remoto', None, 10054, None)': /session/c4caa06f19146a021d1ffeb8d01cb506
2026-08-17 09:38:11,447 [INFO] 🚀 Iniciando sistema automatizado de comercio exterior - VUCEM
2026-08-17 09:38:11,451 [INFO] Cargando proveedores desde BOM...
2026-08-17 09:38:12,657 [INFO] ✅ 3588 proveedores cargados.
2026-08-17 09:38:12,659 [INFO] Cargando insumos por modelo desde BOM (solo categorías al INICIO)...
2026-08-17 09:38:16,661 [INFO] ✅ 1614 modelos con insumos cargados.
2026-08-17 09:38:16,662 [INFO] Procesando archivo maestro (hoja '2026')...
2026-08-17 09:38:16,820 [INFO] ✅ Generado: PLANTILLA_000000024505_Assault_mask.csv (3 filas, 0 variables, col_G=3)
2026-08-17 09:38:16,827 [INFO] ✅ Generado: PLANTILLA_000000021292_Hockey_Killer.csv (5 filas, 2 variables, col_G=5)
2026-08-17 09:38:16,831 [INFO] ✅ Generado: PLANTILLA_000000022131_Apocalyptic_Mask.csv (3 filas, 0 variables, col_G=3)
2026-08-17 09:38:16,835 [INFO] ✅ Generado: PLANTILLA_000000021179_Brown_wolf.csv (3 filas, 0 variables, col_G=3)
2026-08-17 09:38:16,839 [INFO] ✅ Generado: PLANTILLA_000000021229_Brown_Dr._Peste.csv (5 filas, 2 variables, col_G=5)
2026-08-17 09:38:16,844 [INFO] ✅ Generado: PLANTILLA_000000021225_Crania_face.csv (5 filas, 2 variables, col_G=5)
2026-08-17 09:38:16,848 [INFO] ✅ Generado: PLANTILLA_000000021107_Jacko.csv (3 filas, 0 variables, col_G=3)
2026-08-17 09:38:16,853 [INFO] ✅ Generado: PLANTILLA_000000050122_Akasha.csv (4 filas, 1 variables, col_G=4)
2026-08-17 09:38:16,860 [INFO] ✅ Generado: PLANTILLA_000000050116_Alucard.csv (3 filas, 0 variables, col_G=3)
2026-08-17 09:38:16,865 [INFO] ✅ Generado: PLANTILLA_000000050118_Mr._Bones_Tan.csv (3 filas, 0 variables, col_G=3)
2026-08-17 09:38:16,871 [INFO] ✅ Generado: PLANTILLA_000000050117_Mr._Bones.csv (3 filas, 0 variables, col_G=3)
2026-08-17 09:38:16,877 [INFO] ✅ Generado: PLANTILLA_000000050120_Daffy.csv (4 filas, 1 variables, col_G=4)
2026-08-17 09:38:16,879 [INFO] ✅ Generado: PLANTILLA_000000050119_Soggy.csv (5 filas, 2 variables, col_G=5)
2026-08-17 09:38:16,882 [INFO] ✅ Generado: PLANTILLA_000000050121_Baba_Yaga.csv (3 filas, 0 variables, col_G=3)
2026-08-17 09:38:16,886 [INFO] ✅ Generado: PLANTILLA_000000350063__Rolan__Street_clown.csv (5 filas, 2 variables, col_G=5)
2026-08-17 09:38:16,891 [INFO] ✅ Generado: PLANTILLA_000000350064_Psychopathic_Clown.csv (7 filas, 4 variables, col_G=7)
2026-08-17 09:38:16,896 [INFO] ✅ Generado: PLANTILLA_000000350065_Rusty_the_Clown.csv (8 filas, 5 variables, col_G=8)
2026-08-17 09:38:16,899 [INFO] ✅ Generado: PLANTILLA_000000350061_Narmoga.csv (6 filas, 3 variables, col_G=6)
2026-08-17 09:38:16,903 [INFO] ✅ Generado: PLANTILLA_000000350062_Agnha.csv (7 filas, 4 variables, col_G=7)
2026-08-17 09:38:16,910 [INFO] ✅ Generado: PLANTILLA_000000350060_Nightstalker.csv (4 filas, 1 variables, col_G=4)
2026-08-17 09:38:16,914 [INFO] ✅ Generado: PLANTILLA_000000350059_Death_Walker.csv (4 filas, 1 variables, col_G=4)
2026-08-17 09:38:16,918 [INFO] ✅ Generado: PLANTILLA_000000030110_Night_Terror.csv (3 filas, 0 variables, col_G=3)
2026-08-17 09:38:16,921 [INFO] ✅ Generado: PLANTILLA_000000030111_Transplanted.csv (4 filas, 1 variables, col_G=4)
2026-08-17 09:38:16,927 [INFO] ✅ Generado: PLANTILLA_000000030109_Splitting_Headache.csv (3 filas, 0 variables, col_G=3)
2026-08-17 09:38:16,929 [INFO] ✅ Generado: PLANTILLA_000000030181_Camazotz.csv (3 filas, 0 variables, col_G=3)
2026-08-17 09:38:16,934 [INFO] ✅ Generado: PLANTILLA_000000030182_Silent_Death.csv (4 filas, 1 variables, col_G=4)
2026-08-17 09:38:16,938 [INFO] ✅ Generado: PLANTILLA_000000030180_Demon_Vampire.csv (3 filas, 0 variables, col_G=3)
2026-08-17 09:38:16,943 [INFO] ✅ Generado: PLANTILLA_000000030173_Pagliacci.csv (3 filas, 0 variables, col_G=3)
2026-08-17 09:38:16,948 [INFO] ✅ Generado: PLANTILLA_000000030116_Dusty_clown.csv (3 filas, 0 variables, col_G=3)
2026-08-17 09:38:16,951 [INFO] ✅ Generado: PLANTILLA_000000030166_Hellbell_clown.csv (6 filas, 3 variables, col_G=6)
2026-08-17 09:38:16,955 [INFO] ✅ Generado: PLANTILLA_000000030149_Fiery_clown.csv (3 filas, 0 variables, col_G=3)
2026-08-17 09:38:16,961 [INFO] ✅ Generado: PLANTILLA_000000030142_Sadistic_clown.csv (5 filas, 2 variables, col_G=5)
2026-08-17 09:38:16,964 [INFO] ✅ Generado: PLANTILLA_000000030100_Toothy_Clown.csv (6 filas, 3 variables, col_G=6)
2026-08-17 09:38:16,967 [INFO] ✅ Generado: PLANTILLA_000000030102_Creppy_Clown_smile.csv (5 filas, 2 variables, col_G=5)
2026-08-17 09:38:16,969 [INFO] ✅ Generado: PLANTILLA_000000030115_Fiendish_clown.csv (3 filas, 0 variables, col_G=3)
2026-08-17 09:38:16,974 [INFO] ✅ Generado: PLANTILLA_000000030117_Jezebel.csv (5 filas, 2 variables, col_G=5)
2026-08-17 09:38:16,981 [INFO] ✅ Generado: PLANTILLA_000000030118_Porky_the_clown.csv (8 filas, 5 variables, col_G=8)
2026-08-17 09:38:16,984 [INFO] ✅ Generado: PLANTILLA_000000030138_Burger´s_Clown.csv (4 filas, 1 variables, col_G=4)
2026-08-17 09:38:16,988 [INFO] ✅ Generado: PLANTILLA_000000030143_Zippy.csv (4 filas, 1 variables, col_G=4)
2026-08-17 09:38:16,998 [INFO] ✅ Generado: PLANTILLA_000000030122_Amuck.csv (4 filas, 1 variables, col_G=4)
2026-08-17 09:38:17,002 [INFO] ✅ Generado: PLANTILLA_000000030159_Upside_Grin_Clown.csv (3 filas, 0 variables, col_G=3)
2026-08-17 09:38:17,005 [INFO] ✅ Generado: PLANTILLA_000000030137_Thug_Clown.csv (4 filas, 1 variables, col_G=4)
2026-08-17 09:38:17,012 [INFO] ✅ Generado: PLANTILLA_000000030120_Crispy.csv (6 filas, 3 variables, col_G=6)
2026-08-17 09:38:17,017 [INFO] ✅ Generado: PLANTILLA_000000030134_Mad_Clown_Biker.csv (3 filas, 0 variables, col_G=3)
2026-08-17 09:38:17,022 [INFO] ✅ Generado: PLANTILLA_000000030167_Spawlown.csv (3 filas, 0 variables, col_G=3)
2026-08-17 09:38:17,028 [INFO] ✅ Generado: PLANTILLA_000000030121_Bumpy.csv (4 filas, 1 variables, col_G=4)
2026-08-17 09:38:17,031 [INFO] ✅ Generado: PLANTILLA_000000030153_Igor.csv (4 filas, 1 variables, col_G=4)
2026-08-17 09:38:17,036 [INFO] ✅ Generado: PLANTILLA_000000030145_Creepy_T.W..csv (4 filas, 1 variables, col_G=4)
2026-08-17 09:38:17,042 [INFO] ✅ Generado: PLANTILLA_000000030148_Creepy_P..csv (4 filas, 1 variables, col_G=4)
2026-08-17 09:38:17,046 [INFO] ✅ Generado: PLANTILLA_000000030146_Creepy_D..csv (4 filas, 1 variables, col_G=4)
2026-08-17 09:38:17,050 [INFO] ✅ Generado: PLANTILLA_000000030147_Creepy_L.L..csv (4 filas, 1 variables, col_G=4)
2026-08-17 09:38:17,053 [INFO] ✅ Generado: PLANTILLA_000000149113_Marinero_Creepy.csv (3 filas, 0 variables, col_G=3)
2026-08-17 09:38:17,059 [INFO] ✅ Generado: PLANTILLA_000000030131_Creepyboobu.csv (4 filas, 1 variables, col_G=4)
2026-08-17 09:38:17,062 [INFO] ✅ Generado: PLANTILLA_000000030151_Mothman.csv (5 filas, 2 variables, col_G=5)
2026-08-17 09:38:17,065 [INFO] ✅ Generado: PLANTILLA_000000030114_Creepy_Peter.csv (3 filas, 0 variables, col_G=3)
2026-08-17 09:38:17,069 [INFO] ✅ Generado: PLANTILLA_000000030174_Crazy_Auguste.csv (4 filas, 1 variables, col_G=4)
2026-08-17 09:38:17,075 [INFO] ✅ Generado: PLANTILLA_000000030176_Brickie_zombie.csv (3 filas, 0 variables, col_G=3)
2026-08-17 09:38:17,081 [INFO] ✅ Generado: PLANTILLA_000000030175_Killer_Identity.csv (3 filas, 0 variables, col_G=3)
2026-08-17 09:38:17,084 [INFO] ✅ Generado: PLANTILLA_000000030171_J_the_Slayer.csv (5 filas, 2 variables, col_G=5)
2026-08-17 09:38:17,086 [INFO] ✅ Generado: PLANTILLA_000000071542_Fleshless_mouth.csv (5 filas, 2 variables, col_G=5)
2026-08-17 09:38:17,091 [INFO] ✅ Generado: PLANTILLA_000000030177_Zombie_pilot.csv (4 filas, 1 variables, col_G=4)
2026-08-17 09:38:17,096 [INFO] ✅ Generado: PLANTILLA_000000030133_Chopper_Rider.csv (3 filas, 0 variables, col_G=3)
2026-08-17 09:38:17,100 [INFO] ✅ Generado: PLANTILLA_000000030178_The_lord.csv (3 filas, 0 variables, col_G=3)
2026-08-17 09:38:17,106 [INFO] ✅ Generado: PLANTILLA_000000030162_Big_Horns_Skull.csv (5 filas, 2 variables, col_G=5)
2026-08-17 09:38:17,115 [INFO] ✅ Generado: PLANTILLA_000000030161_Big_Horns_Skull_Neon.csv (6 filas, 3 variables, col_G=6)
2026-08-17 09:38:17,123 [INFO] ✅ Generado: PLANTILLA_000000030132_Patrol_Skull.csv (3 filas, 0 variables, col_G=3)
2026-08-17 09:38:17,130 [INFO] ✅ Generado: PLANTILLA_000000030160_Big_Horns_Devil.csv (5 filas, 2 variables, col_G=5)
2026-08-17 09:38:17,138 [INFO] ✅ Generado: PLANTILLA_000000030164_Malebranche.csv (4 filas, 1 variables, col_G=4)
2026-08-17 09:38:17,147 [INFO] ✅ Generado: PLANTILLA_000000030123_Possessed_nun.csv (7 filas, 4 variables, col_G=7)
2026-08-17 09:38:17,152 [INFO] ✅ Generado: PLANTILLA_000000030163_Big_Horns_alien.csv (5 filas, 2 variables, col_G=5)
2026-08-17 09:38:17,159 [INFO] ✅ Generado: PLANTILLA_000000072201_Alien_Creepy.csv (3 filas, 0 variables, col_G=3)
2026-08-17 09:38:17,164 [INFO] ✅ Generado: PLANTILLA_000000030152_Morak.csv (3 filas, 0 variables, col_G=3)
2026-08-17 09:38:17,169 [INFO] ✅ Generado: PLANTILLA_000000030158_Blind_Warden.csv (3 filas, 0 variables, col_G=3)
2026-08-17 09:38:17,176 [INFO] ✅ Generado: PLANTILLA_000000030179_Frankorned.csv (3 filas, 0 variables, col_G=3)
2026-08-17 09:38:17,181 [INFO] ✅ Generado: PLANTILLA_000000030168_Gorth.csv (5 filas, 2 variables, col_G=5)
2026-08-17 09:38:17,185 [INFO] ✅ Generado: PLANTILLA_000000030112_Old_Troll.csv (3 filas, 0 variables, col_G=3)
2026-08-17 09:38:17,190 [INFO] ✅ Generado: PLANTILLA_000000030113_Funny_Troll.csv (3 filas, 0 variables, col_G=3)
2026-08-17 09:38:17,195 [INFO] ✅ Generado: PLANTILLA_000000030144_Creepy_Voodoo_Master.csv (4 filas, 1 variables, col_G=4)
2026-08-17 09:38:17,200 [INFO] ✅ Generado: PLANTILLA_000000030150_Anciente_Priest.csv (3 filas, 0 variables, col_G=3)
2026-08-17 09:38:17,205 [INFO] ✅ Generado: PLANTILLA_000000030172_Voodoo_victim.csv (3 filas, 0 variables, col_G=3)
2026-08-17 09:38:17,211 [INFO] ✅ Generado: PLANTILLA_000000030165_Horned_Sorceress.csv (4 filas, 1 variables, col_G=4)
2026-08-17 09:38:17,215 [INFO] ✅ Generado: PLANTILLA_000000071535_Agatha.csv (6 filas, 3 variables, col_G=6)
2026-08-17 09:38:17,218 [INFO] ✅ Generado: PLANTILLA_000000027990_Staffs__Witch.csv (5 filas, 2 variables, col_G=5)
2026-08-17 09:38:17,223 [INFO] ✅ Generado: PLANTILLA_000000071544_Scar_wolf.csv (3 filas, 0 variables, col_G=3)
2026-08-17 09:38:17,227 [INFO] ✅ Generado: PLANTILLA_000000030139_Sack_Creature.csv (5 filas, 2 variables, col_G=5)
2026-08-17 09:38:17,229 [INFO] ✅ Generado: PLANTILLA_000000030124_Mangy_rat.csv (5 filas, 2 variables, col_G=5)
2026-08-17 09:38:17,232 [INFO] ✅ Generado: PLANTILLA_000000030125_Rabid_boar.csv (4 filas, 1 variables, col_G=4)
2026-08-17 09:38:17,234 [INFO] ✅ Generado: PLANTILLA_000000030127_Zombie_Cat.csv (5 filas, 2 variables, col_G=5)
2026-08-17 09:38:17,236 [INFO] ✅ Generado: PLANTILLA_000000030129_Zombie_Capybara.csv (3 filas, 0 variables, col_G=3)
2026-08-17 09:38:17,240 [INFO] ✅ Generado: PLANTILLA_000000030119_Rotten_Panda.csv (5 filas, 2 variables, col_G=5)
2026-08-17 09:38:17,243 [INFO] ✅ Generado: PLANTILLA_000000030169_Apenstein.csv (5 filas, 2 variables, col_G=5)
2026-08-17 09:38:17,245 [INFO] ✅ Generado: PLANTILLA_000000030170_Groaner.csv (3 filas, 0 variables, col_G=3)
2026-08-17 09:38:17,247 [INFO] ✅ Generado: PLANTILLA_000000030154_Evil_Nutcracker.csv (4 filas, 1 variables, col_G=4)
2026-08-17 09:38:17,249 [INFO] ✅ Generado: PLANTILLA_000000030155_Creepy_Happy.csv (6 filas, 3 variables, col_G=6)
2026-08-17 09:38:17,253 [INFO] ✅ Generado: PLANTILLA_000000030156_Creepy_Sad.csv (6 filas, 3 variables, col_G=6)
2026-08-17 09:38:17,257 [INFO] ✅ Generado: PLANTILLA_000000027985_Little_Abyss.csv (7 filas, 4 variables, col_G=7)
2026-08-17 09:38:17,260 [INFO] ✅ Generado: PLANTILLA_000000027984_Little_Ember.csv (7 filas, 4 variables, col_G=7)
2026-08-17 09:38:17,262 [INFO] ✅ Generado: PLANTILLA_000000027983_Little_Goo.csv (7 filas, 4 variables, col_G=7)
2026-08-17 09:38:17,265 [INFO] ✅ Generado: PLANTILLA_000000027982_Little_Greyson.csv (6 filas, 3 variables, col_G=6)
2026-08-17 09:38:17,267 [INFO] ✅ Generado: PLANTILLA_000000027981_Little_Fang.csv (7 filas, 4 variables, col_G=7)
2026-08-17 09:38:17,269 [INFO] ✅ Generado: PLANTILLA_000000027986_Little_Rotty.csv (6 filas, 3 variables, col_G=6)
2026-08-17 09:38:17,273 [INFO] ✅ Generado: PLANTILLA_000000027978_James_busted.csv (5 filas, 2 variables, col_G=5)
2026-08-17 09:38:17,276 [INFO] ✅ Generado: PLANTILLA_000000027979_Helen_Busted.csv (5 filas, 2 variables, col_G=5)
2026-08-17 09:38:17,278 [INFO] ✅ Generado: PLANTILLA_000000027980_William_Busted.csv (5 filas, 2 variables, col_G=5)
2026-08-17 09:38:17,281 [INFO] ✅ Generado: PLANTILLA_000000331008_Bloody_Curtains.csv (3 filas, 0 variables, col_G=3)
2026-08-17 09:38:17,286 [INFO] ✅ Generado: PLANTILLA_000000027994_Effigy.csv (3 filas, 0 variables, col_G=3)
2026-08-17 09:38:17,290 [INFO] ✅ Generado: PLANTILLA_000000027995_Pharaoh.csv (3 filas, 0 variables, col_G=3)
2026-08-17 09:38:17,294 [INFO] ✅ Generado: PLANTILLA_000000027991_Carnivorous_plant_garden_decor.csv (6 filas, 3 variables, col_G=6)
2026-08-17 09:38:17,297 [INFO] ✅ Generado: PLANTILLA_000000027992_Gnome_garden_decor.csv (3 filas, 0 variables, col_G=3)
2026-08-17 09:38:17,300 [INFO] ✅ Generado: PLANTILLA_000000028212_Earth_Dragon_Puppet.csv (3 filas, 0 variables, col_G=3)
2026-08-17 09:38:17,305 [INFO] ✅ Generado: PLANTILLA_000000028213_Fire_Dragon_Puppet.csv (3 filas, 0 variables, col_G=3)
2026-08-17 09:38:17,309 [INFO] ✅ Generado: PLANTILLA_000000028211_Demon_Puppet.csv (3 filas, 0 variables, col_G=3)
2026-08-17 09:38:17,311 [INFO] ✅ Generado: PLANTILLA_000000028214_Goat_Puppet.csv (3 filas, 0 variables, col_G=3)
2026-08-17 09:38:17,313 [INFO] ✅ Generado: PLANTILLA_000000028210_Gargoyle_Puppet.csv (3 filas, 0 variables, col_G=3)
2026-08-17 09:38:17,316 [INFO] ✅ Generado: PLANTILLA_000000028215_Wacky_Clown_Puppet.csv (3 filas, 0 variables, col_G=3)
2026-08-17 09:38:17,318 [INFO] ✅ Generado: PLANTILLA_000000028122_Hobby_Zombie_Unicorn_Stick.csv (7 filas, 4 variables, col_G=7)
2026-08-17 09:38:17,321 [INFO] ✅ Generado: PLANTILLA_000000028123_Hobby_Zombie_Horse_Stick.csv (7 filas, 4 variables, col_G=7)
2026-08-17 09:38:17,324 [INFO] ✅ Generado: PLANTILLA_000000027976_Chocolate_Gigi.csv (5 filas, 2 variables, col_G=5)
2026-08-17 09:38:17,326 [INFO] ✅ Generado: PLANTILLA_000000027970_Blady.csv (5 filas, 2 variables, col_G=5)
2026-08-17 09:38:17,329 [INFO] ✅ Generado: PLANTILLA_000000027966_Possessed_Elf.csv (5 filas, 2 variables, col_G=5)
2026-08-17 09:38:17,331 [INFO] ✅ Generado: PLANTILLA_000000027967_Mini_Troll.csv (6 filas, 3 variables, col_G=6)
2026-08-17 09:38:17,333 [INFO] ✅ Generado: PLANTILLA_000000027974_Centipede.csv (5 filas, 2 variables, col_G=5)
2026-08-17 09:38:17,336 [INFO] ✅ Generado: PLANTILLA_000000027977_Fangsy.csv (5 filas, 2 variables, col_G=5)
2026-08-17 09:38:17,341 [INFO] ✅ Generado: PLANTILLA_000000027971_Punky.csv (5 filas, 2 variables, col_G=5)
2026-08-17 09:38:17,345 [INFO] ✅ Generado: PLANTILLA_000000027972_Lil´Horns.csv (5 filas, 2 variables, col_G=5)
2026-08-17 09:38:17,349 [INFO] ✅ Generado: PLANTILLA_000000027973_BoohBlue.csv (5 filas, 2 variables, col_G=5)
2026-08-17 09:38:17,352 [INFO] ✅ Generado: PLANTILLA_000000668651_Midsummer_Horror_Clown.csv (5 filas, 2 variables, col_G=5)
2026-08-17 09:38:17,357 [INFO] ✅ Generado: PLANTILLA_000000028120_Liging_Severed_Hand.csv (6 filas, 3 variables, col_G=6)
2026-08-17 09:38:17,361 [INFO] ✅ Generado: PLANTILLA_000000028121_Living_Severed_Hand_2.csv (6 filas, 3 variables, col_G=6)
2026-08-17 09:38:17,365 [INFO] ✅ Generado: PLANTILLA_000000084812_Serial_Killer_Apron.csv (7 filas, 4 variables, col_G=7)
2026-08-17 09:38:17,369 [INFO] ✅ Generado: PLANTILLA_000000084811_Forrest_Killer_Apron.csv (6 filas, 3 variables, col_G=6)
2026-08-17 09:38:17,373 [INFO] ✅ Generado: PLANTILLA_000000084810_Butcher_Killer_Apron.csv (7 filas, 4 variables, col_G=7)
2026-08-17 09:38:17,379 [INFO] ✅ Generado: PLANTILLA_000000084285_Lord_jester.csv (13 filas, 10 variables, col_G=13)
2026-08-17 09:38:17,383 [INFO] ✅ Generado: PLANTILLA_000000084286_Lord_jester.csv (14 filas, 11 variables, col_G=14)
2026-08-17 09:38:17,386 [INFO] ✅ Generado: PLANTILLA_000000084287_Lord_jester.csv (14 filas, 11 variables, col_G=14)
2026-08-17 09:38:17,391 [INFO] ✅ Generado: PLANTILLA_000000084280_Lady_Harlequin.csv (14 filas, 11 variables, col_G=14)
2026-08-17 09:38:17,398 [INFO] ✅ Generado: PLANTILLA_000000084281_Lady_Harlequin.csv (14 filas, 11 variables, col_G=14)
2026-08-17 09:38:17,408 [INFO] ✅ Generado: PLANTILLA_000000084282_Lady_Harlequin.csv (14 filas, 11 variables, col_G=14)
2026-08-17 09:38:17,414 [INFO] ✅ Generado: PLANTILLA_000000084295_Miss_Circus_Ringmaster.csv (13 filas, 10 variables, col_G=13)
2026-08-17 09:38:17,416 [INFO] ✅ Generado: PLANTILLA_000000084296_Miss_Circus_Ringmaster.csv (13 filas, 10 variables, col_G=13)
2026-08-17 09:38:17,421 [INFO] ✅ Generado: PLANTILLA_000000084297_Miss_Circus_Ringmaster.csv (13 filas, 10 variables, col_G=13)
2026-08-17 09:38:17,425 [INFO] ✅ Generado: PLANTILLA_000000084840_Spooky_Pumpkin_Scarecrow.csv (8 filas, 5 variables, col_G=8)
2026-08-17 09:38:17,428 [INFO] ✅ Generado: PLANTILLA_000000084841_Spooky_Pumpkin_Scarecrow.csv (8 filas, 5 variables, col_G=8)
2026-08-17 09:38:17,431 [INFO] ✅ Generado: PLANTILLA_000000084842_Spooky_Pumpkin_Scarecrow.csv (8 filas, 5 variables, col_G=8)
2026-08-17 09:38:17,433 [INFO] ✅ Generado: PLANTILLA_000000084835_Mont´s_Glowing_Clown.csv (13 filas, 10 variables, col_G=13)
2026-08-17 09:38:17,435 [INFO] ✅ Generado: PLANTILLA_000000084836_Mont´s_Glowing_Clown.csv (13 filas, 10 variables, col_G=13)
2026-08-17 09:38:17,438 [INFO] ✅ Generado: PLANTILLA_000000084837_Mont´s_Glowing_Clown.csv (13 filas, 10 variables, col_G=13)
2026-08-17 09:38:17,442 [INFO] ✅ Generado: PLANTILLA_000000084826_Kramper_Cape.csv (13 filas, 10 variables, col_G=13)
2026-08-17 09:38:17,444 [INFO] ✅ Generado: PLANTILLA_000000084822_Christmas_Grumpy_Monster.csv (15 filas, 12 variables, col_G=15)
2026-08-17 09:38:17,446 [INFO] ✅ Generado: PLANTILLA_000000084855_Grumpy_Monster.csv (11 filas, 8 variables, col_G=11)
2026-08-17 09:38:17,449 [INFO] ✅ Generado: PLANTILLA_000000084825_Sasquatch_Costume.csv (11 filas, 8 variables, col_G=11)
2026-08-17 09:38:17,451 [INFO] ✅ Generado: PLANTILLA_000000027898_Rotten_Sandwich.csv (3 filas, 0 variables, col_G=3)
2026-08-17 09:38:17,453 [INFO] ✅ Generado: PLANTILLA_000000027895_Disgusting_Hot_Dog.csv (3 filas, 0 variables, col_G=3)
2026-08-17 09:38:17,457 [INFO] ✅ Generado: PLANTILLA_000000027916_Nasty_Chinese_Food.csv (3 filas, 0 variables, col_G=3)
2026-08-17 09:38:17,459 [INFO] ✅ Generado: PLANTILLA_000000030149_Fiery_clown_1.csv (3 filas, 0 variables, col_G=3)
2026-08-17 09:38:17,462 [INFO] ✅ Generado: PLANTILLA_000000030138_Burger´s_Clown_1.csv (4 filas, 1 variables, col_G=4)
2026-08-17 09:38:17,464 [INFO] ✅ Generado: PLANTILLA_000000149113__Marinero_Creepy.csv (3 filas, 0 variables, col_G=3)
2026-08-17 09:38:17,466 [INFO] ✅ Generado: PLANTILLA_000000027976_Chocolate_Gigi_1.csv (5 filas, 2 variables, col_G=5)
2026-08-17 09:38:17,469 [INFO] ✅ Generado: PLANTILLA_000000027977_Fangsy_1.csv (5 filas, 2 variables, col_G=5)
2026-08-17 09:38:17,472 [INFO] ✅ Generado: PLANTILLA_000000030101_Jester_Clown.csv (6 filas, 3 variables, col_G=6)
2026-08-17 09:38:17,475 [INFO] ✅ Generado: PLANTILLA_000000030103_Clown_Smiles.csv (6 filas, 3 variables, col_G=6)
2026-08-17 09:38:17,478 [INFO] ✅ Generado: PLANTILLA_000000030141_Eyeball_Mask.csv (4 filas, 1 variables, col_G=4)
2026-08-17 09:38:17,480 [INFO] ✅ Generado: PLANTILLA_000000030135_Bram.csv (3 filas, 0 variables, col_G=3)
2026-08-17 09:38:17,482 [INFO] ✅ Generado: PLANTILLA_000000030136_Lilith.csv (5 filas, 2 variables, col_G=5)
2026-08-17 09:38:17,484 [INFO] ✅ Generado: PLANTILLA_000000030157_Ghoulish_Man.csv (4 filas, 1 variables, col_G=4)
2026-08-17 09:38:17,486 [INFO] ✅ Generado: PLANTILLA_000000030023_Possessed_samurai.csv (4 filas, 1 variables, col_G=4)
2026-08-17 09:38:17,489 [INFO] ✅ Generado: PLANTILLA_000000072202_Alien_Monster.csv (3 filas, 0 variables, col_G=3)
2026-08-17 09:38:17,492 [INFO] ✅ Generado: PLANTILLA_000000030009_Cosmic_king.csv (3 filas, 0 variables, col_G=3)
2026-08-17 09:38:17,494 [INFO] ✅ Generado: PLANTILLA_000000030128_Zombie_Pug.csv (3 filas, 0 variables, col_G=3)
2026-08-17 09:38:17,496 [INFO] ✅ Generado: PLANTILLA_000000027975_Sugar_Kiky.csv (5 filas, 2 variables, col_G=5)
2026-08-17 09:38:17,499 [INFO] ✅ Generado: PLANTILLA_000000027968_Nightshade.csv (5 filas, 2 variables, col_G=5)
2026-08-17 09:38:17,501 [INFO] ✅ Generado: PLANTILLA_000000027969_Snowbelle.csv (5 filas, 2 variables, col_G=5)
2026-08-17 09:38:17,506 [INFO] ✅ Generado: PLANTILLA_000000025838_Alien_Flesh.csv (4 filas, 1 variables, col_G=4)
2026-08-17 09:38:17,510 [INFO] ✅ Generado: PLANTILLA_000000030130_Sir_Thomas.csv (3 filas, 0 variables, col_G=3)
2026-08-17 09:38:17,513 [INFO] ✅ Generado: PLANTILLA_000000027993_Staffs__Witch_Green.csv (5 filas, 2 variables, col_G=5)
2026-08-17 09:38:17,515 [INFO] ✅ Generado: PLANTILLA_000000027797_Waxed_skull.csv (3 filas, 0 variables, col_G=3)
2026-08-17 09:38:17,517 [INFO] ✅ Generado: PLANTILLA_000200350005__Cthulu_Mug.csv (3 filas, 0 variables, col_G=3)
2026-08-17 09:38:17,521 [INFO] ✅ Generado: PLANTILLA_000200350007__Alien_Mug.csv (3 filas, 0 variables, col_G=3)
2026-08-17 09:38:17,524 [INFO] ✅ Generado: PLANTILLA_000200350003__Franky_Mug.csv (3 filas, 0 variables, col_G=3)
2026-08-17 09:38:17,527 [INFO] ✅ Generado: PLANTILLA_0000000335101_Skull_Wall_Panels.csv (3 filas, 0 variables, col_G=3)
2026-08-17 09:38:17,529 [INFO] ✅ Generado: PLANTILLA_000000027902_Pale_skin_bag.csv (4 filas, 1 variables, col_G=4)
2026-08-17 09:38:17,531 [INFO] ✅ Generado: PLANTILLA_000000027936_Finger_Keychain.csv (5 filas, 2 variables, col_G=5)
2026-08-17 09:38:17,534 [INFO] ✅ Generado: PLANTILLA_000000027937_Tongue_Keychain.csv (5 filas, 2 variables, col_G=5)
2026-08-17 09:38:17,537 [INFO] ✅ Generado: PLANTILLA_000000027938_Eye_Keychain.csv (5 filas, 2 variables, col_G=5)
2026-08-17 09:38:17,541 [INFO] ✅ Generado: PLANTILLA_000000027935_Nose_Keychain.csv (5 filas, 2 variables, col_G=5)
2026-08-17 09:38:17,543 [INFO] ✅ Generado: PLANTILLA_000000027939_Ear_Keychain.csv (5 filas, 2 variables, col_G=5)
2026-08-17 09:38:17,545 [INFO] ✅ Generado: PLANTILLA_000000029011_Yeti_Mega_Costume.csv (10 filas, 7 variables, col_G=10)
2026-08-17 09:38:17,546 [INFO] 
📊 Resumen final:
2026-08-17 09:38:17,546 [INFO]    ✅ Plantillas generadas: 187
2026-08-17 09:38:17,546 [INFO]    ⏭️ Omitidas (sin precio): 0
2026-08-17 09:38:17,547 [INFO]    ❌ Errores (inconsistencia de filas): 0
2026-08-17 09:38:17,547 [INFO]    📁 Carpeta: 'C:\Users\Dany\Desktop\Proyecto\output'
2026-08-17 09:38:17,547 [WARNING] ⚠️ Modelo duplicado detectado: 000000030149 Fiery clown - se elimina la segunda ocurrencia.
2026-08-17 09:38:17,548 [WARNING] ⚠️ Modelo duplicado detectado: 000000030138 Burger´s Clown - se elimina la segunda ocurrencia.
2026-08-17 09:38:17,548 [WARNING] ⚠️ Modelo duplicado detectado: 000000027976 Chocolate Gigi - se elimina la segunda ocurrencia.
2026-08-17 09:38:17,548 [WARNING] ⚠️ Modelo duplicado detectado: 000000027977 Fangsy - se elimina la segunda ocurrencia.
2026-08-17 09:38:17,548 [INFO] 🧹 Desduplicación: 187 → 183 modelos únicos.
2026-08-17 09:38:17,549 [INFO] 📦 183 modelos listos para el bot.
2026-08-17 09:38:17,550 [INFO] 📦 183 modelos pendientes de 183 totales.
2026-08-17 09:38:27,536 [INFO] ✅ WebDriver inicializado.
2026-08-17 09:38:27,538 [INFO] 🌐 Navegando a la página de login de VUCEM...
2026-08-17 09:39:05,113 [INFO] ✅ Login verificado.
2026-08-17 09:39:05,123 [INFO] 🧭 Iniciando navegación real al formulario...
2026-08-17 09:39:09,492 [INFO] ✅ Click en 'Solicitudes nuevas'
2026-08-17 09:39:12,771 [INFO] ✅ Click en Secretaría de Economía
2026-08-17 09:39:24,827 [INFO] ✅ Click en trámite 110101 con selector: ('xpath', "//a[contains(@onclick,'110101')]")
2026-08-17 09:39:25,407 [INFO] ✅ Pestaña 'Tratados'
2026-08-17 09:39:25,761 [INFO] ✅ Unión Europea seleccionada
2026-08-17 09:39:26,032 [INFO] ✅ TLCUEM seleccionado
2026-08-17 09:39:26,479 [INFO] ✅ Criterio B seleccionado
2026-08-17 09:39:26,816 [INFO] ✅ Tratado agregado
2026-08-17 09:39:28,149 [INFO] ✅ Pestaña 'Datos de la mercancía'
2026-08-17 09:39:28,224 [INFO] ✅ Navegación completada. Formulario listo.
2026-08-17 09:40:29,882 [INFO] 📤 Procesando modelo 000000030145 Creepy T.W.
2026-08-17 09:40:29,883 [INFO] Esperando campo 'Nombre comercial'...
2026-08-17 09:40:38,478 [INFO] ✅ Texto leído: '000000030145 Creepy T.W.'
2026-08-17 09:40:39,436 [INFO] ✅ Excel: Fracción=95059099, Precio=26.9, Insumos=3
2026-08-17 09:40:41,041 [INFO] 🔍 Usando código del Excel: 000000030145 Creepy T.W.
2026-08-17 09:40:42,351 [INFO] 🔍 Buscando archivo para: '000000030145 Creepy T.W.' (normalizado: '000000030145_Creepy_T_W')
2026-08-17 09:40:42,353 [INFO]    📁 Carpeta: C:\Users\Dany\Desktop\Proyecto\output
2026-08-17 09:40:42,364 [INFO] ✅ Archivo CSV encontrado: PLANTILLA_000000030145_Creepy_T.W..csv
2026-08-17 09:40:42,391 [INFO] 📊 El archivo tiene 4 filas. Se esperaban 3.
2026-08-17 09:40:42,392 [WARNING] ⚠️ ADVERTENCIA: El número de insumos no coincide. Se subirá igual.
2026-08-17 09:40:42,526 [INFO] ✅ Archivo seleccionado en el campo.
2026-08-17 09:40:43,757 [INFO] ✅ Click en 'Enviar' realizado. Esperando procesamiento...
2026-08-17 09:40:48,832 [INFO] ✅ Modal de carga cerrado.
2026-08-17 09:43:08,518 [INFO] 🛑 Interrupción por usuario. Estado guardado.
2026-08-17 09:43:08,545 [WARNING] Retrying (Retry(total=2, connect=None, read=None, redirect=None, status=None)) after connection broken by 'ConnectionResetError(10054, 'Se ha forzado la interrupción de una conexión existente por el host remoto', None, 10054, None)': /session/285b3f5fb07b6d20b46966bace55145f
2026-08-17 09:43:12,681 [WARNING] Retrying (Retry(total=1, connect=None, read=None, redirect=None, status=None)) after connection broken by 'NewConnectionError("HTTPConnection(host='localhost', port=60080): Failed to establish a new connection: [WinError 10061] No se puede establecer una conexión ya que el equipo de destino denegó expresamente dicha conexión")': /session/285b3f5fb07b6d20b46966bace55145f
2026-08-17 09:43:16,823 [WARNING] Retrying (Retry(total=0, connect=None, read=None, redirect=None, status=None)) after connection broken by 'NewConnectionError("HTTPConnection(host='localhost', port=60080): Failed to establish a new connection: [WinError 10061] No se puede establecer una conexión ya que el equipo de destino denegó expresamente dicha conexión")': /session/285b3f5fb07b6d20b46966bace55145f
2026-08-17 09:43:20,930 [INFO] 🛑 Browser cerrado.
2026-08-17 09:43:21,158 [INFO] 📄 Reporte HTML generado: C:\Users\Dany\Desktop\Proyecto\logs\reporte_20260817.html
2026-08-17 09:43:21,158 [INFO] ============================================================
2026-08-17 09:43:21,159 [INFO] 🏁 Procesamiento finalizado.
2026-08-17 09:43:21,160 [INFO] 📊 Resumen de esta sesión:
2026-08-17 09:43:21,160 [INFO]    ✅ Procesados en esta sesión: 0
2026-08-17 09:43:21,161 [INFO]    ❌ Fallos en esta sesión: 0
2026-08-17 09:43:21,161 [INFO] 📊 Acumulado total:
2026-08-17 09:43:21,163 [INFO]    ✅ Total procesados: 0
2026-08-17 09:43:21,164 [INFO]    ❌ Total fallidos: 0
2026-08-17 09:43:21,165 [INFO] ============================================================
2026-08-17 10:14:40,707 [INFO] 🚀 Iniciando sistema automatizado de comercio exterior - VUCEM
2026-08-17 10:14:40,713 [INFO] Cargando proveedores desde BOM...
2026-08-17 10:14:42,450 [INFO] ✅ 3588 proveedores cargados.
2026-08-17 10:14:42,451 [INFO] Cargando insumos por modelo desde BOM (solo categorías al INICIO)...
2026-08-17 10:14:48,113 [INFO] ✅ 1614 modelos con insumos cargados.
2026-08-17 10:14:48,114 [INFO] Procesando archivo maestro (hoja '2026')...
2026-08-17 10:14:48,284 [INFO] ✅ Generado: PLANTILLA_000000024505_Assault_mask.csv (3 filas, 0 variables, col_G=3)
2026-08-17 10:14:48,327 [INFO] ✅ Generado: PLANTILLA_000000021292_Hockey_Killer.csv (5 filas, 2 variables, col_G=5)
2026-08-17 10:14:48,333 [INFO] ✅ Generado: PLANTILLA_000000022131_Apocalyptic_Mask.csv (3 filas, 0 variables, col_G=3)
2026-08-17 10:14:48,340 [INFO] ✅ Generado: PLANTILLA_000000021179_Brown_wolf.csv (3 filas, 0 variables, col_G=3)
2026-08-17 10:14:48,356 [INFO] ✅ Generado: PLANTILLA_000000021229_Brown_Dr._Peste.csv (5 filas, 2 variables, col_G=5)
2026-08-17 10:14:48,363 [INFO] ✅ Generado: PLANTILLA_000000021225_Crania_face.csv (5 filas, 2 variables, col_G=5)
2026-08-17 10:14:48,377 [INFO] ✅ Generado: PLANTILLA_000000021107_Jacko.csv (3 filas, 0 variables, col_G=3)
2026-08-17 10:14:48,397 [INFO] ✅ Generado: PLANTILLA_000000050122_Akasha.csv (4 filas, 1 variables, col_G=4)
2026-08-17 10:14:48,403 [INFO] ✅ Generado: PLANTILLA_000000050116_Alucard.csv (3 filas, 0 variables, col_G=3)
2026-08-17 10:14:48,411 [INFO] ✅ Generado: PLANTILLA_000000050118_Mr._Bones_Tan.csv (3 filas, 0 variables, col_G=3)
2026-08-17 10:14:48,415 [INFO] ✅ Generado: PLANTILLA_000000050117_Mr._Bones.csv (3 filas, 0 variables, col_G=3)
2026-08-17 10:14:48,423 [INFO] ✅ Generado: PLANTILLA_000000050120_Daffy.csv (4 filas, 1 variables, col_G=4)
2026-08-17 10:14:48,429 [INFO] ✅ Generado: PLANTILLA_000000050119_Soggy.csv (5 filas, 2 variables, col_G=5)
2026-08-17 10:14:48,438 [INFO] ✅ Generado: PLANTILLA_000000050121_Baba_Yaga.csv (3 filas, 0 variables, col_G=3)
2026-08-17 10:14:48,483 [INFO] ✅ Generado: PLANTILLA_000000350063__Rolan__Street_clown.csv (5 filas, 2 variables, col_G=5)
2026-08-17 10:14:48,489 [INFO] ✅ Generado: PLANTILLA_000000350064_Psychopathic_Clown.csv (7 filas, 4 variables, col_G=7)
2026-08-17 10:14:48,494 [INFO] ✅ Generado: PLANTILLA_000000350065_Rusty_the_Clown.csv (8 filas, 5 variables, col_G=8)
2026-08-17 10:14:48,500 [INFO] ✅ Generado: PLANTILLA_000000350061_Narmoga.csv (6 filas, 3 variables, col_G=6)
2026-08-17 10:14:48,507 [INFO] ✅ Generado: PLANTILLA_000000350062_Agnha.csv (7 filas, 4 variables, col_G=7)
2026-08-17 10:14:48,517 [INFO] ✅ Generado: PLANTILLA_000000350060_Nightstalker.csv (4 filas, 1 variables, col_G=4)
2026-08-17 10:14:48,525 [INFO] ✅ Generado: PLANTILLA_000000350059_Death_Walker.csv (4 filas, 1 variables, col_G=4)
2026-08-17 10:14:48,529 [INFO] ✅ Generado: PLANTILLA_000000030110_Night_Terror.csv (3 filas, 0 variables, col_G=3)
2026-08-17 10:14:48,533 [INFO] ✅ Generado: PLANTILLA_000000030111_Transplanted.csv (4 filas, 1 variables, col_G=4)
2026-08-17 10:14:48,537 [INFO] ✅ Generado: PLANTILLA_000000030109_Splitting_Headache.csv (3 filas, 0 variables, col_G=3)
2026-08-17 10:14:48,543 [INFO] ✅ Generado: PLANTILLA_000000030181_Camazotz.csv (3 filas, 0 variables, col_G=3)
2026-08-17 10:14:48,550 [INFO] ✅ Generado: PLANTILLA_000000030182_Silent_Death.csv (4 filas, 1 variables, col_G=4)
2026-08-17 10:14:48,557 [INFO] ✅ Generado: PLANTILLA_000000030180_Demon_Vampire.csv (3 filas, 0 variables, col_G=3)
2026-08-17 10:14:48,576 [INFO] ✅ Generado: PLANTILLA_000000030173_Pagliacci.csv (3 filas, 0 variables, col_G=3)
2026-08-17 10:14:48,588 [INFO] ✅ Generado: PLANTILLA_000000030116_Dusty_clown.csv (3 filas, 0 variables, col_G=3)
2026-08-17 10:14:48,615 [INFO] ✅ Generado: PLANTILLA_000000030166_Hellbell_clown.csv (6 filas, 3 variables, col_G=6)
2026-08-17 10:14:48,620 [INFO] ✅ Generado: PLANTILLA_000000030149_Fiery_clown.csv (3 filas, 0 variables, col_G=3)
2026-08-17 10:14:48,625 [INFO] ✅ Generado: PLANTILLA_000000030142_Sadistic_clown.csv (5 filas, 2 variables, col_G=5)
2026-08-17 10:14:48,629 [INFO] ✅ Generado: PLANTILLA_000000030100_Toothy_Clown.csv (6 filas, 3 variables, col_G=6)
2026-08-17 10:14:48,638 [INFO] ✅ Generado: PLANTILLA_000000030102_Creppy_Clown_smile.csv (5 filas, 2 variables, col_G=5)
2026-08-17 10:14:48,642 [INFO] ✅ Generado: PLANTILLA_000000030115_Fiendish_clown.csv (3 filas, 0 variables, col_G=3)
2026-08-17 10:14:48,645 [INFO] ✅ Generado: PLANTILLA_000000030117_Jezebel.csv (5 filas, 2 variables, col_G=5)
2026-08-17 10:14:48,647 [INFO] ✅ Generado: PLANTILLA_000000030118_Porky_the_clown.csv (8 filas, 5 variables, col_G=8)
2026-08-17 10:14:48,650 [INFO] ✅ Generado: PLANTILLA_000000030138_Burger´s_Clown.csv (4 filas, 1 variables, col_G=4)
2026-08-17 10:14:48,652 [INFO] ✅ Generado: PLANTILLA_000000030143_Zippy.csv (4 filas, 1 variables, col_G=4)
2026-08-17 10:14:48,656 [INFO] ✅ Generado: PLANTILLA_000000030122_Amuck.csv (4 filas, 1 variables, col_G=4)
2026-08-17 10:14:48,659 [INFO] ✅ Generado: PLANTILLA_000000030159_Upside_Grin_Clown.csv (3 filas, 0 variables, col_G=3)
2026-08-17 10:14:48,661 [INFO] ✅ Generado: PLANTILLA_000000030137_Thug_Clown.csv (4 filas, 1 variables, col_G=4)
2026-08-17 10:14:48,664 [INFO] ✅ Generado: PLANTILLA_000000030120_Crispy.csv (6 filas, 3 variables, col_G=6)
2026-08-17 10:14:48,667 [INFO] ✅ Generado: PLANTILLA_000000030134_Mad_Clown_Biker.csv (3 filas, 0 variables, col_G=3)
2026-08-17 10:14:48,670 [INFO] ✅ Generado: PLANTILLA_000000030167_Spawlown.csv (3 filas, 0 variables, col_G=3)
2026-08-17 10:14:48,675 [INFO] ✅ Generado: PLANTILLA_000000030121_Bumpy.csv (4 filas, 1 variables, col_G=4)
2026-08-17 10:14:48,677 [INFO] ✅ Generado: PLANTILLA_000000030153_Igor.csv (4 filas, 1 variables, col_G=4)
2026-08-17 10:14:48,679 [INFO] ✅ Generado: PLANTILLA_000000030145_Creepy_T.W..csv (4 filas, 1 variables, col_G=4)
2026-08-17 10:14:48,681 [INFO] ✅ Generado: PLANTILLA_000000030148_Creepy_P..csv (4 filas, 1 variables, col_G=4)
2026-08-17 10:14:48,683 [INFO] ✅ Generado: PLANTILLA_000000030146_Creepy_D..csv (4 filas, 1 variables, col_G=4)
2026-08-17 10:14:48,685 [INFO] ✅ Generado: PLANTILLA_000000030147_Creepy_L.L..csv (4 filas, 1 variables, col_G=4)
2026-08-17 10:14:48,688 [INFO] ✅ Generado: PLANTILLA_000000149113_Marinero_Creepy.csv (3 filas, 0 variables, col_G=3)
2026-08-17 10:14:48,691 [INFO] ✅ Generado: PLANTILLA_000000030131_Creepyboobu.csv (4 filas, 1 variables, col_G=4)
2026-08-17 10:14:48,694 [INFO] ✅ Generado: PLANTILLA_000000030151_Mothman.csv (5 filas, 2 variables, col_G=5)
2026-08-17 10:14:48,697 [INFO] ✅ Generado: PLANTILLA_000000030114_Creepy_Peter.csv (3 filas, 0 variables, col_G=3)
2026-08-17 10:14:48,700 [INFO] ✅ Generado: PLANTILLA_000000030174_Crazy_Auguste.csv (4 filas, 1 variables, col_G=4)
2026-08-17 10:14:48,704 [INFO] ✅ Generado: PLANTILLA_000000030176_Brickie_zombie.csv (3 filas, 0 variables, col_G=3)
2026-08-17 10:14:48,709 [INFO] ✅ Generado: PLANTILLA_000000030175_Killer_Identity.csv (3 filas, 0 variables, col_G=3)
2026-08-17 10:14:48,711 [INFO] ✅ Generado: PLANTILLA_000000030171_J_the_Slayer.csv (5 filas, 2 variables, col_G=5)
2026-08-17 10:14:48,714 [INFO] ✅ Generado: PLANTILLA_000000071542_Fleshless_mouth.csv (5 filas, 2 variables, col_G=5)
2026-08-17 10:14:48,716 [INFO] ✅ Generado: PLANTILLA_000000030177_Zombie_pilot.csv (4 filas, 1 variables, col_G=4)
2026-08-17 10:14:48,718 [INFO] ✅ Generado: PLANTILLA_000000030133_Chopper_Rider.csv (3 filas, 0 variables, col_G=3)
2026-08-17 10:14:48,721 [INFO] ✅ Generado: PLANTILLA_000000030178_The_lord.csv (3 filas, 0 variables, col_G=3)
2026-08-17 10:14:48,725 [INFO] ✅ Generado: PLANTILLA_000000030162_Big_Horns_Skull.csv (5 filas, 2 variables, col_G=5)
2026-08-17 10:14:48,727 [INFO] ✅ Generado: PLANTILLA_000000030161_Big_Horns_Skull_Neon.csv (6 filas, 3 variables, col_G=6)
2026-08-17 10:14:48,731 [INFO] ✅ Generado: PLANTILLA_000000030132_Patrol_Skull.csv (3 filas, 0 variables, col_G=3)
2026-08-17 10:14:48,734 [INFO] ✅ Generado: PLANTILLA_000000030160_Big_Horns_Devil.csv (5 filas, 2 variables, col_G=5)
2026-08-17 10:14:48,743 [INFO] ✅ Generado: PLANTILLA_000000030164_Malebranche.csv (4 filas, 1 variables, col_G=4)
2026-08-17 10:14:48,746 [INFO] ✅ Generado: PLANTILLA_000000030123_Possessed_nun.csv (7 filas, 4 variables, col_G=7)
2026-08-17 10:14:48,748 [INFO] ✅ Generado: PLANTILLA_000000030163_Big_Horns_alien.csv (5 filas, 2 variables, col_G=5)
2026-08-17 10:14:48,749 [INFO] ✅ Generado: PLANTILLA_000000072201_Alien_Creepy.csv (3 filas, 0 variables, col_G=3)
2026-08-17 10:14:48,753 [INFO] ✅ Generado: PLANTILLA_000000030152_Morak.csv (3 filas, 0 variables, col_G=3)
2026-08-17 10:14:48,757 [INFO] ✅ Generado: PLANTILLA_000000030158_Blind_Warden.csv (3 filas, 0 variables, col_G=3)
2026-08-17 10:14:48,761 [INFO] ✅ Generado: PLANTILLA_000000030179_Frankorned.csv (3 filas, 0 variables, col_G=3)
2026-08-17 10:14:48,763 [INFO] ✅ Generado: PLANTILLA_000000030168_Gorth.csv (5 filas, 2 variables, col_G=5)
2026-08-17 10:14:48,766 [INFO] ✅ Generado: PLANTILLA_000000030112_Old_Troll.csv (3 filas, 0 variables, col_G=3)
2026-08-17 10:14:48,769 [INFO] ✅ Generado: PLANTILLA_000000030113_Funny_Troll.csv (3 filas, 0 variables, col_G=3)
2026-08-17 10:14:48,776 [INFO] ✅ Generado: PLANTILLA_000000030144_Creepy_Voodoo_Master.csv (4 filas, 1 variables, col_G=4)
2026-08-17 10:14:48,778 [INFO] ✅ Generado: PLANTILLA_000000030150_Anciente_Priest.csv (3 filas, 0 variables, col_G=3)
2026-08-17 10:14:48,780 [INFO] ✅ Generado: PLANTILLA_000000030172_Voodoo_victim.csv (3 filas, 0 variables, col_G=3)
2026-08-17 10:14:48,782 [INFO] ✅ Generado: PLANTILLA_000000030165_Horned_Sorceress.csv (4 filas, 1 variables, col_G=4)
2026-08-17 10:14:48,785 [INFO] ✅ Generado: PLANTILLA_000000071535_Agatha.csv (6 filas, 3 variables, col_G=6)
2026-08-17 10:14:48,789 [INFO] ✅ Generado: PLANTILLA_000000027990_Staffs__Witch.csv (5 filas, 2 variables, col_G=5)
2026-08-17 10:14:48,793 [INFO] ✅ Generado: PLANTILLA_000000071544_Scar_wolf.csv (3 filas, 0 variables, col_G=3)
2026-08-17 10:14:48,795 [INFO] ✅ Generado: PLANTILLA_000000030139_Sack_Creature.csv (5 filas, 2 variables, col_G=5)
2026-08-17 10:14:48,798 [INFO] ✅ Generado: PLANTILLA_000000030124_Mangy_rat.csv (5 filas, 2 variables, col_G=5)
2026-08-17 10:14:48,805 [INFO] ✅ Generado: PLANTILLA_000000030125_Rabid_boar.csv (4 filas, 1 variables, col_G=4)
2026-08-17 10:14:48,810 [INFO] ✅ Generado: PLANTILLA_000000030127_Zombie_Cat.csv (5 filas, 2 variables, col_G=5)
2026-08-17 10:14:48,814 [INFO] ✅ Generado: PLANTILLA_000000030129_Zombie_Capybara.csv (3 filas, 0 variables, col_G=3)
2026-08-17 10:14:48,817 [INFO] ✅ Generado: PLANTILLA_000000030119_Rotten_Panda.csv (5 filas, 2 variables, col_G=5)
2026-08-17 10:14:48,821 [INFO] ✅ Generado: PLANTILLA_000000030169_Apenstein.csv (5 filas, 2 variables, col_G=5)
2026-08-17 10:14:48,825 [INFO] ✅ Generado: PLANTILLA_000000030170_Groaner.csv (3 filas, 0 variables, col_G=3)
2026-08-17 10:14:48,827 [INFO] ✅ Generado: PLANTILLA_000000030154_Evil_Nutcracker.csv (4 filas, 1 variables, col_G=4)
2026-08-17 10:14:48,829 [INFO] ✅ Generado: PLANTILLA_000000030155_Creepy_Happy.csv (6 filas, 3 variables, col_G=6)
2026-08-17 10:14:48,831 [INFO] ✅ Generado: PLANTILLA_000000030156_Creepy_Sad.csv (6 filas, 3 variables, col_G=6)
2026-08-17 10:14:48,834 [INFO] ✅ Generado: PLANTILLA_000000027985_Little_Abyss.csv (7 filas, 4 variables, col_G=7)
2026-08-17 10:14:48,841 [INFO] ✅ Generado: PLANTILLA_000000027984_Little_Ember.csv (7 filas, 4 variables, col_G=7)
2026-08-17 10:14:48,845 [INFO] ✅ Generado: PLANTILLA_000000027983_Little_Goo.csv (7 filas, 4 variables, col_G=7)
2026-08-17 10:14:48,849 [INFO] ✅ Generado: PLANTILLA_000000027982_Little_Greyson.csv (6 filas, 3 variables, col_G=6)
2026-08-17 10:14:48,860 [INFO] ✅ Generado: PLANTILLA_000000027981_Little_Fang.csv (7 filas, 4 variables, col_G=7)
2026-08-17 10:14:48,866 [INFO] ✅ Generado: PLANTILLA_000000027986_Little_Rotty.csv (6 filas, 3 variables, col_G=6)
2026-08-17 10:14:48,871 [INFO] ✅ Generado: PLANTILLA_000000027978_James_busted.csv (5 filas, 2 variables, col_G=5)
2026-08-17 10:14:48,876 [INFO] ✅ Generado: PLANTILLA_000000027979_Helen_Busted.csv (5 filas, 2 variables, col_G=5)
2026-08-17 10:14:48,878 [INFO] ✅ Generado: PLANTILLA_000000027980_William_Busted.csv (5 filas, 2 variables, col_G=5)
2026-08-17 10:14:48,881 [INFO] ✅ Generado: PLANTILLA_000000331008_Bloody_Curtains.csv (3 filas, 0 variables, col_G=3)
2026-08-17 10:14:48,884 [INFO] ✅ Generado: PLANTILLA_000000027994_Effigy.csv (3 filas, 0 variables, col_G=3)
2026-08-17 10:14:48,889 [INFO] ✅ Generado: PLANTILLA_000000027995_Pharaoh.csv (3 filas, 0 variables, col_G=3)
2026-08-17 10:14:48,896 [INFO] ✅ Generado: PLANTILLA_000000027991_Carnivorous_plant_garden_decor.csv (6 filas, 3 variables, col_G=6)
2026-08-17 10:14:48,900 [INFO] ✅ Generado: PLANTILLA_000000027992_Gnome_garden_decor.csv (3 filas, 0 variables, col_G=3)
2026-08-17 10:14:48,906 [INFO] ✅ Generado: PLANTILLA_000000028212_Earth_Dragon_Puppet.csv (3 filas, 0 variables, col_G=3)
2026-08-17 10:14:48,910 [INFO] ✅ Generado: PLANTILLA_000000028213_Fire_Dragon_Puppet.csv (3 filas, 0 variables, col_G=3)
2026-08-17 10:14:48,915 [INFO] ✅ Generado: PLANTILLA_000000028211_Demon_Puppet.csv (3 filas, 0 variables, col_G=3)
2026-08-17 10:14:48,917 [INFO] ✅ Generado: PLANTILLA_000000028214_Goat_Puppet.csv (3 filas, 0 variables, col_G=3)
2026-08-17 10:14:48,922 [INFO] ✅ Generado: PLANTILLA_000000028210_Gargoyle_Puppet.csv (3 filas, 0 variables, col_G=3)
2026-08-17 10:14:48,926 [INFO] ✅ Generado: PLANTILLA_000000028215_Wacky_Clown_Puppet.csv (3 filas, 0 variables, col_G=3)
2026-08-17 10:14:48,930 [INFO] ✅ Generado: PLANTILLA_000000028122_Hobby_Zombie_Unicorn_Stick.csv (7 filas, 4 variables, col_G=7)
2026-08-17 10:14:48,934 [INFO] ✅ Generado: PLANTILLA_000000028123_Hobby_Zombie_Horse_Stick.csv (7 filas, 4 variables, col_G=7)
2026-08-17 10:14:48,945 [INFO] ✅ Generado: PLANTILLA_000000027976_Chocolate_Gigi.csv (5 filas, 2 variables, col_G=5)
2026-08-17 10:14:48,948 [INFO] ✅ Generado: PLANTILLA_000000027970_Blady.csv (5 filas, 2 variables, col_G=5)
2026-08-17 10:14:48,951 [INFO] ✅ Generado: PLANTILLA_000000027966_Possessed_Elf.csv (5 filas, 2 variables, col_G=5)
2026-08-17 10:14:48,957 [INFO] ✅ Generado: PLANTILLA_000000027967_Mini_Troll.csv (6 filas, 3 variables, col_G=6)
2026-08-17 10:14:48,960 [INFO] ✅ Generado: PLANTILLA_000000027974_Centipede.csv (5 filas, 2 variables, col_G=5)
2026-08-17 10:14:48,963 [INFO] ✅ Generado: PLANTILLA_000000027977_Fangsy.csv (5 filas, 2 variables, col_G=5)
2026-08-17 10:14:48,967 [INFO] ✅ Generado: PLANTILLA_000000027971_Punky.csv (5 filas, 2 variables, col_G=5)
2026-08-17 10:14:48,973 [INFO] ✅ Generado: PLANTILLA_000000027972_Lil´Horns.csv (5 filas, 2 variables, col_G=5)
2026-08-17 10:14:48,977 [INFO] ✅ Generado: PLANTILLA_000000027973_BoohBlue.csv (5 filas, 2 variables, col_G=5)
2026-08-17 10:14:48,980 [INFO] ✅ Generado: PLANTILLA_000000668651_Midsummer_Horror_Clown.csv (5 filas, 2 variables, col_G=5)
2026-08-17 10:14:48,983 [INFO] ✅ Generado: PLANTILLA_000000028120_Liging_Severed_Hand.csv (6 filas, 3 variables, col_G=6)
2026-08-17 10:14:48,986 [INFO] ✅ Generado: PLANTILLA_000000028121_Living_Severed_Hand_2.csv (6 filas, 3 variables, col_G=6)
2026-08-17 10:14:48,990 [INFO] ✅ Generado: PLANTILLA_000000084812_Serial_Killer_Apron.csv (7 filas, 4 variables, col_G=7)
2026-08-17 10:14:48,993 [INFO] ✅ Generado: PLANTILLA_000000084811_Forrest_Killer_Apron.csv (6 filas, 3 variables, col_G=6)
2026-08-17 10:14:48,997 [INFO] ✅ Generado: PLANTILLA_000000084810_Butcher_Killer_Apron.csv (7 filas, 4 variables, col_G=7)
2026-08-17 10:14:49,001 [INFO] ✅ Generado: PLANTILLA_000000084285_Lord_jester.csv (13 filas, 10 variables, col_G=13)
2026-08-17 10:14:49,009 [INFO] ✅ Generado: PLANTILLA_000000084286_Lord_jester.csv (14 filas, 11 variables, col_G=14)
2026-08-17 10:14:49,012 [INFO] ✅ Generado: PLANTILLA_000000084287_Lord_jester.csv (14 filas, 11 variables, col_G=14)
2026-08-17 10:14:49,015 [INFO] ✅ Generado: PLANTILLA_000000084280_Lady_Harlequin.csv (14 filas, 11 variables, col_G=14)
2026-08-17 10:14:49,018 [INFO] ✅ Generado: PLANTILLA_000000084281_Lady_Harlequin.csv (14 filas, 11 variables, col_G=14)
2026-08-17 10:14:49,021 [INFO] ✅ Generado: PLANTILLA_000000084282_Lady_Harlequin.csv (14 filas, 11 variables, col_G=14)
2026-08-17 10:14:49,024 [INFO] ✅ Generado: PLANTILLA_000000084295_Miss_Circus_Ringmaster.csv (13 filas, 10 variables, col_G=13)
2026-08-17 10:14:49,028 [INFO] ✅ Generado: PLANTILLA_000000084296_Miss_Circus_Ringmaster.csv (13 filas, 10 variables, col_G=13)
2026-08-17 10:14:49,030 [INFO] ✅ Generado: PLANTILLA_000000084297_Miss_Circus_Ringmaster.csv (13 filas, 10 variables, col_G=13)
2026-08-17 10:14:49,033 [INFO] ✅ Generado: PLANTILLA_000000084840_Spooky_Pumpkin_Scarecrow.csv (8 filas, 5 variables, col_G=8)
2026-08-17 10:14:49,038 [INFO] ✅ Generado: PLANTILLA_000000084841_Spooky_Pumpkin_Scarecrow.csv (8 filas, 5 variables, col_G=8)
2026-08-17 10:14:49,045 [INFO] ✅ Generado: PLANTILLA_000000084842_Spooky_Pumpkin_Scarecrow.csv (8 filas, 5 variables, col_G=8)
2026-08-17 10:14:49,048 [INFO] ✅ Generado: PLANTILLA_000000084835_Mont´s_Glowing_Clown.csv (13 filas, 10 variables, col_G=13)
2026-08-17 10:14:49,056 [INFO] ✅ Generado: PLANTILLA_000000084836_Mont´s_Glowing_Clown.csv (13 filas, 10 variables, col_G=13)
2026-08-17 10:14:49,061 [INFO] ✅ Generado: PLANTILLA_000000084837_Mont´s_Glowing_Clown.csv (13 filas, 10 variables, col_G=13)
2026-08-17 10:14:49,076 [INFO] ✅ Generado: PLANTILLA_000000084826_Kramper_Cape.csv (13 filas, 10 variables, col_G=13)
2026-08-17 10:14:49,082 [INFO] ✅ Generado: PLANTILLA_000000084822_Christmas_Grumpy_Monster.csv (15 filas, 12 variables, col_G=15)
2026-08-17 10:14:49,084 [INFO] ✅ Generado: PLANTILLA_000000084855_Grumpy_Monster.csv (11 filas, 8 variables, col_G=11)
2026-08-17 10:14:49,089 [INFO] ✅ Generado: PLANTILLA_000000084825_Sasquatch_Costume.csv (11 filas, 8 variables, col_G=11)
2026-08-17 10:14:49,092 [INFO] ✅ Generado: PLANTILLA_000000027898_Rotten_Sandwich.csv (3 filas, 0 variables, col_G=3)
2026-08-17 10:14:49,095 [INFO] ✅ Generado: PLANTILLA_000000027895_Disgusting_Hot_Dog.csv (3 filas, 0 variables, col_G=3)
2026-08-17 10:14:49,099 [INFO] ✅ Generado: PLANTILLA_000000027916_Nasty_Chinese_Food.csv (3 filas, 0 variables, col_G=3)
2026-08-17 10:14:49,107 [INFO] ✅ Generado: PLANTILLA_000000030149_Fiery_clown_1.csv (3 filas, 0 variables, col_G=3)
2026-08-17 10:14:49,113 [INFO] ✅ Generado: PLANTILLA_000000030138_Burger´s_Clown_1.csv (4 filas, 1 variables, col_G=4)
2026-08-17 10:14:49,116 [INFO] ✅ Generado: PLANTILLA_000000149113__Marinero_Creepy.csv (3 filas, 0 variables, col_G=3)
2026-08-17 10:14:49,118 [INFO] ✅ Generado: PLANTILLA_000000027976_Chocolate_Gigi_1.csv (5 filas, 2 variables, col_G=5)
2026-08-17 10:14:49,122 [INFO] ✅ Generado: PLANTILLA_000000027977_Fangsy_1.csv (5 filas, 2 variables, col_G=5)
2026-08-17 10:14:49,126 [INFO] ✅ Generado: PLANTILLA_000000030101_Jester_Clown.csv (6 filas, 3 variables, col_G=6)
2026-08-17 10:14:49,128 [INFO] ✅ Generado: PLANTILLA_000000030103_Clown_Smiles.csv (6 filas, 3 variables, col_G=6)
2026-08-17 10:14:49,131 [INFO] ✅ Generado: PLANTILLA_000000030141_Eyeball_Mask.csv (4 filas, 1 variables, col_G=4)
2026-08-17 10:14:49,137 [INFO] ✅ Generado: PLANTILLA_000000030135_Bram.csv (3 filas, 0 variables, col_G=3)
2026-08-17 10:14:49,143 [INFO] ✅ Generado: PLANTILLA_000000030136_Lilith.csv (5 filas, 2 variables, col_G=5)
2026-08-17 10:14:49,145 [INFO] ✅ Generado: PLANTILLA_000000030157_Ghoulish_Man.csv (4 filas, 1 variables, col_G=4)
2026-08-17 10:14:49,149 [INFO] ✅ Generado: PLANTILLA_000000030023_Possessed_samurai.csv (4 filas, 1 variables, col_G=4)
2026-08-17 10:14:49,152 [INFO] ✅ Generado: PLANTILLA_000000072202_Alien_Monster.csv (3 filas, 0 variables, col_G=3)
2026-08-17 10:14:49,157 [INFO] ✅ Generado: PLANTILLA_000000030009_Cosmic_king.csv (3 filas, 0 variables, col_G=3)
2026-08-17 10:14:49,160 [INFO] ✅ Generado: PLANTILLA_000000030128_Zombie_Pug.csv (3 filas, 0 variables, col_G=3)
2026-08-17 10:14:49,164 [INFO] ✅ Generado: PLANTILLA_000000027975_Sugar_Kiky.csv (5 filas, 2 variables, col_G=5)
2026-08-17 10:14:49,166 [INFO] ✅ Generado: PLANTILLA_000000027968_Nightshade.csv (5 filas, 2 variables, col_G=5)
2026-08-17 10:14:49,176 [INFO] ✅ Generado: PLANTILLA_000000027969_Snowbelle.csv (5 filas, 2 variables, col_G=5)
2026-08-17 10:14:49,179 [INFO] ✅ Generado: PLANTILLA_000000025838_Alien_Flesh.csv (4 filas, 1 variables, col_G=4)
2026-08-17 10:14:49,182 [INFO] ✅ Generado: PLANTILLA_000000030130_Sir_Thomas.csv (3 filas, 0 variables, col_G=3)
2026-08-17 10:14:49,185 [INFO] ✅ Generado: PLANTILLA_000000027993_Staffs__Witch_Green.csv (5 filas, 2 variables, col_G=5)
2026-08-17 10:14:49,190 [INFO] ✅ Generado: PLANTILLA_000000027797_Waxed_skull.csv (3 filas, 0 variables, col_G=3)
2026-08-17 10:14:49,193 [INFO] ✅ Generado: PLANTILLA_000200350005__Cthulu_Mug.csv (3 filas, 0 variables, col_G=3)
2026-08-17 10:14:49,196 [INFO] ✅ Generado: PLANTILLA_000200350007__Alien_Mug.csv (3 filas, 0 variables, col_G=3)
2026-08-17 10:14:49,198 [INFO] ✅ Generado: PLANTILLA_000200350003__Franky_Mug.csv (3 filas, 0 variables, col_G=3)
2026-08-17 10:14:49,207 [INFO] ✅ Generado: PLANTILLA_0000000335101_Skull_Wall_Panels.csv (3 filas, 0 variables, col_G=3)
2026-08-17 10:14:49,210 [INFO] ✅ Generado: PLANTILLA_000000027902_Pale_skin_bag.csv (4 filas, 1 variables, col_G=4)
2026-08-17 10:14:49,213 [INFO] ✅ Generado: PLANTILLA_000000027936_Finger_Keychain.csv (5 filas, 2 variables, col_G=5)
2026-08-17 10:14:49,215 [INFO] ✅ Generado: PLANTILLA_000000027937_Tongue_Keychain.csv (5 filas, 2 variables, col_G=5)
2026-08-17 10:14:49,219 [INFO] ✅ Generado: PLANTILLA_000000027938_Eye_Keychain.csv (5 filas, 2 variables, col_G=5)
2026-08-17 10:14:49,223 [INFO] ✅ Generado: PLANTILLA_000000027935_Nose_Keychain.csv (5 filas, 2 variables, col_G=5)
2026-08-17 10:14:49,226 [INFO] ✅ Generado: PLANTILLA_000000027939_Ear_Keychain.csv (5 filas, 2 variables, col_G=5)
2026-08-17 10:14:49,228 [INFO] ✅ Generado: PLANTILLA_000000029011_Yeti_Mega_Costume.csv (10 filas, 7 variables, col_G=10)
2026-08-17 10:14:49,229 [INFO] 
📊 Resumen final:
2026-08-17 10:14:49,230 [INFO]    ✅ Plantillas generadas: 187
2026-08-17 10:14:49,231 [INFO]    ⏭️ Omitidas (sin precio): 0
2026-08-17 10:14:49,232 [INFO]    ❌ Errores (inconsistencia de filas): 0
2026-08-17 10:14:49,233 [INFO]    📁 Carpeta: 'C:\Users\Dany\Desktop\Proyecto\output'
2026-08-17 10:14:49,235 [WARNING] ⚠️ Modelo duplicado detectado: 000000030149 Fiery clown - se elimina la segunda ocurrencia.
2026-08-17 10:14:49,239 [WARNING] ⚠️ Modelo duplicado detectado: 000000030138 Burger´s Clown - se elimina la segunda ocurrencia.
2026-08-17 10:14:49,240 [WARNING] ⚠️ Modelo duplicado detectado: 000000027976 Chocolate Gigi - se elimina la segunda ocurrencia.
2026-08-17 10:14:49,240 [WARNING] ⚠️ Modelo duplicado detectado: 000000027977 Fangsy - se elimina la segunda ocurrencia.
2026-08-17 10:14:49,241 [INFO] 🧹 Desduplicación: 187 → 183 modelos únicos.
2026-08-17 10:14:49,242 [INFO] 📦 183 modelos listos para el bot.
2026-08-17 10:14:49,243 [INFO] 📦 183 modelos pendientes de 183 totales.
2026-08-17 10:14:52,127 [INFO] ✅ WebDriver inicializado.
2026-08-17 10:14:52,128 [INFO] 🌐 Navegando a la página de login de VUCEM...
2026-08-17 10:17:01,444 [INFO] 🛑 Interrupción por usuario. Estado guardado.
2026-08-17 10:17:01,463 [WARNING] Retrying (Retry(total=2, connect=None, read=None, redirect=None, status=None)) after connection broken by 'ConnectionResetError(10054, 'Se ha forzado la interrupción de una conexión existente por el host remoto', None, 10054, None)': /session/77968d1399194ffae35cc7607a23354b
2026-08-17 10:17:51,147 [INFO] 🚀 Iniciando sistema automatizado de comercio exterior - VUCEM
2026-08-17 10:17:51,152 [INFO] Cargando proveedores desde BOM...
2026-08-17 10:17:52,750 [INFO] ✅ 3588 proveedores cargados.
2026-08-17 10:17:52,751 [INFO] Cargando insumos por modelo desde BOM (solo categorías al INICIO)...
2026-08-17 10:17:58,405 [INFO] ✅ 1614 modelos con insumos cargados.
2026-08-17 10:17:58,406 [INFO] Procesando archivo maestro (hoja '2026')...
2026-08-17 10:17:58,597 [INFO] ✅ Generado: PLANTILLA_000000024505_Assault_mask_1.csv (3 filas, 0 variables, col_G=3)
2026-08-17 10:17:58,600 [INFO] ✅ Generado: PLANTILLA_000000021292_Hockey_Killer_1.csv (5 filas, 2 variables, col_G=5)
2026-08-17 10:17:58,607 [INFO] ✅ Generado: PLANTILLA_000000022131_Apocalyptic_Mask_1.csv (3 filas, 0 variables, col_G=3)
2026-08-17 10:17:58,611 [INFO] ✅ Generado: PLANTILLA_000000021179_Brown_wolf_1.csv (3 filas, 0 variables, col_G=3)
2026-08-17 10:17:58,615 [INFO] ✅ Generado: PLANTILLA_000000021229_Brown_Dr._Peste_1.csv (5 filas, 2 variables, col_G=5)
2026-08-17 10:17:58,657 [INFO] ✅ Generado: PLANTILLA_000000021225_Crania_face_1.csv (5 filas, 2 variables, col_G=5)
2026-08-17 10:17:58,668 [INFO] ✅ Generado: PLANTILLA_000000021107_Jacko_1.csv (3 filas, 0 variables, col_G=3)
2026-08-17 10:17:58,676 [INFO] ✅ Generado: PLANTILLA_000000050122_Akasha_1.csv (4 filas, 1 variables, col_G=4)
2026-08-17 10:17:58,695 [INFO] ✅ Generado: PLANTILLA_000000050116_Alucard_1.csv (3 filas, 0 variables, col_G=3)
2026-08-17 10:17:58,703 [INFO] ✅ Generado: PLANTILLA_000000050118_Mr._Bones_Tan_1.csv (3 filas, 0 variables, col_G=3)
2026-08-17 10:17:58,709 [INFO] ✅ Generado: PLANTILLA_000000050117_Mr._Bones_1.csv (3 filas, 0 variables, col_G=3)
2026-08-17 10:17:58,714 [INFO] ✅ Generado: PLANTILLA_000000050120_Daffy_1.csv (4 filas, 1 variables, col_G=4)
2026-08-17 10:17:58,723 [INFO] ✅ Generado: PLANTILLA_000000050119_Soggy_1.csv (5 filas, 2 variables, col_G=5)
2026-08-17 10:17:58,726 [INFO] ✅ Generado: PLANTILLA_000000050121_Baba_Yaga_1.csv (3 filas, 0 variables, col_G=3)
2026-08-17 10:17:58,729 [INFO] ✅ Generado: PLANTILLA_000000350063__Rolan__Street_clown_1.csv (5 filas, 2 variables, col_G=5)
2026-08-17 10:17:58,732 [INFO] ✅ Generado: PLANTILLA_000000350064_Psychopathic_Clown_1.csv (7 filas, 4 variables, col_G=7)
2026-08-17 10:17:58,738 [INFO] ✅ Generado: PLANTILLA_000000350065_Rusty_the_Clown_1.csv (8 filas, 5 variables, col_G=8)
2026-08-17 10:17:58,740 [INFO] ✅ Generado: PLANTILLA_000000350061_Narmoga_1.csv (6 filas, 3 variables, col_G=6)
2026-08-17 10:17:58,743 [INFO] ✅ Generado: PLANTILLA_000000350062_Agnha_1.csv (7 filas, 4 variables, col_G=7)
2026-08-17 10:17:58,747 [INFO] ✅ Generado: PLANTILLA_000000350060_Nightstalker_1.csv (4 filas, 1 variables, col_G=4)
2026-08-17 10:17:58,752 [INFO] ✅ Generado: PLANTILLA_000000350059_Death_Walker_1.csv (4 filas, 1 variables, col_G=4)
2026-08-17 10:17:58,755 [INFO] ✅ Generado: PLANTILLA_000000030110_Night_Terror_1.csv (3 filas, 0 variables, col_G=3)
2026-08-17 10:17:58,758 [INFO] ✅ Generado: PLANTILLA_000000030111_Transplanted_1.csv (4 filas, 1 variables, col_G=4)
2026-08-17 10:17:58,761 [INFO] ✅ Generado: PLANTILLA_000000030109_Splitting_Headache_1.csv (3 filas, 0 variables, col_G=3)
2026-08-17 10:17:58,764 [INFO] ✅ Generado: PLANTILLA_000000030181_Camazotz_1.csv (3 filas, 0 variables, col_G=3)
2026-08-17 10:17:58,769 [INFO] ✅ Generado: PLANTILLA_000000030182_Silent_Death_1.csv (4 filas, 1 variables, col_G=4)
2026-08-17 10:17:58,774 [INFO] ✅ Generado: PLANTILLA_000000030180_Demon_Vampire_1.csv (3 filas, 0 variables, col_G=3)
2026-08-17 10:17:58,777 [INFO] ✅ Generado: PLANTILLA_000000030173_Pagliacci_1.csv (3 filas, 0 variables, col_G=3)
2026-08-17 10:17:58,782 [INFO] ✅ Generado: PLANTILLA_000000030116_Dusty_clown_1.csv (3 filas, 0 variables, col_G=3)
2026-08-17 10:17:58,789 [INFO] ✅ Generado: PLANTILLA_000000030166_Hellbell_clown_1.csv (6 filas, 3 variables, col_G=6)
2026-08-17 10:17:58,792 [INFO] ✅ Generado: PLANTILLA_000000030149_Fiery_clown_2.csv (3 filas, 0 variables, col_G=3)
2026-08-17 10:17:58,794 [INFO] ✅ Generado: PLANTILLA_000000030142_Sadistic_clown_1.csv (5 filas, 2 variables, col_G=5)
2026-08-17 10:17:58,796 [INFO] ✅ Generado: PLANTILLA_000000030100_Toothy_Clown_1.csv (6 filas, 3 variables, col_G=6)
2026-08-17 10:17:58,798 [INFO] ✅ Generado: PLANTILLA_000000030102_Creppy_Clown_smile_1.csv (5 filas, 2 variables, col_G=5)
2026-08-17 10:17:58,801 [INFO] ✅ Generado: PLANTILLA_000000030115_Fiendish_clown_1.csv (3 filas, 0 variables, col_G=3)
2026-08-17 10:17:58,804 [INFO] ✅ Generado: PLANTILLA_000000030117_Jezebel_1.csv (5 filas, 2 variables, col_G=5)
2026-08-17 10:17:58,807 [INFO] ✅ Generado: PLANTILLA_000000030118_Porky_the_clown_1.csv (8 filas, 5 variables, col_G=8)
2026-08-17 10:17:58,809 [INFO] ✅ Generado: PLANTILLA_000000030138_Burger´s_Clown_2.csv (4 filas, 1 variables, col_G=4)
2026-08-17 10:17:58,813 [INFO] ✅ Generado: PLANTILLA_000000030143_Zippy_1.csv (4 filas, 1 variables, col_G=4)
2026-08-17 10:17:58,820 [INFO] ✅ Generado: PLANTILLA_000000030122_Amuck_1.csv (4 filas, 1 variables, col_G=4)
2026-08-17 10:17:58,825 [INFO] ✅ Generado: PLANTILLA_000000030159_Upside_Grin_Clown_1.csv (3 filas, 0 variables, col_G=3)
2026-08-17 10:17:58,829 [INFO] ✅ Generado: PLANTILLA_000000030137_Thug_Clown_1.csv (4 filas, 1 variables, col_G=4)
2026-08-17 10:17:58,837 [INFO] ✅ Generado: PLANTILLA_000000030120_Crispy_1.csv (6 filas, 3 variables, col_G=6)
2026-08-17 10:17:58,841 [INFO] ✅ Generado: PLANTILLA_000000030134_Mad_Clown_Biker_1.csv (3 filas, 0 variables, col_G=3)
2026-08-17 10:17:58,846 [INFO] ✅ Generado: PLANTILLA_000000030167_Spawlown_1.csv (3 filas, 0 variables, col_G=3)
2026-08-17 10:17:58,856 [INFO] ✅ Generado: PLANTILLA_000000030121_Bumpy_1.csv (4 filas, 1 variables, col_G=4)
2026-08-17 10:17:58,862 [INFO] ✅ Generado: PLANTILLA_000000030153_Igor_1.csv (4 filas, 1 variables, col_G=4)
2026-08-17 10:17:58,868 [INFO] ✅ Generado: PLANTILLA_000000030145_Creepy_T.W._1.csv (4 filas, 1 variables, col_G=4)
2026-08-17 10:17:58,872 [INFO] ✅ Generado: PLANTILLA_000000030148_Creepy_P._1.csv (4 filas, 1 variables, col_G=4)
2026-08-17 10:17:58,875 [INFO] ✅ Generado: PLANTILLA_000000030146_Creepy_D._1.csv (4 filas, 1 variables, col_G=4)
2026-08-17 10:17:58,878 [INFO] ✅ Generado: PLANTILLA_000000030147_Creepy_L.L._1.csv (4 filas, 1 variables, col_G=4)
2026-08-17 10:17:58,882 [INFO] ✅ Generado: PLANTILLA_000000149113_Marinero_Creepy_1.csv (3 filas, 0 variables, col_G=3)
2026-08-17 10:17:58,886 [INFO] ✅ Generado: PLANTILLA_000000030131_Creepyboobu_1.csv (4 filas, 1 variables, col_G=4)
2026-08-17 10:17:58,889 [INFO] ✅ Generado: PLANTILLA_000000030151_Mothman_1.csv (5 filas, 2 variables, col_G=5)
2026-08-17 10:17:58,891 [INFO] ✅ Generado: PLANTILLA_000000030114_Creepy_Peter_1.csv (3 filas, 0 variables, col_G=3)
2026-08-17 10:17:58,895 [INFO] ✅ Generado: PLANTILLA_000000030174_Crazy_Auguste_1.csv (4 filas, 1 variables, col_G=4)
2026-08-17 10:17:58,900 [INFO] ✅ Generado: PLANTILLA_000000030176_Brickie_zombie_1.csv (3 filas, 0 variables, col_G=3)
2026-08-17 10:17:58,905 [INFO] ✅ Generado: PLANTILLA_000000030175_Killer_Identity_1.csv (3 filas, 0 variables, col_G=3)
2026-08-17 10:17:58,908 [INFO] ✅ Generado: PLANTILLA_000000030171_J_the_Slayer_1.csv (5 filas, 2 variables, col_G=5)
2026-08-17 10:17:58,911 [INFO] ✅ Generado: PLANTILLA_000000071542_Fleshless_mouth_1.csv (5 filas, 2 variables, col_G=5)
2026-08-17 10:17:58,914 [INFO] ✅ Generado: PLANTILLA_000000030177_Zombie_pilot_1.csv (4 filas, 1 variables, col_G=4)
2026-08-17 10:17:58,917 [INFO] ✅ Generado: PLANTILLA_000000030133_Chopper_Rider_1.csv (3 filas, 0 variables, col_G=3)
2026-08-17 10:17:58,921 [INFO] ✅ Generado: PLANTILLA_000000030178_The_lord_1.csv (3 filas, 0 variables, col_G=3)
2026-08-17 10:17:58,924 [INFO] ✅ Generado: PLANTILLA_000000030162_Big_Horns_Skull_1.csv (5 filas, 2 variables, col_G=5)
2026-08-17 10:17:58,927 [INFO] ✅ Generado: PLANTILLA_000000030161_Big_Horns_Skull_Neon_1.csv (6 filas, 3 variables, col_G=6)
2026-08-17 10:17:58,930 [INFO] ✅ Generado: PLANTILLA_000000030132_Patrol_Skull_1.csv (3 filas, 0 variables, col_G=3)
2026-08-17 10:17:58,935 [INFO] ✅ Generado: PLANTILLA_000000030160_Big_Horns_Devil_1.csv (5 filas, 2 variables, col_G=5)
2026-08-17 10:17:58,941 [INFO] ✅ Generado: PLANTILLA_000000030164_Malebranche_1.csv (4 filas, 1 variables, col_G=4)
2026-08-17 10:17:58,946 [INFO] ✅ Generado: PLANTILLA_000000030123_Possessed_nun_1.csv (7 filas, 4 variables, col_G=7)
2026-08-17 10:17:58,950 [INFO] ✅ Generado: PLANTILLA_000000030163_Big_Horns_alien_1.csv (5 filas, 2 variables, col_G=5)
2026-08-17 10:17:58,959 [INFO] ✅ Generado: PLANTILLA_000000072201_Alien_Creepy_1.csv (3 filas, 0 variables, col_G=3)
2026-08-17 10:17:58,962 [INFO] ✅ Generado: PLANTILLA_000000030152_Morak_1.csv (3 filas, 0 variables, col_G=3)
2026-08-17 10:17:58,965 [INFO] ✅ Generado: PLANTILLA_000000030158_Blind_Warden_1.csv (3 filas, 0 variables, col_G=3)
2026-08-17 10:17:58,969 [INFO] ✅ Generado: PLANTILLA_000000030179_Frankorned_1.csv (3 filas, 0 variables, col_G=3)
2026-08-17 10:17:58,972 [INFO] ✅ Generado: PLANTILLA_000000030168_Gorth_1.csv (5 filas, 2 variables, col_G=5)
2026-08-17 10:17:58,975 [INFO] ✅ Generado: PLANTILLA_000000030112_Old_Troll_1.csv (3 filas, 0 variables, col_G=3)
2026-08-17 10:17:58,978 [INFO] ✅ Generado: PLANTILLA_000000030113_Funny_Troll_1.csv (3 filas, 0 variables, col_G=3)
2026-08-17 10:17:58,984 [INFO] ✅ Generado: PLANTILLA_000000030144_Creepy_Voodoo_Master_1.csv (4 filas, 1 variables, col_G=4)
2026-08-17 10:17:58,994 [INFO] ✅ Generado: PLANTILLA_000000030150_Anciente_Priest_1.csv (3 filas, 0 variables, col_G=3)
2026-08-17 10:17:59,000 [INFO] ✅ Generado: PLANTILLA_000000030172_Voodoo_victim_1.csv (3 filas, 0 variables, col_G=3)
2026-08-17 10:17:59,006 [INFO] ✅ Generado: PLANTILLA_000000030165_Horned_Sorceress_1.csv (4 filas, 1 variables, col_G=4)
2026-08-17 10:17:59,011 [INFO] ✅ Generado: PLANTILLA_000000071535_Agatha_1.csv (6 filas, 3 variables, col_G=6)
2026-08-17 10:17:59,018 [INFO] ✅ Generado: PLANTILLA_000000027990_Staffs__Witch_1.csv (5 filas, 2 variables, col_G=5)
2026-08-17 10:17:59,029 [INFO] ✅ Generado: PLANTILLA_000000071544_Scar_wolf_1.csv (3 filas, 0 variables, col_G=3)
2026-08-17 10:17:59,036 [INFO] ✅ Generado: PLANTILLA_000000030139_Sack_Creature_1.csv (5 filas, 2 variables, col_G=5)
2026-08-17 10:17:59,044 [INFO] ✅ Generado: PLANTILLA_000000030124_Mangy_rat_1.csv (5 filas, 2 variables, col_G=5)
2026-08-17 10:17:59,052 [INFO] ✅ Generado: PLANTILLA_000000030125_Rabid_boar_1.csv (4 filas, 1 variables, col_G=4)
2026-08-17 10:17:59,060 [INFO] ✅ Generado: PLANTILLA_000000030127_Zombie_Cat_1.csv (5 filas, 2 variables, col_G=5)
2026-08-17 10:17:59,063 [INFO] ✅ Generado: PLANTILLA_000000030129_Zombie_Capybara_1.csv (3 filas, 0 variables, col_G=3)
2026-08-17 10:17:59,068 [INFO] ✅ Generado: PLANTILLA_000000030119_Rotten_Panda_1.csv (5 filas, 2 variables, col_G=5)
2026-08-17 10:17:59,073 [INFO] ✅ Generado: PLANTILLA_000000030169_Apenstein_1.csv (5 filas, 2 variables, col_G=5)
2026-08-17 10:17:59,076 [INFO] ✅ Generado: PLANTILLA_000000030170_Groaner_1.csv (3 filas, 0 variables, col_G=3)
2026-08-17 10:17:59,079 [INFO] ✅ Generado: PLANTILLA_000000030154_Evil_Nutcracker_1.csv (4 filas, 1 variables, col_G=4)
2026-08-17 10:17:59,085 [INFO] ✅ Generado: PLANTILLA_000000030155_Creepy_Happy_1.csv (6 filas, 3 variables, col_G=6)
2026-08-17 10:17:59,091 [INFO] ✅ Generado: PLANTILLA_000000030156_Creepy_Sad_1.csv (6 filas, 3 variables, col_G=6)
2026-08-17 10:17:59,095 [INFO] ✅ Generado: PLANTILLA_000000027985_Little_Abyss_1.csv (7 filas, 4 variables, col_G=7)
2026-08-17 10:17:59,099 [INFO] ✅ Generado: PLANTILLA_000000027984_Little_Ember_1.csv (7 filas, 4 variables, col_G=7)
2026-08-17 10:17:59,105 [INFO] ✅ Generado: PLANTILLA_000000027983_Little_Goo_1.csv (7 filas, 4 variables, col_G=7)
2026-08-17 10:17:59,108 [INFO] ✅ Generado: PLANTILLA_000000027982_Little_Greyson_1.csv (6 filas, 3 variables, col_G=6)
2026-08-17 10:17:59,110 [INFO] ✅ Generado: PLANTILLA_000000027981_Little_Fang_1.csv (7 filas, 4 variables, col_G=7)
2026-08-17 10:17:59,114 [INFO] ✅ Generado: PLANTILLA_000000027986_Little_Rotty_1.csv (6 filas, 3 variables, col_G=6)
2026-08-17 10:17:59,118 [INFO] ✅ Generado: PLANTILLA_000000027978_James_busted_1.csv (5 filas, 2 variables, col_G=5)
2026-08-17 10:17:59,122 [INFO] ✅ Generado: PLANTILLA_000000027979_Helen_Busted_1.csv (5 filas, 2 variables, col_G=5)
2026-08-17 10:17:59,125 [INFO] ✅ Generado: PLANTILLA_000000027980_William_Busted_1.csv (5 filas, 2 variables, col_G=5)
2026-08-17 10:17:59,131 [INFO] ✅ Generado: PLANTILLA_000000331008_Bloody_Curtains_1.csv (3 filas, 0 variables, col_G=3)
2026-08-17 10:17:59,141 [INFO] ✅ Generado: PLANTILLA_000000027994_Effigy_1.csv (3 filas, 0 variables, col_G=3)
2026-08-17 10:17:59,143 [INFO] ✅ Generado: PLANTILLA_000000027995_Pharaoh_1.csv (3 filas, 0 variables, col_G=3)
2026-08-17 10:17:59,147 [INFO] ✅ Generado: PLANTILLA_000000027991_Carnivorous_plant_garden_decor_1.csv (6 filas, 3 variables, col_G=6)
2026-08-17 10:17:59,152 [INFO] ✅ Generado: PLANTILLA_000000027992_Gnome_garden_decor_1.csv (3 filas, 0 variables, col_G=3)
2026-08-17 10:17:59,156 [INFO] ✅ Generado: PLANTILLA_000000028212_Earth_Dragon_Puppet_1.csv (3 filas, 0 variables, col_G=3)
2026-08-17 10:17:59,157 [INFO] ✅ Generado: PLANTILLA_000000028213_Fire_Dragon_Puppet_1.csv (3 filas, 0 variables, col_G=3)
2026-08-17 10:17:59,160 [INFO] ✅ Generado: PLANTILLA_000000028211_Demon_Puppet_1.csv (3 filas, 0 variables, col_G=3)
2026-08-17 10:17:59,162 [INFO] ✅ Generado: PLANTILLA_000000028214_Goat_Puppet_1.csv (3 filas, 0 variables, col_G=3)
2026-08-17 10:17:59,164 [INFO] ✅ Generado: PLANTILLA_000000028210_Gargoyle_Puppet_1.csv (3 filas, 0 variables, col_G=3)
2026-08-17 10:17:59,168 [INFO] ✅ Generado: PLANTILLA_000000028215_Wacky_Clown_Puppet_1.csv (3 filas, 0 variables, col_G=3)
2026-08-17 10:17:59,172 [INFO] ✅ Generado: PLANTILLA_000000028122_Hobby_Zombie_Unicorn_Stick_1.csv (7 filas, 4 variables, col_G=7)
2026-08-17 10:17:59,175 [INFO] ✅ Generado: PLANTILLA_000000028123_Hobby_Zombie_Horse_Stick_1.csv (7 filas, 4 variables, col_G=7)
2026-08-17 10:17:59,178 [INFO] ✅ Generado: PLANTILLA_000000027976_Chocolate_Gigi_2.csv (5 filas, 2 variables, col_G=5)
2026-08-17 10:17:59,185 [INFO] ✅ Generado: PLANTILLA_000000027970_Blady_1.csv (5 filas, 2 variables, col_G=5)
2026-08-17 10:17:59,189 [INFO] ✅ Generado: PLANTILLA_000000027966_Possessed_Elf_1.csv (5 filas, 2 variables, col_G=5)
2026-08-17 10:17:59,192 [INFO] ✅ Generado: PLANTILLA_000000027967_Mini_Troll_1.csv (6 filas, 3 variables, col_G=6)
2026-08-17 10:17:59,197 [INFO] ✅ Generado: PLANTILLA_000000027974_Centipede_1.csv (5 filas, 2 variables, col_G=5)
2026-08-17 10:17:59,201 [INFO] ✅ Generado: PLANTILLA_000000027977_Fangsy_2.csv (5 filas, 2 variables, col_G=5)
2026-08-17 10:17:59,204 [INFO] ✅ Generado: PLANTILLA_000000027971_Punky_1.csv (5 filas, 2 variables, col_G=5)
2026-08-17 10:17:59,208 [INFO] ✅ Generado: PLANTILLA_000000027972_Lil´Horns_1.csv (5 filas, 2 variables, col_G=5)
2026-08-17 10:17:59,210 [INFO] ✅ Generado: PLANTILLA_000000027973_BoohBlue_1.csv (5 filas, 2 variables, col_G=5)
2026-08-17 10:17:59,218 [INFO] ✅ Generado: PLANTILLA_000000668651_Midsummer_Horror_Clown_1.csv (5 filas, 2 variables, col_G=5)
2026-08-17 10:17:59,223 [INFO] ✅ Generado: PLANTILLA_000000028120_Liging_Severed_Hand_1.csv (6 filas, 3 variables, col_G=6)
2026-08-17 10:17:59,226 [INFO] ✅ Generado: PLANTILLA_000000028121_Living_Severed_Hand_2_1.csv (6 filas, 3 variables, col_G=6)
2026-08-17 10:17:59,230 [INFO] ✅ Generado: PLANTILLA_000000084812_Serial_Killer_Apron_1.csv (7 filas, 4 variables, col_G=7)
2026-08-17 10:17:59,234 [INFO] ✅ Generado: PLANTILLA_000000084811_Forrest_Killer_Apron_1.csv (6 filas, 3 variables, col_G=6)
2026-08-17 10:17:59,237 [INFO] ✅ Generado: PLANTILLA_000000084810_Butcher_Killer_Apron_1.csv (7 filas, 4 variables, col_G=7)
2026-08-17 10:17:59,240 [INFO] ✅ Generado: PLANTILLA_000000084285_Lord_jester_1.csv (13 filas, 10 variables, col_G=13)
2026-08-17 10:17:59,242 [INFO] ✅ Generado: PLANTILLA_000000084286_Lord_jester_1.csv (14 filas, 11 variables, col_G=14)
2026-08-17 10:17:59,245 [INFO] ✅ Generado: PLANTILLA_000000084287_Lord_jester_1.csv (14 filas, 11 variables, col_G=14)
2026-08-17 10:17:59,248 [INFO] ✅ Generado: PLANTILLA_000000084280_Lady_Harlequin_1.csv (14 filas, 11 variables, col_G=14)
2026-08-17 10:17:59,252 [INFO] ✅ Generado: PLANTILLA_000000084281_Lady_Harlequin_1.csv (14 filas, 11 variables, col_G=14)
2026-08-17 10:17:59,255 [INFO] ✅ Generado: PLANTILLA_000000084282_Lady_Harlequin_1.csv (14 filas, 11 variables, col_G=14)
2026-08-17 10:17:59,259 [INFO] ✅ Generado: PLANTILLA_000000084295_Miss_Circus_Ringmaster_1.csv (13 filas, 10 variables, col_G=13)
2026-08-17 10:17:59,263 [INFO] ✅ Generado: PLANTILLA_000000084296_Miss_Circus_Ringmaster_1.csv (13 filas, 10 variables, col_G=13)
2026-08-17 10:17:59,268 [INFO] ✅ Generado: PLANTILLA_000000084297_Miss_Circus_Ringmaster_1.csv (13 filas, 10 variables, col_G=13)
2026-08-17 10:17:59,273 [INFO] ✅ Generado: PLANTILLA_000000084840_Spooky_Pumpkin_Scarecrow_1.csv (8 filas, 5 variables, col_G=8)
2026-08-17 10:17:59,277 [INFO] ✅ Generado: PLANTILLA_000000084841_Spooky_Pumpkin_Scarecrow_1.csv (8 filas, 5 variables, col_G=8)
2026-08-17 10:17:59,283 [INFO] ✅ Generado: PLANTILLA_000000084842_Spooky_Pumpkin_Scarecrow_1.csv (8 filas, 5 variables, col_G=8)
2026-08-17 10:17:59,286 [INFO] ✅ Generado: PLANTILLA_000000084835_Mont´s_Glowing_Clown_1.csv (13 filas, 10 variables, col_G=13)
2026-08-17 10:17:59,289 [INFO] ✅ Generado: PLANTILLA_000000084836_Mont´s_Glowing_Clown_1.csv (13 filas, 10 variables, col_G=13)
2026-08-17 10:17:59,292 [INFO] ✅ Generado: PLANTILLA_000000084837_Mont´s_Glowing_Clown_1.csv (13 filas, 10 variables, col_G=13)
2026-08-17 10:17:59,295 [INFO] ✅ Generado: PLANTILLA_000000084826_Kramper_Cape_1.csv (13 filas, 10 variables, col_G=13)
2026-08-17 10:17:59,298 [INFO] ✅ Generado: PLANTILLA_000000084822_Christmas_Grumpy_Monster_1.csv (15 filas, 12 variables, col_G=15)
2026-08-17 10:17:59,302 [INFO] ✅ Generado: PLANTILLA_000000084855_Grumpy_Monster_1.csv (11 filas, 8 variables, col_G=11)
2026-08-17 10:17:59,306 [INFO] ✅ Generado: PLANTILLA_000000084825_Sasquatch_Costume_1.csv (11 filas, 8 variables, col_G=11)
2026-08-17 10:17:59,309 [INFO] ✅ Generado: PLANTILLA_000000027898_Rotten_Sandwich_1.csv (3 filas, 0 variables, col_G=3)
2026-08-17 10:17:59,313 [INFO] ✅ Generado: PLANTILLA_000000027895_Disgusting_Hot_Dog_1.csv (3 filas, 0 variables, col_G=3)
2026-08-17 10:17:59,319 [INFO] ✅ Generado: PLANTILLA_000000027916_Nasty_Chinese_Food_1.csv (3 filas, 0 variables, col_G=3)
2026-08-17 10:17:59,323 [INFO] ✅ Generado: PLANTILLA_000000030149_Fiery_clown_3.csv (3 filas, 0 variables, col_G=3)
2026-08-17 10:17:59,325 [INFO] ✅ Generado: PLANTILLA_000000030138_Burger´s_Clown_3.csv (4 filas, 1 variables, col_G=4)
2026-08-17 10:17:59,327 [INFO] ✅ Generado: PLANTILLA_000000149113__Marinero_Creepy_1.csv (3 filas, 0 variables, col_G=3)
2026-08-17 10:17:59,330 [INFO] ✅ Generado: PLANTILLA_000000027976_Chocolate_Gigi_3.csv (5 filas, 2 variables, col_G=5)
2026-08-17 10:17:59,333 [INFO] ✅ Generado: PLANTILLA_000000027977_Fangsy_3.csv (5 filas, 2 variables, col_G=5)
2026-08-17 10:17:59,336 [INFO] ✅ Generado: PLANTILLA_000000030101_Jester_Clown_1.csv (6 filas, 3 variables, col_G=6)
2026-08-17 10:17:59,339 [INFO] ✅ Generado: PLANTILLA_000000030103_Clown_Smiles_1.csv (6 filas, 3 variables, col_G=6)
2026-08-17 10:17:59,344 [INFO] ✅ Generado: PLANTILLA_000000030141_Eyeball_Mask_1.csv (4 filas, 1 variables, col_G=4)
2026-08-17 10:17:59,350 [INFO] ✅ Generado: PLANTILLA_000000030135_Bram_1.csv (3 filas, 0 variables, col_G=3)
2026-08-17 10:17:59,361 [INFO] ✅ Generado: PLANTILLA_000000030136_Lilith_1.csv (5 filas, 2 variables, col_G=5)
2026-08-17 10:17:59,367 [INFO] ✅ Generado: PLANTILLA_000000030157_Ghoulish_Man_1.csv (4 filas, 1 variables, col_G=4)
2026-08-17 10:17:59,377 [INFO] ✅ Generado: PLANTILLA_000000030023_Possessed_samurai_1.csv (4 filas, 1 variables, col_G=4)
2026-08-17 10:17:59,389 [INFO] ✅ Generado: PLANTILLA_000000072202_Alien_Monster_1.csv (3 filas, 0 variables, col_G=3)
2026-08-17 10:17:59,395 [INFO] ✅ Generado: PLANTILLA_000000030009_Cosmic_king_1.csv (3 filas, 0 variables, col_G=3)
2026-08-17 10:17:59,400 [INFO] ✅ Generado: PLANTILLA_000000030128_Zombie_Pug_1.csv (3 filas, 0 variables, col_G=3)
2026-08-17 10:17:59,407 [INFO] ✅ Generado: PLANTILLA_000000027975_Sugar_Kiky_1.csv (5 filas, 2 variables, col_G=5)
2026-08-17 10:17:59,415 [INFO] ✅ Generado: PLANTILLA_000000027968_Nightshade_1.csv (5 filas, 2 variables, col_G=5)
2026-08-17 10:17:59,421 [INFO] ✅ Generado: PLANTILLA_000000027969_Snowbelle_1.csv (5 filas, 2 variables, col_G=5)
2026-08-17 10:17:59,427 [INFO] ✅ Generado: PLANTILLA_000000025838_Alien_Flesh_1.csv (4 filas, 1 variables, col_G=4)
2026-08-17 10:17:59,436 [INFO] ✅ Generado: PLANTILLA_000000030130_Sir_Thomas_1.csv (3 filas, 0 variables, col_G=3)
2026-08-17 10:17:59,445 [INFO] ✅ Generado: PLANTILLA_000000027993_Staffs__Witch_Green_1.csv (5 filas, 2 variables, col_G=5)
2026-08-17 10:17:59,453 [INFO] ✅ Generado: PLANTILLA_000000027797_Waxed_skull_1.csv (3 filas, 0 variables, col_G=3)
2026-08-17 10:17:59,458 [INFO] ✅ Generado: PLANTILLA_000200350005__Cthulu_Mug_1.csv (3 filas, 0 variables, col_G=3)
2026-08-17 10:17:59,464 [INFO] ✅ Generado: PLANTILLA_000200350007__Alien_Mug_1.csv (3 filas, 0 variables, col_G=3)
2026-08-17 10:17:59,474 [INFO] ✅ Generado: PLANTILLA_000200350003__Franky_Mug_1.csv (3 filas, 0 variables, col_G=3)
2026-08-17 10:17:59,478 [INFO] ✅ Generado: PLANTILLA_0000000335101_Skull_Wall_Panels_1.csv (3 filas, 0 variables, col_G=3)
2026-08-17 10:17:59,483 [INFO] ✅ Generado: PLANTILLA_000000027902_Pale_skin_bag_1.csv (4 filas, 1 variables, col_G=4)
2026-08-17 10:17:59,490 [INFO] ✅ Generado: PLANTILLA_000000027936_Finger_Keychain_1.csv (5 filas, 2 variables, col_G=5)
2026-08-17 10:17:59,499 [INFO] ✅ Generado: PLANTILLA_000000027937_Tongue_Keychain_1.csv (5 filas, 2 variables, col_G=5)
2026-08-17 10:17:59,506 [INFO] ✅ Generado: PLANTILLA_000000027938_Eye_Keychain_1.csv (5 filas, 2 variables, col_G=5)
2026-08-17 10:17:59,510 [INFO] ✅ Generado: PLANTILLA_000000027935_Nose_Keychain_1.csv (5 filas, 2 variables, col_G=5)
2026-08-17 10:17:59,517 [INFO] ✅ Generado: PLANTILLA_000000027939_Ear_Keychain_1.csv (5 filas, 2 variables, col_G=5)
2026-08-17 10:17:59,525 [INFO] ✅ Generado: PLANTILLA_000000029011_Yeti_Mega_Costume_1.csv (10 filas, 7 variables, col_G=10)
2026-08-17 10:17:59,526 [INFO] 
📊 Resumen final:
2026-08-17 10:17:59,526 [INFO]    ✅ Plantillas generadas: 187
2026-08-17 10:17:59,527 [INFO]    ⏭️ Omitidas (sin precio): 0
2026-08-17 10:17:59,527 [INFO]    ❌ Errores (inconsistencia de filas): 0
2026-08-17 10:17:59,527 [INFO]    📁 Carpeta: 'C:\Users\Dany\Desktop\Proyecto\output'
2026-08-17 10:17:59,528 [WARNING] ⚠️ Modelo duplicado detectado: 000000030149 Fiery clown - se elimina la segunda ocurrencia.
2026-08-17 10:17:59,528 [WARNING] ⚠️ Modelo duplicado detectado: 000000030138 Burger´s Clown - se elimina la segunda ocurrencia.
2026-08-17 10:17:59,528 [WARNING] ⚠️ Modelo duplicado detectado: 000000027976 Chocolate Gigi - se elimina la segunda ocurrencia.
2026-08-17 10:17:59,528 [WARNING] ⚠️ Modelo duplicado detectado: 000000027977 Fangsy - se elimina la segunda ocurrencia.
2026-08-17 10:17:59,529 [INFO] 🧹 Desduplicación: 187 → 183 modelos únicos.
2026-08-17 10:17:59,529 [INFO] 📦 183 modelos listos para el bot.
2026-08-17 10:17:59,530 [INFO] 📦 183 modelos pendientes de 183 totales.
2026-08-17 10:18:02,118 [INFO] ✅ WebDriver inicializado.
2026-08-17 10:18:02,123 [INFO] 🌐 Navegando a la página de login de VUCEM...
2026-08-17 10:22:12,183 [INFO] 🚀 Iniciando sistema automatizado de comercio exterior - VUCEM
2026-08-17 10:22:12,186 [INFO] Cargando proveedores desde BOM...
2026-08-17 10:22:13,812 [INFO] ✅ 3588 proveedores cargados.
2026-08-17 10:22:13,813 [INFO] Cargando insumos por modelo desde BOM (solo categorías al INICIO)...
2026-08-17 10:22:18,845 [INFO] ✅ 1614 modelos con insumos cargados.
2026-08-17 10:22:18,846 [INFO] Procesando archivo maestro (hoja '2026')...
2026-08-17 10:22:19,041 [INFO] ✅ Generado: PLANTILLA_000000024505_Assault_mask.csv (3 filas, 0 variables, col_G=3)
2026-08-17 10:22:19,087 [INFO] ✅ Generado: PLANTILLA_000000021292_Hockey_Killer.csv (5 filas, 2 variables, col_G=5)
2026-08-17 10:22:19,094 [INFO] ✅ Generado: PLANTILLA_000000022131_Apocalyptic_Mask.csv (3 filas, 0 variables, col_G=3)
2026-08-17 10:22:19,101 [INFO] ✅ Generado: PLANTILLA_000000021179_Brown_wolf.csv (3 filas, 0 variables, col_G=3)
2026-08-17 10:22:19,109 [INFO] ✅ Generado: PLANTILLA_000000021229_Brown_Dr._Peste.csv (5 filas, 2 variables, col_G=5)
2026-08-17 10:22:19,119 [INFO] ✅ Generado: PLANTILLA_000000021225_Crania_face.csv (5 filas, 2 variables, col_G=5)
2026-08-17 10:22:19,130 [INFO] ✅ Generado: PLANTILLA_000000021107_Jacko.csv (3 filas, 0 variables, col_G=3)
2026-08-17 10:22:19,140 [INFO] ✅ Generado: PLANTILLA_000000050122_Akasha.csv (4 filas, 1 variables, col_G=4)
2026-08-17 10:22:19,150 [INFO] ✅ Generado: PLANTILLA_000000050116_Alucard.csv (3 filas, 0 variables, col_G=3)
2026-08-17 10:22:19,163 [INFO] ✅ Generado: PLANTILLA_000000050118_Mr._Bones_Tan.csv (3 filas, 0 variables, col_G=3)
2026-08-17 10:22:19,170 [INFO] ✅ Generado: PLANTILLA_000000050117_Mr._Bones.csv (3 filas, 0 variables, col_G=3)
2026-08-17 10:22:19,178 [INFO] ✅ Generado: PLANTILLA_000000050120_Daffy.csv (4 filas, 1 variables, col_G=4)
2026-08-17 10:22:19,191 [INFO] ✅ Generado: PLANTILLA_000000050119_Soggy.csv (5 filas, 2 variables, col_G=5)
2026-08-17 10:22:19,194 [INFO] ✅ Generado: PLANTILLA_000000050121_Baba_Yaga.csv (3 filas, 0 variables, col_G=3)
2026-08-17 10:22:19,198 [INFO] ✅ Generado: PLANTILLA_000000350063__Rolan__Street_clown.csv (5 filas, 2 variables, col_G=5)
2026-08-17 10:22:19,205 [INFO] ✅ Generado: PLANTILLA_000000350064_Psychopathic_Clown.csv (7 filas, 4 variables, col_G=7)
2026-08-17 10:22:19,209 [INFO] ✅ Generado: PLANTILLA_000000350065_Rusty_the_Clown.csv (8 filas, 5 variables, col_G=8)
2026-08-17 10:22:19,213 [INFO] ✅ Generado: PLANTILLA_000000350061_Narmoga.csv (6 filas, 3 variables, col_G=6)
2026-08-17 10:22:19,221 [INFO] ✅ Generado: PLANTILLA_000000350062_Agnha.csv (7 filas, 4 variables, col_G=7)
2026-08-17 10:22:19,227 [INFO] ✅ Generado: PLANTILLA_000000350060_Nightstalker.csv (4 filas, 1 variables, col_G=4)
2026-08-17 10:22:19,231 [INFO] ✅ Generado: PLANTILLA_000000350059_Death_Walker.csv (4 filas, 1 variables, col_G=4)
2026-08-17 10:22:19,237 [INFO] ✅ Generado: PLANTILLA_000000030110_Night_Terror.csv (3 filas, 0 variables, col_G=3)
2026-08-17 10:22:19,241 [INFO] ✅ Generado: PLANTILLA_000000030111_Transplanted.csv (4 filas, 1 variables, col_G=4)
2026-08-17 10:22:19,246 [INFO] ✅ Generado: PLANTILLA_000000030109_Splitting_Headache.csv (3 filas, 0 variables, col_G=3)
2026-08-17 10:22:19,257 [INFO] ✅ Generado: PLANTILLA_000000030181_Camazotz.csv (3 filas, 0 variables, col_G=3)
2026-08-17 10:22:19,264 [INFO] ✅ Generado: PLANTILLA_000000030182_Silent_Death.csv (4 filas, 1 variables, col_G=4)
2026-08-17 10:22:19,270 [INFO] ✅ Generado: PLANTILLA_000000030180_Demon_Vampire.csv (3 filas, 0 variables, col_G=3)
2026-08-17 10:22:19,272 [INFO] ✅ Generado: PLANTILLA_000000030173_Pagliacci.csv (3 filas, 0 variables, col_G=3)
2026-08-17 10:22:19,274 [INFO] ✅ Generado: PLANTILLA_000000030116_Dusty_clown.csv (3 filas, 0 variables, col_G=3)
2026-08-17 10:22:19,276 [INFO] ✅ Generado: PLANTILLA_000000030166_Hellbell_clown.csv (6 filas, 3 variables, col_G=6)
2026-08-17 10:22:19,279 [INFO] ✅ Generado: PLANTILLA_000000030149_Fiery_clown.csv (3 filas, 0 variables, col_G=3)
2026-08-17 10:22:19,281 [INFO] ✅ Generado: PLANTILLA_000000030142_Sadistic_clown.csv (5 filas, 2 variables, col_G=5)
2026-08-17 10:22:19,285 [INFO] ✅ Generado: PLANTILLA_000000030100_Toothy_Clown.csv (6 filas, 3 variables, col_G=6)
2026-08-17 10:22:19,290 [INFO] ✅ Generado: PLANTILLA_000000030102_Creppy_Clown_smile.csv (5 filas, 2 variables, col_G=5)
2026-08-17 10:22:19,293 [INFO] ✅ Generado: PLANTILLA_000000030115_Fiendish_clown.csv (3 filas, 0 variables, col_G=3)
2026-08-17 10:22:19,297 [INFO] ✅ Generado: PLANTILLA_000000030117_Jezebel.csv (5 filas, 2 variables, col_G=5)
2026-08-17 10:22:19,311 [INFO] ✅ Generado: PLANTILLA_000000030118_Porky_the_clown.csv (8 filas, 5 variables, col_G=8)
2026-08-17 10:22:19,318 [INFO] ✅ Generado: PLANTILLA_000000030138_Burger´s_Clown.csv (4 filas, 1 variables, col_G=4)
2026-08-17 10:22:19,326 [INFO] ✅ Generado: PLANTILLA_000000030143_Zippy.csv (4 filas, 1 variables, col_G=4)
2026-08-17 10:22:19,335 [INFO] ✅ Generado: PLANTILLA_000000030122_Amuck.csv (4 filas, 1 variables, col_G=4)
2026-08-17 10:22:19,340 [INFO] ✅ Generado: PLANTILLA_000000030159_Upside_Grin_Clown.csv (3 filas, 0 variables, col_G=3)
2026-08-17 10:22:19,354 [INFO] ✅ Generado: PLANTILLA_000000030137_Thug_Clown.csv (4 filas, 1 variables, col_G=4)
2026-08-17 10:22:19,366 [INFO] ✅ Generado: PLANTILLA_000000030120_Crispy.csv (6 filas, 3 variables, col_G=6)
2026-08-17 10:22:19,370 [INFO] ✅ Generado: PLANTILLA_000000030134_Mad_Clown_Biker.csv (3 filas, 0 variables, col_G=3)
2026-08-17 10:22:19,376 [INFO] ✅ Generado: PLANTILLA_000000030167_Spawlown.csv (3 filas, 0 variables, col_G=3)
2026-08-17 10:22:19,380 [INFO] ✅ Generado: PLANTILLA_000000030121_Bumpy.csv (4 filas, 1 variables, col_G=4)
2026-08-17 10:22:19,382 [INFO] ✅ Generado: PLANTILLA_000000030153_Igor.csv (4 filas, 1 variables, col_G=4)
2026-08-17 10:22:19,385 [INFO] ✅ Generado: PLANTILLA_000000030145_Creepy_T.W..csv (4 filas, 1 variables, col_G=4)
2026-08-17 10:22:19,389 [INFO] ✅ Generado: PLANTILLA_000000030148_Creepy_P..csv (4 filas, 1 variables, col_G=4)
2026-08-17 10:22:19,392 [INFO] ✅ Generado: PLANTILLA_000000030146_Creepy_D..csv (4 filas, 1 variables, col_G=4)
2026-08-17 10:22:19,395 [INFO] ✅ Generado: PLANTILLA_000000030147_Creepy_L.L..csv (4 filas, 1 variables, col_G=4)
2026-08-17 10:22:19,407 [INFO] ✅ Generado: PLANTILLA_000000149113_Marinero_Creepy.csv (3 filas, 0 variables, col_G=3)
2026-08-17 10:22:19,412 [INFO] ✅ Generado: PLANTILLA_000000030131_Creepyboobu.csv (4 filas, 1 variables, col_G=4)
2026-08-17 10:22:19,417 [INFO] ✅ Generado: PLANTILLA_000000030151_Mothman.csv (5 filas, 2 variables, col_G=5)
2026-08-17 10:22:19,421 [INFO] ✅ Generado: PLANTILLA_000000030114_Creepy_Peter.csv (3 filas, 0 variables, col_G=3)
2026-08-17 10:22:19,423 [INFO] ✅ Generado: PLANTILLA_000000030174_Crazy_Auguste.csv (4 filas, 1 variables, col_G=4)
2026-08-17 10:22:19,425 [INFO] ✅ Generado: PLANTILLA_000000030176_Brickie_zombie.csv (3 filas, 0 variables, col_G=3)
2026-08-17 10:22:19,427 [INFO] ✅ Generado: PLANTILLA_000000030175_Killer_Identity.csv (3 filas, 0 variables, col_G=3)
2026-08-17 10:22:19,429 [INFO] ✅ Generado: PLANTILLA_000000030171_J_the_Slayer.csv (5 filas, 2 variables, col_G=5)
2026-08-17 10:22:19,431 [INFO] ✅ Generado: PLANTILLA_000000071542_Fleshless_mouth.csv (5 filas, 2 variables, col_G=5)
2026-08-17 10:22:19,439 [INFO] ✅ Generado: PLANTILLA_000000030177_Zombie_pilot.csv (4 filas, 1 variables, col_G=4)
2026-08-17 10:22:19,443 [INFO] ✅ Generado: PLANTILLA_000000030133_Chopper_Rider.csv (3 filas, 0 variables, col_G=3)
2026-08-17 10:22:19,446 [INFO] ✅ Generado: PLANTILLA_000000030178_The_lord.csv (3 filas, 0 variables, col_G=3)
2026-08-17 10:22:19,458 [INFO] ✅ Generado: PLANTILLA_000000030162_Big_Horns_Skull.csv (5 filas, 2 variables, col_G=5)
2026-08-17 10:22:19,477 [INFO] ✅ Generado: PLANTILLA_000000030161_Big_Horns_Skull_Neon.csv (6 filas, 3 variables, col_G=6)
2026-08-17 10:22:19,481 [INFO] ✅ Generado: PLANTILLA_000000030132_Patrol_Skull.csv (3 filas, 0 variables, col_G=3)
2026-08-17 10:22:19,488 [INFO] ✅ Generado: PLANTILLA_000000030160_Big_Horns_Devil.csv (5 filas, 2 variables, col_G=5)
2026-08-17 10:22:19,491 [INFO] ✅ Generado: PLANTILLA_000000030164_Malebranche.csv (4 filas, 1 variables, col_G=4)
2026-08-17 10:22:19,493 [INFO] ✅ Generado: PLANTILLA_000000030123_Possessed_nun.csv (7 filas, 4 variables, col_G=7)
2026-08-17 10:22:19,496 [INFO] ✅ Generado: PLANTILLA_000000030163_Big_Horns_alien.csv (5 filas, 2 variables, col_G=5)
2026-08-17 10:22:19,503 [INFO] ✅ Generado: PLANTILLA_000000072201_Alien_Creepy.csv (3 filas, 0 variables, col_G=3)
2026-08-17 10:22:19,507 [INFO] ✅ Generado: PLANTILLA_000000030152_Morak.csv (3 filas, 0 variables, col_G=3)
2026-08-17 10:22:19,509 [INFO] ✅ Generado: PLANTILLA_000000030158_Blind_Warden.csv (3 filas, 0 variables, col_G=3)
2026-08-17 10:22:19,512 [INFO] ✅ Generado: PLANTILLA_000000030179_Frankorned.csv (3 filas, 0 variables, col_G=3)
2026-08-17 10:22:19,514 [INFO] ✅ Generado: PLANTILLA_000000030168_Gorth.csv (5 filas, 2 variables, col_G=5)
2026-08-17 10:22:19,519 [INFO] ✅ Generado: PLANTILLA_000000030112_Old_Troll.csv (3 filas, 0 variables, col_G=3)
2026-08-17 10:22:19,522 [INFO] ✅ Generado: PLANTILLA_000000030113_Funny_Troll.csv (3 filas, 0 variables, col_G=3)
2026-08-17 10:22:19,524 [INFO] ✅ Generado: PLANTILLA_000000030144_Creepy_Voodoo_Master.csv (4 filas, 1 variables, col_G=4)
2026-08-17 10:22:19,526 [INFO] ✅ Generado: PLANTILLA_000000030150_Anciente_Priest.csv (3 filas, 0 variables, col_G=3)
2026-08-17 10:22:19,528 [INFO] ✅ Generado: PLANTILLA_000000030172_Voodoo_victim.csv (3 filas, 0 variables, col_G=3)
2026-08-17 10:22:19,530 [INFO] ✅ Generado: PLANTILLA_000000030165_Horned_Sorceress.csv (4 filas, 1 variables, col_G=4)
2026-08-17 10:22:19,534 [INFO] ✅ Generado: PLANTILLA_000000071535_Agatha.csv (6 filas, 3 variables, col_G=6)
2026-08-17 10:22:19,540 [INFO] ✅ Generado: PLANTILLA_000000027990_Staffs__Witch.csv (5 filas, 2 variables, col_G=5)
2026-08-17 10:22:19,543 [INFO] ✅ Generado: PLANTILLA_000000071544_Scar_wolf.csv (3 filas, 0 variables, col_G=3)
2026-08-17 10:22:19,547 [INFO] ✅ Generado: PLANTILLA_000000030139_Sack_Creature.csv (5 filas, 2 variables, col_G=5)
2026-08-17 10:22:19,561 [INFO] ✅ Generado: PLANTILLA_000000030124_Mangy_rat.csv (5 filas, 2 variables, col_G=5)
2026-08-17 10:22:19,570 [INFO] ✅ Generado: PLANTILLA_000000030125_Rabid_boar.csv (4 filas, 1 variables, col_G=4)
2026-08-17 10:22:19,575 [INFO] ✅ Generado: PLANTILLA_000000030127_Zombie_Cat.csv (5 filas, 2 variables, col_G=5)
2026-08-17 10:22:19,579 [INFO] ✅ Generado: PLANTILLA_000000030129_Zombie_Capybara.csv (3 filas, 0 variables, col_G=3)
2026-08-17 10:22:19,581 [INFO] ✅ Generado: PLANTILLA_000000030119_Rotten_Panda.csv (5 filas, 2 variables, col_G=5)
2026-08-17 10:22:19,586 [INFO] ✅ Generado: PLANTILLA_000000030169_Apenstein.csv (5 filas, 2 variables, col_G=5)
2026-08-17 10:22:19,590 [INFO] ✅ Generado: PLANTILLA_000000030170_Groaner.csv (3 filas, 0 variables, col_G=3)
2026-08-17 10:22:19,592 [INFO] ✅ Generado: PLANTILLA_000000030154_Evil_Nutcracker.csv (4 filas, 1 variables, col_G=4)
2026-08-17 10:22:19,595 [INFO] ✅ Generado: PLANTILLA_000000030155_Creepy_Happy.csv (6 filas, 3 variables, col_G=6)
2026-08-17 10:22:19,600 [INFO] ✅ Generado: PLANTILLA_000000030156_Creepy_Sad.csv (6 filas, 3 variables, col_G=6)
2026-08-17 10:22:19,606 [INFO] ✅ Generado: PLANTILLA_000000027985_Little_Abyss.csv (7 filas, 4 variables, col_G=7)
2026-08-17 10:22:19,611 [INFO] ✅ Generado: PLANTILLA_000000027984_Little_Ember.csv (7 filas, 4 variables, col_G=7)
2026-08-17 10:22:19,614 [INFO] ✅ Generado: PLANTILLA_000000027983_Little_Goo.csv (7 filas, 4 variables, col_G=7)
2026-08-17 10:22:19,620 [INFO] ✅ Generado: PLANTILLA_000000027982_Little_Greyson.csv (6 filas, 3 variables, col_G=6)
2026-08-17 10:22:19,623 [INFO] ✅ Generado: PLANTILLA_000000027981_Little_Fang.csv (7 filas, 4 variables, col_G=7)
2026-08-17 10:22:19,625 [INFO] ✅ Generado: PLANTILLA_000000027986_Little_Rotty.csv (6 filas, 3 variables, col_G=6)
2026-08-17 10:22:19,627 [INFO] ✅ Generado: PLANTILLA_000000027978_James_busted.csv (5 filas, 2 variables, col_G=5)
2026-08-17 10:22:19,629 [INFO] ✅ Generado: PLANTILLA_000000027979_Helen_Busted.csv (5 filas, 2 variables, col_G=5)
2026-08-17 10:22:19,630 [INFO] ✅ Generado: PLANTILLA_000000027980_William_Busted.csv (5 filas, 2 variables, col_G=5)
2026-08-17 10:22:19,636 [INFO] ✅ Generado: PLANTILLA_000000331008_Bloody_Curtains.csv (3 filas, 0 variables, col_G=3)
2026-08-17 10:22:19,640 [INFO] ✅ Generado: PLANTILLA_000000027994_Effigy.csv (3 filas, 0 variables, col_G=3)
2026-08-17 10:22:19,644 [INFO] ✅ Generado: PLANTILLA_000000027995_Pharaoh.csv (3 filas, 0 variables, col_G=3)
2026-08-17 10:22:19,650 [INFO] ✅ Generado: PLANTILLA_000000027991_Carnivorous_plant_garden_decor.csv (6 filas, 3 variables, col_G=6)
2026-08-17 10:22:19,701 [INFO] ✅ Generado: PLANTILLA_000000027992_Gnome_garden_decor.csv (3 filas, 0 variables, col_G=3)
2026-08-17 10:22:19,705 [INFO] ✅ Generado: PLANTILLA_000000028212_Earth_Dragon_Puppet.csv (3 filas, 0 variables, col_G=3)
2026-08-17 10:22:19,710 [INFO] ✅ Generado: PLANTILLA_000000028213_Fire_Dragon_Puppet.csv (3 filas, 0 variables, col_G=3)
2026-08-17 10:22:19,713 [INFO] ✅ Generado: PLANTILLA_000000028211_Demon_Puppet.csv (3 filas, 0 variables, col_G=3)
2026-08-17 10:22:19,719 [INFO] ✅ Generado: PLANTILLA_000000028214_Goat_Puppet.csv (3 filas, 0 variables, col_G=3)
2026-08-17 10:22:19,727 [INFO] ✅ Generado: PLANTILLA_000000028210_Gargoyle_Puppet.csv (3 filas, 0 variables, col_G=3)
2026-08-17 10:22:19,736 [INFO] ✅ Generado: PLANTILLA_000000028215_Wacky_Clown_Puppet.csv (3 filas, 0 variables, col_G=3)
2026-08-17 10:22:19,742 [INFO] ✅ Generado: PLANTILLA_000000028122_Hobby_Zombie_Unicorn_Stick.csv (7 filas, 4 variables, col_G=7)
2026-08-17 10:22:19,746 [INFO] ✅ Generado: PLANTILLA_000000028123_Hobby_Zombie_Horse_Stick.csv (7 filas, 4 variables, col_G=7)
2026-08-17 10:22:19,753 [INFO] ✅ Generado: PLANTILLA_000000027976_Chocolate_Gigi.csv (5 filas, 2 variables, col_G=5)
2026-08-17 10:22:19,762 [INFO] ✅ Generado: PLANTILLA_000000027970_Blady.csv (5 filas, 2 variables, col_G=5)
2026-08-17 10:22:19,766 [INFO] ✅ Generado: PLANTILLA_000000027966_Possessed_Elf.csv (5 filas, 2 variables, col_G=5)
2026-08-17 10:22:19,772 [INFO] ✅ Generado: PLANTILLA_000000027967_Mini_Troll.csv (6 filas, 3 variables, col_G=6)
2026-08-17 10:22:19,775 [INFO] ✅ Generado: PLANTILLA_000000027974_Centipede.csv (5 filas, 2 variables, col_G=5)
2026-08-17 10:22:19,778 [INFO] ✅ Generado: PLANTILLA_000000027977_Fangsy.csv (5 filas, 2 variables, col_G=5)
2026-08-17 10:22:19,780 [INFO] ✅ Generado: PLANTILLA_000000027971_Punky.csv (5 filas, 2 variables, col_G=5)
2026-08-17 10:22:19,784 [INFO] ✅ Generado: PLANTILLA_000000027972_Lil´Horns.csv (5 filas, 2 variables, col_G=5)
2026-08-17 10:22:19,787 [INFO] ✅ Generado: PLANTILLA_000000027973_BoohBlue.csv (5 filas, 2 variables, col_G=5)
2026-08-17 10:22:19,790 [INFO] ✅ Generado: PLANTILLA_000000668651_Midsummer_Horror_Clown.csv (5 filas, 2 variables, col_G=5)
2026-08-17 10:22:19,792 [INFO] ✅ Generado: PLANTILLA_000000028120_Liging_Severed_Hand.csv (6 filas, 3 variables, col_G=6)
2026-08-17 10:22:19,795 [INFO] ✅ Generado: PLANTILLA_000000028121_Living_Severed_Hand_2.csv (6 filas, 3 variables, col_G=6)
2026-08-17 10:22:19,801 [INFO] ✅ Generado: PLANTILLA_000000084812_Serial_Killer_Apron.csv (7 filas, 4 variables, col_G=7)
2026-08-17 10:22:19,804 [INFO] ✅ Generado: PLANTILLA_000000084811_Forrest_Killer_Apron.csv (6 filas, 3 variables, col_G=6)
2026-08-17 10:22:19,807 [INFO] ✅ Generado: PLANTILLA_000000084810_Butcher_Killer_Apron.csv (7 filas, 4 variables, col_G=7)
2026-08-17 10:22:19,810 [INFO] ✅ Generado: PLANTILLA_000000084285_Lord_jester.csv (13 filas, 10 variables, col_G=13)
2026-08-17 10:22:19,812 [INFO] ✅ Generado: PLANTILLA_000000084286_Lord_jester.csv (14 filas, 11 variables, col_G=14)
2026-08-17 10:22:19,815 [INFO] ✅ Generado: PLANTILLA_000000084287_Lord_jester.csv (14 filas, 11 variables, col_G=14)
2026-08-17 10:22:19,819 [INFO] ✅ Generado: PLANTILLA_000000084280_Lady_Harlequin.csv (14 filas, 11 variables, col_G=14)
2026-08-17 10:22:19,821 [INFO] ✅ Generado: PLANTILLA_000000084281_Lady_Harlequin.csv (14 filas, 11 variables, col_G=14)
2026-08-17 10:22:19,823 [INFO] ✅ Generado: PLANTILLA_000000084282_Lady_Harlequin.csv (14 filas, 11 variables, col_G=14)
2026-08-17 10:22:19,827 [INFO] ✅ Generado: PLANTILLA_000000084295_Miss_Circus_Ringmaster.csv (13 filas, 10 variables, col_G=13)
2026-08-17 10:22:19,832 [INFO] ✅ Generado: PLANTILLA_000000084296_Miss_Circus_Ringmaster.csv (13 filas, 10 variables, col_G=13)
2026-08-17 10:22:19,842 [INFO] ✅ Generado: PLANTILLA_000000084297_Miss_Circus_Ringmaster.csv (13 filas, 10 variables, col_G=13)
2026-08-17 10:22:19,847 [INFO] ✅ Generado: PLANTILLA_000000084840_Spooky_Pumpkin_Scarecrow.csv (8 filas, 5 variables, col_G=8)
2026-08-17 10:22:19,854 [INFO] ✅ Generado: PLANTILLA_000000084841_Spooky_Pumpkin_Scarecrow.csv (8 filas, 5 variables, col_G=8)
2026-08-17 10:22:19,862 [INFO] ✅ Generado: PLANTILLA_000000084842_Spooky_Pumpkin_Scarecrow.csv (8 filas, 5 variables, col_G=8)
2026-08-17 10:22:19,874 [INFO] ✅ Generado: PLANTILLA_000000084835_Mont´s_Glowing_Clown.csv (13 filas, 10 variables, col_G=13)
2026-08-17 10:22:19,877 [INFO] ✅ Generado: PLANTILLA_000000084836_Mont´s_Glowing_Clown.csv (13 filas, 10 variables, col_G=13)
2026-08-17 10:22:19,880 [INFO] ✅ Generado: PLANTILLA_000000084837_Mont´s_Glowing_Clown.csv (13 filas, 10 variables, col_G=13)
2026-08-17 10:22:19,885 [INFO] ✅ Generado: PLANTILLA_000000084826_Kramper_Cape.csv (13 filas, 10 variables, col_G=13)
2026-08-17 10:22:19,890 [INFO] ✅ Generado: PLANTILLA_000000084822_Christmas_Grumpy_Monster.csv (15 filas, 12 variables, col_G=15)
2026-08-17 10:22:19,894 [INFO] ✅ Generado: PLANTILLA_000000084855_Grumpy_Monster.csv (11 filas, 8 variables, col_G=11)
2026-08-17 10:22:19,901 [INFO] ✅ Generado: PLANTILLA_000000084825_Sasquatch_Costume.csv (11 filas, 8 variables, col_G=11)
2026-08-17 10:22:19,907 [INFO] ✅ Generado: PLANTILLA_000000027898_Rotten_Sandwich.csv (3 filas, 0 variables, col_G=3)
2026-08-17 10:22:19,913 [INFO] ✅ Generado: PLANTILLA_000000027895_Disgusting_Hot_Dog.csv (3 filas, 0 variables, col_G=3)
2026-08-17 10:22:19,916 [INFO] ✅ Generado: PLANTILLA_000000027916_Nasty_Chinese_Food.csv (3 filas, 0 variables, col_G=3)
2026-08-17 10:22:19,922 [INFO] ✅ Generado: PLANTILLA_000000030149_Fiery_clown_1.csv (3 filas, 0 variables, col_G=3)
2026-08-17 10:22:19,924 [INFO] ✅ Generado: PLANTILLA_000000030138_Burger´s_Clown_1.csv (4 filas, 1 variables, col_G=4)
2026-08-17 10:22:19,926 [INFO] ✅ Generado: PLANTILLA_000000149113__Marinero_Creepy.csv (3 filas, 0 variables, col_G=3)
2026-08-17 10:22:19,928 [INFO] ✅ Generado: PLANTILLA_000000027976_Chocolate_Gigi_1.csv (5 filas, 2 variables, col_G=5)
2026-08-17 10:22:19,930 [INFO] ✅ Generado: PLANTILLA_000000027977_Fangsy_1.csv (5 filas, 2 variables, col_G=5)
2026-08-17 10:22:19,934 [INFO] ✅ Generado: PLANTILLA_000000030101_Jester_Clown.csv (6 filas, 3 variables, col_G=6)
2026-08-17 10:22:19,940 [INFO] ✅ Generado: PLANTILLA_000000030103_Clown_Smiles.csv (6 filas, 3 variables, col_G=6)
2026-08-17 10:22:19,943 [INFO] ✅ Generado: PLANTILLA_000000030141_Eyeball_Mask.csv (4 filas, 1 variables, col_G=4)
2026-08-17 10:22:19,948 [INFO] ✅ Generado: PLANTILLA_000000030135_Bram.csv (3 filas, 0 variables, col_G=3)
2026-08-17 10:22:19,958 [INFO] ✅ Generado: PLANTILLA_000000030136_Lilith.csv (5 filas, 2 variables, col_G=5)
2026-08-17 10:22:19,963 [INFO] ✅ Generado: PLANTILLA_000000030157_Ghoulish_Man.csv (4 filas, 1 variables, col_G=4)
2026-08-17 10:22:19,967 [INFO] ✅ Generado: PLANTILLA_000000030023_Possessed_samurai.csv (4 filas, 1 variables, col_G=4)
2026-08-17 10:22:19,972 [INFO] ✅ Generado: PLANTILLA_000000072202_Alien_Monster.csv (3 filas, 0 variables, col_G=3)
2026-08-17 10:22:19,976 [INFO] ✅ Generado: PLANTILLA_000000030009_Cosmic_king.csv (3 filas, 0 variables, col_G=3)
2026-08-17 10:22:19,979 [INFO] ✅ Generado: PLANTILLA_000000030128_Zombie_Pug.csv (3 filas, 0 variables, col_G=3)
2026-08-17 10:22:19,986 [INFO] ✅ Generado: PLANTILLA_000000027975_Sugar_Kiky.csv (5 filas, 2 variables, col_G=5)
2026-08-17 10:22:19,995 [INFO] ✅ Generado: PLANTILLA_000000027968_Nightshade.csv (5 filas, 2 variables, col_G=5)
2026-08-17 10:22:19,998 [INFO] ✅ Generado: PLANTILLA_000000027969_Snowbelle.csv (5 filas, 2 variables, col_G=5)
2026-08-17 10:22:20,003 [INFO] ✅ Generado: PLANTILLA_000000025838_Alien_Flesh.csv (4 filas, 1 variables, col_G=4)
2026-08-17 10:22:20,007 [INFO] ✅ Generado: PLANTILLA_000000030130_Sir_Thomas.csv (3 filas, 0 variables, col_G=3)
2026-08-17 10:22:20,009 [INFO] ✅ Generado: PLANTILLA_000000027993_Staffs__Witch_Green.csv (5 filas, 2 variables, col_G=5)
2026-08-17 10:22:20,012 [INFO] ✅ Generado: PLANTILLA_000000027797_Waxed_skull.csv (3 filas, 0 variables, col_G=3)
2026-08-17 10:22:20,016 [INFO] ✅ Generado: PLANTILLA_000200350005__Cthulu_Mug.csv (3 filas, 0 variables, col_G=3)
2026-08-17 10:22:20,023 [INFO] ✅ Generado: PLANTILLA_000200350007__Alien_Mug.csv (3 filas, 0 variables, col_G=3)
2026-08-17 10:22:20,026 [INFO] ✅ Generado: PLANTILLA_000200350003__Franky_Mug.csv (3 filas, 0 variables, col_G=3)
2026-08-17 10:22:20,032 [INFO] ✅ Generado: PLANTILLA_0000000335101_Skull_Wall_Panels.csv (3 filas, 0 variables, col_G=3)
2026-08-17 10:22:20,036 [INFO] ✅ Generado: PLANTILLA_000000027902_Pale_skin_bag.csv (4 filas, 1 variables, col_G=4)
2026-08-17 10:22:20,039 [INFO] ✅ Generado: PLANTILLA_000000027936_Finger_Keychain.csv (5 filas, 2 variables, col_G=5)
2026-08-17 10:22:20,041 [INFO] ✅ Generado: PLANTILLA_000000027937_Tongue_Keychain.csv (5 filas, 2 variables, col_G=5)
2026-08-17 10:22:20,043 [INFO] ✅ Generado: PLANTILLA_000000027938_Eye_Keychain.csv (5 filas, 2 variables, col_G=5)
2026-08-17 10:22:20,046 [INFO] ✅ Generado: PLANTILLA_000000027935_Nose_Keychain.csv (5 filas, 2 variables, col_G=5)
2026-08-17 10:22:20,049 [INFO] ✅ Generado: PLANTILLA_000000027939_Ear_Keychain.csv (5 filas, 2 variables, col_G=5)
2026-08-17 10:22:20,053 [INFO] ✅ Generado: PLANTILLA_000000029011_Yeti_Mega_Costume.csv (10 filas, 7 variables, col_G=10)
2026-08-17 10:22:20,054 [INFO] 
📊 Resumen final:
2026-08-17 10:22:20,055 [INFO]    ✅ Plantillas generadas: 187
2026-08-17 10:22:20,055 [INFO]    ⏭️ Omitidas (sin precio): 0
2026-08-17 10:22:20,055 [INFO]    ❌ Errores (inconsistencia de filas): 0
2026-08-17 10:22:20,056 [INFO]    📁 Carpeta: 'C:\Users\Dany\Desktop\Proyecto\output'
2026-08-17 10:22:20,056 [WARNING] ⚠️ Modelo duplicado detectado: 000000030149 Fiery clown - se elimina la segunda ocurrencia.
2026-08-17 10:22:20,057 [WARNING] ⚠️ Modelo duplicado detectado: 000000030138 Burger´s Clown - se elimina la segunda ocurrencia.
2026-08-17 10:22:20,057 [WARNING] ⚠️ Modelo duplicado detectado: 000000027976 Chocolate Gigi - se elimina la segunda ocurrencia.
2026-08-17 10:22:20,057 [WARNING] ⚠️ Modelo duplicado detectado: 000000027977 Fangsy - se elimina la segunda ocurrencia.
2026-08-17 10:22:20,058 [INFO] 🧹 Desduplicación: 187 → 183 modelos únicos.
2026-08-17 10:22:20,058 [INFO] 📦 183 modelos listos para el bot.
2026-08-17 10:22:20,059 [INFO] 📦 183 modelos pendientes de 183 totales.
2026-08-17 10:22:22,319 [INFO] ✅ WebDriver inicializado.
2026-08-17 10:22:22,327 [INFO] 🌐 Navegando a la página de login de VUCEM...
2026-08-17 10:24:10,169 [INFO] ✅ Login verificado.
2026-08-17 10:24:10,176 [INFO] 🧭 Iniciando navegación real al formulario...
2026-08-17 10:24:32,946 [INFO] ✅ Click en 'Solicitudes nuevas'
2026-08-17 10:24:41,305 [INFO] ✅ Click en Secretaría de Economía
2026-08-17 10:25:34,807 [INFO] ✅ Click en trámite 110101 con selector: ('xpath', "//a[contains(@onclick,'110101')]")
2026-08-17 10:25:35,365 [INFO] ✅ Pestaña 'Tratados'
2026-08-17 10:25:36,116 [INFO] ✅ Unión Europea seleccionada
2026-08-17 10:25:36,608 [INFO] ✅ TLCUEM seleccionado
2026-08-17 10:25:37,048 [INFO] ✅ Criterio B seleccionado
2026-08-17 10:25:37,492 [INFO] ✅ Tratado agregado
2026-08-17 10:25:38,804 [INFO] ✅ Pestaña 'Datos de la mercancía'
2026-08-17 10:25:38,841 [INFO] ✅ Navegación completada. Formulario listo.
2026-08-17 10:26:05,291 [INFO] 📤 Procesando modelo 000000027983 Little Goo
2026-08-17 10:26:05,292 [INFO] Esperando campo 'Nombre comercial'...
2026-08-17 10:26:14,830 [INFO] ✅ Texto leído: '000000027983 Little Goo'
2026-08-17 10:26:15,332 [INFO] ✅ Excel: Fracción=95059099, Precio=49.9, Insumos=3
2026-08-17 10:26:16,101 [INFO] 🔍 Usando código del Excel: 000000027983 Little Goo
2026-08-17 10:26:17,335 [INFO] 🔍 Buscando archivo para: '000000027983 Little Goo' (normalizado: '000000027983_Little_Goo')
2026-08-17 10:26:17,336 [INFO]    📁 Carpeta: C:\Users\Dany\Desktop\Proyecto\output
2026-08-17 10:26:17,377 [INFO] ✅ Archivo CSV encontrado: PLANTILLA_000000027983_Little_Goo.csv
2026-08-17 10:26:17,487 [INFO] 📊 El archivo tiene 7 filas. Se esperaban 3.
2026-08-17 10:26:17,488 [WARNING] ⚠️ ADVERTENCIA: El número de insumos no coincide. Se subirá igual.
2026-08-17 10:26:17,557 [INFO] ✅ Archivo seleccionado en el campo.
2026-08-17 10:26:18,687 [INFO] ✅ Click en 'Enviar' realizado. Esperando procesamiento...
2026-08-17 10:26:23,756 [INFO] ✅ Modal de carga cerrado.
2026-08-17 10:29:27,464 [INFO] ✅ Click en 'Continuar' – enviado a firma.
2026-08-17 10:29:27,571 [INFO] 🔐 Esperando firma electrónica manual...
2026-08-17 10:30:15,945 [INFO] ✅ Acuse de Recibo detectado.
2026-08-17 10:30:16,077 [WARNING] ⚠️ No se pudo extraer el folio. Texto del acuse: Tu solicitud ha sido registrada con el siguiente número de folio <0201100100120261729000565>.
2026-08-17 10:30:25,713 [INFO] ✅ Formulario listo para siguiente captura.
2026-08-17 10:30:25,714 [INFO] ✅ Modelo 000000027983 Little Goo completado. Folio: None
2026-08-17 10:30:25,766 [INFO] ✅ Modelo 000000027983 Little Goo completado (intento 1).
2026-08-17 10:30:25,767 [INFO] ⏭️ 1 modelos ya procesados o en fallos. Saltando.
2026-08-17 10:31:01,370 [INFO] 📤 Procesando modelo 000000030100 Toothy Clown
2026-08-17 10:31:01,370 [INFO] Esperando campo 'Nombre comercial'...
2026-08-17 10:32:18,761 [INFO] 🛑 Interrupción por usuario. Estado guardado.
2026-08-17 10:32:18,783 [WARNING] Retrying (Retry(total=2, connect=None, read=None, redirect=None, status=None)) after connection broken by 'ConnectionResetError(10054, 'Se ha forzado la interrupción de una conexión existente por el host remoto', None, 10054, None)': /session/cff3cd57f966f502ffce8d30124e5bc2
2026-08-17 10:32:22,865 [WARNING] Retrying (Retry(total=1, connect=None, read=None, redirect=None, status=None)) after connection broken by 'NewConnectionError("HTTPConnection(host='localhost', port=49152): Failed to establish a new connection: [WinError 10061] No se puede establecer una conexión ya que el equipo de destino denegó expresamente dicha conexión")': /session/cff3cd57f966f502ffce8d30124e5bc2
2026-08-17 10:32:26,942 [WARNING] Retrying (Retry(total=0, connect=None, read=None, redirect=None, status=None)) after connection broken by 'NewConnectionError("HTTPConnection(host='localhost', port=49152): Failed to establish a new connection: [WinError 10061] No se puede establecer una conexión ya que el equipo de destino denegó expresamente dicha conexión")': /session/cff3cd57f966f502ffce8d30124e5bc2
2026-08-17 10:32:31,017 [INFO] 🛑 Browser cerrado.
2026-08-17 10:32:31,121 [INFO] 📄 Reporte HTML generado: C:\Users\Dany\Desktop\Proyecto\logs\reporte_20260817.html
2026-08-17 10:32:31,123 [INFO] ============================================================
2026-08-17 10:32:31,124 [INFO] 🏁 Procesamiento finalizado.
2026-08-17 10:32:31,124 [INFO] 📊 Resumen de esta sesión:
2026-08-17 10:32:31,125 [INFO]    ✅ Procesados en esta sesión: 1
2026-08-17 10:32:31,127 [INFO]    ❌ Fallos en esta sesión: 0
2026-08-17 10:32:31,127 [INFO] 📊 Acumulado total:
2026-08-17 10:32:31,129 [INFO]    ✅ Total procesados: 1
2026-08-17 10:32:31,130 [INFO]    ❌ Total fallidos: 0
2026-08-17 10:32:31,130 [INFO] ============================================================
2026-08-17 12:07:16,762 [INFO] 🚀 Iniciando sistema automatizado de comercio exterior - VUCEM
2026-08-17 12:07:16,764 [INFO] Cargando proveedores desde BOM...
2026-08-17 12:07:17,647 [INFO] ✅ 3588 proveedores cargados.
2026-08-17 12:07:17,647 [INFO] Cargando insumos por modelo desde BOM (solo categorías al INICIO)...
2026-08-17 12:07:20,334 [INFO] ✅ 1614 modelos con insumos cargados.
2026-08-17 12:07:20,334 [INFO] Procesando archivo maestro (hoja '2026')...
2026-08-17 12:07:20,432 [INFO] ✅ Generado: PLANTILLA_000000024505_Assault_mask_1.csv (3 filas, 0 variables, col_G=3)
2026-08-17 12:07:20,434 [INFO] ✅ Generado: PLANTILLA_000000021292_Hockey_Killer_1.csv (5 filas, 2 variables, col_G=5)
2026-08-17 12:07:20,436 [INFO] ✅ Generado: PLANTILLA_000000022131_Apocalyptic_Mask_1.csv (3 filas, 0 variables, col_G=3)
2026-08-17 12:07:20,438 [INFO] ✅ Generado: PLANTILLA_000000021179_Brown_wolf_1.csv (3 filas, 0 variables, col_G=3)
2026-08-17 12:07:20,439 [INFO] ✅ Generado: PLANTILLA_000000021229_Brown_Dr._Peste_1.csv (5 filas, 2 variables, col_G=5)
2026-08-17 12:07:20,441 [INFO] ✅ Generado: PLANTILLA_000000021225_Crania_face_1.csv (5 filas, 2 variables, col_G=5)
2026-08-17 12:07:20,442 [INFO] ✅ Generado: PLANTILLA_000000021107_Jacko_1.csv (3 filas, 0 variables, col_G=3)
2026-08-17 12:07:20,444 [INFO] ✅ Generado: PLANTILLA_000000050122_Akasha_1.csv (4 filas, 1 variables, col_G=4)
2026-08-17 12:07:20,445 [INFO] ✅ Generado: PLANTILLA_000000050116_Alucard_1.csv (3 filas, 0 variables, col_G=3)
2026-08-17 12:07:20,446 [INFO] ✅ Generado: PLANTILLA_000000050118_Mr._Bones_Tan_1.csv (3 filas, 0 variables, col_G=3)
2026-08-17 12:07:20,448 [INFO] ✅ Generado: PLANTILLA_000000050117_Mr._Bones_1.csv (3 filas, 0 variables, col_G=3)
2026-08-17 12:07:20,450 [INFO] ✅ Generado: PLANTILLA_000000050120_Daffy_1.csv (4 filas, 1 variables, col_G=4)
2026-08-17 12:07:20,451 [INFO] ✅ Generado: PLANTILLA_000000050119_Soggy_1.csv (5 filas, 2 variables, col_G=5)
2026-08-17 12:07:20,452 [INFO] ✅ Generado: PLANTILLA_000000050121_Baba_Yaga_1.csv (3 filas, 0 variables, col_G=3)
2026-08-17 12:07:20,455 [INFO] ✅ Generado: PLANTILLA_000000350063__Rolan__Street_clown_1.csv (5 filas, 2 variables, col_G=5)
2026-08-17 12:07:20,457 [INFO] ✅ Generado: PLANTILLA_000000350064_Psychopathic_Clown_1.csv (7 filas, 4 variables, col_G=7)
2026-08-17 12:07:20,459 [INFO] ✅ Generado: PLANTILLA_000000350065_Rusty_the_Clown_1.csv (8 filas, 5 variables, col_G=8)
2026-08-17 12:07:20,461 [INFO] ✅ Generado: PLANTILLA_000000350061_Narmoga_1.csv (6 filas, 3 variables, col_G=6)
2026-08-17 12:07:20,464 [INFO] ✅ Generado: PLANTILLA_000000350062_Agnha_1.csv (7 filas, 4 variables, col_G=7)
2026-08-17 12:07:20,467 [INFO] ✅ Generado: PLANTILLA_000000350060_Nightstalker_1.csv (4 filas, 1 variables, col_G=4)
2026-08-17 12:07:20,469 [INFO] ✅ Generado: PLANTILLA_000000350059_Death_Walker_1.csv (4 filas, 1 variables, col_G=4)
2026-08-17 12:07:20,472 [INFO] ✅ Generado: PLANTILLA_000000030110_Night_Terror_1.csv (3 filas, 0 variables, col_G=3)
2026-08-17 12:07:20,474 [INFO] ✅ Generado: PLANTILLA_000000030111_Transplanted_1.csv (4 filas, 1 variables, col_G=4)
2026-08-17 12:07:20,477 [INFO] ✅ Generado: PLANTILLA_000000030109_Splitting_Headache_1.csv (3 filas, 0 variables, col_G=3)
2026-08-17 12:07:20,479 [INFO] ✅ Generado: PLANTILLA_000000030181_Camazotz_1.csv (3 filas, 0 variables, col_G=3)
2026-08-17 12:07:20,481 [INFO] ✅ Generado: PLANTILLA_000000030182_Silent_Death_1.csv (4 filas, 1 variables, col_G=4)
2026-08-17 12:07:20,483 [INFO] ✅ Generado: PLANTILLA_000000030180_Demon_Vampire_1.csv (3 filas, 0 variables, col_G=3)
2026-08-17 12:07:20,484 [INFO] ✅ Generado: PLANTILLA_000000030173_Pagliacci_1.csv (3 filas, 0 variables, col_G=3)
2026-08-17 12:07:20,486 [INFO] ✅ Generado: PLANTILLA_000000030116_Dusty_clown_1.csv (3 filas, 0 variables, col_G=3)
2026-08-17 12:07:20,488 [INFO] ✅ Generado: PLANTILLA_000000030166_Hellbell_clown_1.csv (6 filas, 3 variables, col_G=6)
2026-08-17 12:07:20,491 [INFO] ✅ Generado: PLANTILLA_000000030149_Fiery_clown_2.csv (3 filas, 0 variables, col_G=3)
2026-08-17 12:07:20,493 [INFO] ✅ Generado: PLANTILLA_000000030142_Sadistic_clown_1.csv (5 filas, 2 variables, col_G=5)
2026-08-17 12:07:20,495 [INFO] ✅ Generado: PLANTILLA_000000030100_Toothy_Clown_1.csv (6 filas, 3 variables, col_G=6)
2026-08-17 12:07:20,498 [INFO] ✅ Generado: PLANTILLA_000000030102_Creppy_Clown_smile_1.csv (5 filas, 2 variables, col_G=5)
2026-08-17 12:07:20,500 [INFO] ✅ Generado: PLANTILLA_000000030115_Fiendish_clown_1.csv (3 filas, 0 variables, col_G=3)
2026-08-17 12:07:20,502 [INFO] ✅ Generado: PLANTILLA_000000030117_Jezebel_1.csv (5 filas, 2 variables, col_G=5)
2026-08-17 12:07:20,504 [INFO] ✅ Generado: PLANTILLA_000000030118_Porky_the_clown_1.csv (8 filas, 5 variables, col_G=8)
2026-08-17 12:07:20,506 [INFO] ✅ Generado: PLANTILLA_000000030138_Burger´s_Clown_2.csv (4 filas, 1 variables, col_G=4)
2026-08-17 12:07:20,508 [INFO] ✅ Generado: PLANTILLA_000000030143_Zippy_1.csv (4 filas, 1 variables, col_G=4)
2026-08-17 12:07:20,509 [INFO] ✅ Generado: PLANTILLA_000000030122_Amuck_1.csv (4 filas, 1 variables, col_G=4)
2026-08-17 12:07:20,510 [INFO] ✅ Generado: PLANTILLA_000000030159_Upside_Grin_Clown_1.csv (3 filas, 0 variables, col_G=3)
2026-08-17 12:07:20,512 [INFO] ✅ Generado: PLANTILLA_000000030137_Thug_Clown_1.csv (4 filas, 1 variables, col_G=4)
2026-08-17 12:07:20,513 [INFO] ✅ Generado: PLANTILLA_000000030120_Crispy_1.csv (6 filas, 3 variables, col_G=6)
2026-08-17 12:07:20,515 [INFO] ✅ Generado: PLANTILLA_000000030134_Mad_Clown_Biker_1.csv (3 filas, 0 variables, col_G=3)
2026-08-17 12:07:20,516 [INFO] ✅ Generado: PLANTILLA_000000030167_Spawlown_1.csv (3 filas, 0 variables, col_G=3)
2026-08-17 12:07:20,517 [INFO] ✅ Generado: PLANTILLA_000000030121_Bumpy_1.csv (4 filas, 1 variables, col_G=4)
2026-08-17 12:07:20,519 [INFO] ✅ Generado: PLANTILLA_000000030153_Igor_1.csv (4 filas, 1 variables, col_G=4)
2026-08-17 12:07:20,522 [INFO] ✅ Generado: PLANTILLA_000000030145_Creepy_T.W._1.csv (4 filas, 1 variables, col_G=4)
2026-08-17 12:07:20,523 [INFO] ✅ Generado: PLANTILLA_000000030148_Creepy_P._1.csv (4 filas, 1 variables, col_G=4)
2026-08-17 12:07:20,525 [INFO] ✅ Generado: PLANTILLA_000000030146_Creepy_D._1.csv (4 filas, 1 variables, col_G=4)
2026-08-17 12:07:20,527 [INFO] ✅ Generado: PLANTILLA_000000030147_Creepy_L.L._1.csv (4 filas, 1 variables, col_G=4)
2026-08-17 12:07:20,530 [INFO] ✅ Generado: PLANTILLA_000000149113_Marinero_Creepy_1.csv (3 filas, 0 variables, col_G=3)
2026-08-17 12:07:20,533 [INFO] ✅ Generado: PLANTILLA_000000030131_Creepyboobu_1.csv (4 filas, 1 variables, col_G=4)
2026-08-17 12:07:20,535 [INFO] ✅ Generado: PLANTILLA_000000030151_Mothman_1.csv (5 filas, 2 variables, col_G=5)
2026-08-17 12:07:20,537 [INFO] ✅ Generado: PLANTILLA_000000030114_Creepy_Peter_1.csv (3 filas, 0 variables, col_G=3)
2026-08-17 12:07:20,539 [INFO] ✅ Generado: PLANTILLA_000000030174_Crazy_Auguste_1.csv (4 filas, 1 variables, col_G=4)
2026-08-17 12:07:20,541 [INFO] ✅ Generado: PLANTILLA_000000030176_Brickie_zombie_1.csv (3 filas, 0 variables, col_G=3)
2026-08-17 12:07:20,544 [INFO] ✅ Generado: PLANTILLA_000000030175_Killer_Identity_1.csv (3 filas, 0 variables, col_G=3)
2026-08-17 12:07:20,546 [INFO] ✅ Generado: PLANTILLA_000000030171_J_the_Slayer_1.csv (5 filas, 2 variables, col_G=5)
2026-08-17 12:07:20,548 [INFO] ✅ Generado: PLANTILLA_000000071542_Fleshless_mouth_1.csv (5 filas, 2 variables, col_G=5)
2026-08-17 12:07:20,549 [INFO] ✅ Generado: PLANTILLA_000000030177_Zombie_pilot_1.csv (4 filas, 1 variables, col_G=4)
2026-08-17 12:07:20,551 [INFO] ✅ Generado: PLANTILLA_000000030133_Chopper_Rider_1.csv (3 filas, 0 variables, col_G=3)
2026-08-17 12:07:20,553 [INFO] ✅ Generado: PLANTILLA_000000030178_The_lord_1.csv (3 filas, 0 variables, col_G=3)
2026-08-17 12:07:20,555 [INFO] ✅ Generado: PLANTILLA_000000030162_Big_Horns_Skull_1.csv (5 filas, 2 variables, col_G=5)
2026-08-17 12:07:20,557 [INFO] ✅ Generado: PLANTILLA_000000030161_Big_Horns_Skull_Neon_1.csv (6 filas, 3 variables, col_G=6)
2026-08-17 12:07:20,559 [INFO] ✅ Generado: PLANTILLA_000000030132_Patrol_Skull_1.csv (3 filas, 0 variables, col_G=3)
2026-08-17 12:07:20,562 [INFO] ✅ Generado: PLANTILLA_000000030160_Big_Horns_Devil_1.csv (5 filas, 2 variables, col_G=5)
2026-08-17 12:07:20,564 [INFO] ✅ Generado: PLANTILLA_000000030164_Malebranche_1.csv (4 filas, 1 variables, col_G=4)
2026-08-17 12:07:20,566 [INFO] ✅ Generado: PLANTILLA_000000030123_Possessed_nun_1.csv (7 filas, 4 variables, col_G=7)
2026-08-17 12:07:20,568 [INFO] ✅ Generado: PLANTILLA_000000030163_Big_Horns_alien_1.csv (5 filas, 2 variables, col_G=5)
2026-08-17 12:07:20,570 [INFO] ✅ Generado: PLANTILLA_000000072201_Alien_Creepy_1.csv (3 filas, 0 variables, col_G=3)
2026-08-17 12:07:20,572 [INFO] ✅ Generado: PLANTILLA_000000030152_Morak_1.csv (3 filas, 0 variables, col_G=3)
2026-08-17 12:07:20,574 [INFO] ✅ Generado: PLANTILLA_000000030158_Blind_Warden_1.csv (3 filas, 0 variables, col_G=3)
2026-08-17 12:07:20,576 [INFO] ✅ Generado: PLANTILLA_000000030179_Frankorned_1.csv (3 filas, 0 variables, col_G=3)
2026-08-17 12:07:20,578 [INFO] ✅ Generado: PLANTILLA_000000030168_Gorth_1.csv (5 filas, 2 variables, col_G=5)
2026-08-17 12:07:20,579 [INFO] ✅ Generado: PLANTILLA_000000030112_Old_Troll_1.csv (3 filas, 0 variables, col_G=3)
2026-08-17 12:07:20,581 [INFO] ✅ Generado: PLANTILLA_000000030113_Funny_Troll_1.csv (3 filas, 0 variables, col_G=3)
2026-08-17 12:07:20,582 [INFO] ✅ Generado: PLANTILLA_000000030144_Creepy_Voodoo_Master_1.csv (4 filas, 1 variables, col_G=4)
2026-08-17 12:07:20,583 [INFO] ✅ Generado: PLANTILLA_000000030150_Anciente_Priest_1.csv (3 filas, 0 variables, col_G=3)
2026-08-17 12:07:20,585 [INFO] ✅ Generado: PLANTILLA_000000030172_Voodoo_victim_1.csv (3 filas, 0 variables, col_G=3)
2026-08-17 12:07:20,587 [INFO] ✅ Generado: PLANTILLA_000000030165_Horned_Sorceress_1.csv (4 filas, 1 variables, col_G=4)
2026-08-17 12:07:20,588 [INFO] ✅ Generado: PLANTILLA_000000071535_Agatha_1.csv (6 filas, 3 variables, col_G=6)
2026-08-17 12:07:20,591 [INFO] ✅ Generado: PLANTILLA_000000027990_Staffs__Witch_1.csv (5 filas, 2 variables, col_G=5)
2026-08-17 12:07:20,593 [INFO] ✅ Generado: PLANTILLA_000000071544_Scar_wolf_1.csv (3 filas, 0 variables, col_G=3)
2026-08-17 12:07:20,594 [INFO] ✅ Generado: PLANTILLA_000000030139_Sack_Creature_1.csv (5 filas, 2 variables, col_G=5)
2026-08-17 12:07:20,597 [INFO] ✅ Generado: PLANTILLA_000000030124_Mangy_rat_1.csv (5 filas, 2 variables, col_G=5)
2026-08-17 12:07:20,599 [INFO] ✅ Generado: PLANTILLA_000000030125_Rabid_boar_1.csv (4 filas, 1 variables, col_G=4)
2026-08-17 12:07:20,601 [INFO] ✅ Generado: PLANTILLA_000000030127_Zombie_Cat_1.csv (5 filas, 2 variables, col_G=5)
2026-08-17 12:07:20,603 [INFO] ✅ Generado: PLANTILLA_000000030129_Zombie_Capybara_1.csv (3 filas, 0 variables, col_G=3)
2026-08-17 12:07:20,605 [INFO] ✅ Generado: PLANTILLA_000000030119_Rotten_Panda_1.csv (5 filas, 2 variables, col_G=5)
2026-08-17 12:07:20,607 [INFO] ✅ Generado: PLANTILLA_000000030169_Apenstein_1.csv (5 filas, 2 variables, col_G=5)
2026-08-17 12:07:20,609 [INFO] ✅ Generado: PLANTILLA_000000030170_Groaner_1.csv (3 filas, 0 variables, col_G=3)
2026-08-17 12:07:20,611 [INFO] ✅ Generado: PLANTILLA_000000030154_Evil_Nutcracker_1.csv (4 filas, 1 variables, col_G=4)
2026-08-17 12:07:20,612 [INFO] ✅ Generado: PLANTILLA_000000030155_Creepy_Happy_1.csv (6 filas, 3 variables, col_G=6)
2026-08-17 12:07:20,614 [INFO] ✅ Generado: PLANTILLA_000000030156_Creepy_Sad_1.csv (6 filas, 3 variables, col_G=6)
2026-08-17 12:07:20,615 [INFO] ✅ Generado: PLANTILLA_000000027985_Little_Abyss_1.csv (7 filas, 4 variables, col_G=7)
2026-08-17 12:07:20,616 [INFO] ✅ Generado: PLANTILLA_000000027984_Little_Ember_1.csv (7 filas, 4 variables, col_G=7)
2026-08-17 12:07:20,617 [INFO] ✅ Generado: PLANTILLA_000000027983_Little_Goo_1.csv (7 filas, 4 variables, col_G=7)
2026-08-17 12:07:20,619 [INFO] ✅ Generado: PLANTILLA_000000027982_Little_Greyson_1.csv (6 filas, 3 variables, col_G=6)
2026-08-17 12:07:20,621 [INFO] ✅ Generado: PLANTILLA_000000027981_Little_Fang_1.csv (7 filas, 4 variables, col_G=7)
2026-08-17 12:07:20,624 [INFO] ✅ Generado: PLANTILLA_000000027986_Little_Rotty_1.csv (6 filas, 3 variables, col_G=6)
2026-08-17 12:07:20,626 [INFO] ✅ Generado: PLANTILLA_000000027978_James_busted_1.csv (5 filas, 2 variables, col_G=5)
2026-08-17 12:07:20,628 [INFO] ✅ Generado: PLANTILLA_000000027979_Helen_Busted_1.csv (5 filas, 2 variables, col_G=5)
2026-08-17 12:07:20,630 [INFO] ✅ Generado: PLANTILLA_000000027980_William_Busted_1.csv (5 filas, 2 variables, col_G=5)
2026-08-17 12:07:20,633 [INFO] ✅ Generado: PLANTILLA_000000331008_Bloody_Curtains_1.csv (3 filas, 0 variables, col_G=3)
2026-08-17 12:07:20,634 [INFO] ✅ Generado: PLANTILLA_000000027994_Effigy_1.csv (3 filas, 0 variables, col_G=3)
2026-08-17 12:07:20,636 [INFO] ✅ Generado: PLANTILLA_000000027995_Pharaoh_1.csv (3 filas, 0 variables, col_G=3)
2026-08-17 12:07:20,638 [INFO] ✅ Generado: PLANTILLA_000000027991_Carnivorous_plant_garden_decor_1.csv (6 filas, 3 variables, col_G=6)
2026-08-17 12:07:20,641 [INFO] ✅ Generado: PLANTILLA_000000027992_Gnome_garden_decor_1.csv (3 filas, 0 variables, col_G=3)
2026-08-17 12:07:20,643 [INFO] ✅ Generado: PLANTILLA_000000028212_Earth_Dragon_Puppet_1.csv (3 filas, 0 variables, col_G=3)
2026-08-17 12:07:20,644 [INFO] ✅ Generado: PLANTILLA_000000028213_Fire_Dragon_Puppet_1.csv (3 filas, 0 variables, col_G=3)
2026-08-17 12:07:20,646 [INFO] ✅ Generado: PLANTILLA_000000028211_Demon_Puppet_1.csv (3 filas, 0 variables, col_G=3)
2026-08-17 12:07:20,647 [INFO] ✅ Generado: PLANTILLA_000000028214_Goat_Puppet_1.csv (3 filas, 0 variables, col_G=3)
2026-08-17 12:07:20,648 [INFO] ✅ Generado: PLANTILLA_000000028210_Gargoyle_Puppet_1.csv (3 filas, 0 variables, col_G=3)
2026-08-17 12:07:20,650 [INFO] ✅ Generado: PLANTILLA_000000028215_Wacky_Clown_Puppet_1.csv (3 filas, 0 variables, col_G=3)
2026-08-17 12:07:20,651 [INFO] ✅ Generado: PLANTILLA_000000028122_Hobby_Zombie_Unicorn_Stick_1.csv (7 filas, 4 variables, col_G=7)
2026-08-17 12:07:20,653 [INFO] ✅ Generado: PLANTILLA_000000028123_Hobby_Zombie_Horse_Stick_1.csv (7 filas, 4 variables, col_G=7)
2026-08-17 12:07:20,655 [INFO] ✅ Generado: PLANTILLA_000000027976_Chocolate_Gigi_2.csv (5 filas, 2 variables, col_G=5)
2026-08-17 12:07:20,657 [INFO] ✅ Generado: PLANTILLA_000000027970_Blady_1.csv (5 filas, 2 variables, col_G=5)
2026-08-17 12:07:20,659 [INFO] ✅ Generado: PLANTILLA_000000027966_Possessed_Elf_1.csv (5 filas, 2 variables, col_G=5)
2026-08-17 12:07:20,661 [INFO] ✅ Generado: PLANTILLA_000000027967_Mini_Troll_1.csv (6 filas, 3 variables, col_G=6)
2026-08-17 12:07:20,664 [INFO] ✅ Generado: PLANTILLA_000000027974_Centipede_1.csv (5 filas, 2 variables, col_G=5)
2026-08-17 12:07:20,666 [INFO] ✅ Generado: PLANTILLA_000000027977_Fangsy_2.csv (5 filas, 2 variables, col_G=5)
2026-08-17 12:07:20,667 [INFO] ✅ Generado: PLANTILLA_000000027971_Punky_1.csv (5 filas, 2 variables, col_G=5)
2026-08-17 12:07:20,670 [INFO] ✅ Generado: PLANTILLA_000000027972_Lil´Horns_1.csv (5 filas, 2 variables, col_G=5)
2026-08-17 12:07:20,672 [INFO] ✅ Generado: PLANTILLA_000000027973_BoohBlue_1.csv (5 filas, 2 variables, col_G=5)
2026-08-17 12:07:20,674 [INFO] ✅ Generado: PLANTILLA_000000668651_Midsummer_Horror_Clown_1.csv (5 filas, 2 variables, col_G=5)
2026-08-17 12:07:20,676 [INFO] ✅ Generado: PLANTILLA_000000028120_Liging_Severed_Hand_1.csv (6 filas, 3 variables, col_G=6)
2026-08-17 12:07:20,677 [INFO] ✅ Generado: PLANTILLA_000000028121_Living_Severed_Hand_2_1.csv (6 filas, 3 variables, col_G=6)
2026-08-17 12:07:20,679 [INFO] ✅ Generado: PLANTILLA_000000084812_Serial_Killer_Apron_1.csv (7 filas, 4 variables, col_G=7)
2026-08-17 12:07:20,680 [INFO] ✅ Generado: PLANTILLA_000000084811_Forrest_Killer_Apron_1.csv (6 filas, 3 variables, col_G=6)
2026-08-17 12:07:20,682 [INFO] ✅ Generado: PLANTILLA_000000084810_Butcher_Killer_Apron_1.csv (7 filas, 4 variables, col_G=7)
2026-08-17 12:07:20,683 [INFO] ✅ Generado: PLANTILLA_000000084285_Lord_jester_1.csv (13 filas, 10 variables, col_G=13)
2026-08-17 12:07:20,684 [INFO] ✅ Generado: PLANTILLA_000000084286_Lord_jester_1.csv (14 filas, 11 variables, col_G=14)
2026-08-17 12:07:20,687 [INFO] ✅ Generado: PLANTILLA_000000084287_Lord_jester_1.csv (14 filas, 11 variables, col_G=14)
2026-08-17 12:07:20,690 [INFO] ✅ Generado: PLANTILLA_000000084280_Lady_Harlequin_1.csv (14 filas, 11 variables, col_G=14)
2026-08-17 12:07:20,692 [INFO] ✅ Generado: PLANTILLA_000000084281_Lady_Harlequin_1.csv (14 filas, 11 variables, col_G=14)
2026-08-17 12:07:20,694 [INFO] ✅ Generado: PLANTILLA_000000084282_Lady_Harlequin_1.csv (14 filas, 11 variables, col_G=14)
2026-08-17 12:07:20,696 [INFO] ✅ Generado: PLANTILLA_000000084295_Miss_Circus_Ringmaster_1.csv (13 filas, 10 variables, col_G=13)
2026-08-17 12:07:20,699 [INFO] ✅ Generado: PLANTILLA_000000084296_Miss_Circus_Ringmaster_1.csv (13 filas, 10 variables, col_G=13)
2026-08-17 12:07:20,702 [INFO] ✅ Generado: PLANTILLA_000000084297_Miss_Circus_Ringmaster_1.csv (13 filas, 10 variables, col_G=13)
2026-08-17 12:07:20,705 [INFO] ✅ Generado: PLANTILLA_000000084840_Spooky_Pumpkin_Scarecrow_1.csv (8 filas, 5 variables, col_G=8)
2026-08-17 12:07:20,708 [INFO] ✅ Generado: PLANTILLA_000000084841_Spooky_Pumpkin_Scarecrow_1.csv (8 filas, 5 variables, col_G=8)
2026-08-17 12:07:20,709 [INFO] ✅ Generado: PLANTILLA_000000084842_Spooky_Pumpkin_Scarecrow_1.csv (8 filas, 5 variables, col_G=8)
2026-08-17 12:07:20,711 [INFO] ✅ Generado: PLANTILLA_000000084835_Mont´s_Glowing_Clown_1.csv (13 filas, 10 variables, col_G=13)
2026-08-17 12:07:20,712 [INFO] ✅ Generado: PLANTILLA_000000084836_Mont´s_Glowing_Clown_1.csv (13 filas, 10 variables, col_G=13)
2026-08-17 12:07:20,714 [INFO] ✅ Generado: PLANTILLA_000000084837_Mont´s_Glowing_Clown_1.csv (13 filas, 10 variables, col_G=13)
2026-08-17 12:07:20,715 [INFO] ✅ Generado: PLANTILLA_000000084826_Kramper_Cape_1.csv (13 filas, 10 variables, col_G=13)
2026-08-17 12:07:20,716 [INFO] ✅ Generado: PLANTILLA_000000084822_Christmas_Grumpy_Monster_1.csv (15 filas, 12 variables, col_G=15)
2026-08-17 12:07:20,718 [INFO] ✅ Generado: PLANTILLA_000000084855_Grumpy_Monster_1.csv (11 filas, 8 variables, col_G=11)
2026-08-17 12:07:20,721 [INFO] ✅ Generado: PLANTILLA_000000084825_Sasquatch_Costume_1.csv (11 filas, 8 variables, col_G=11)
2026-08-17 12:07:20,722 [INFO] ✅ Generado: PLANTILLA_000000027898_Rotten_Sandwich_1.csv (3 filas, 0 variables, col_G=3)
2026-08-17 12:07:20,724 [INFO] ✅ Generado: PLANTILLA_000000027895_Disgusting_Hot_Dog_1.csv (3 filas, 0 variables, col_G=3)
2026-08-17 12:07:20,726 [INFO] ✅ Generado: PLANTILLA_000000027916_Nasty_Chinese_Food_1.csv (3 filas, 0 variables, col_G=3)
2026-08-17 12:07:20,728 [INFO] ✅ Generado: PLANTILLA_000000030149_Fiery_clown_3.csv (3 filas, 0 variables, col_G=3)
2026-08-17 12:07:20,732 [INFO] ✅ Generado: PLANTILLA_000000030138_Burger´s_Clown_3.csv (4 filas, 1 variables, col_G=4)
2026-08-17 12:07:20,734 [INFO] ✅ Generado: PLANTILLA_000000149113__Marinero_Creepy_1.csv (3 filas, 0 variables, col_G=3)
2026-08-17 12:07:20,736 [INFO] ✅ Generado: PLANTILLA_000000027976_Chocolate_Gigi_3.csv (5 filas, 2 variables, col_G=5)
2026-08-17 12:07:20,738 [INFO] ✅ Generado: PLANTILLA_000000027977_Fangsy_3.csv (5 filas, 2 variables, col_G=5)
2026-08-17 12:07:20,740 [INFO] ✅ Generado: PLANTILLA_000000030101_Jester_Clown_1.csv (6 filas, 3 variables, col_G=6)
2026-08-17 12:07:20,742 [INFO] ✅ Generado: PLANTILLA_000000030103_Clown_Smiles_1.csv (6 filas, 3 variables, col_G=6)
2026-08-17 12:07:20,743 [INFO] ✅ Generado: PLANTILLA_000000030141_Eyeball_Mask_1.csv (4 filas, 1 variables, col_G=4)
2026-08-17 12:07:20,744 [INFO] ✅ Generado: PLANTILLA_000000030135_Bram_1.csv (3 filas, 0 variables, col_G=3)
2026-08-17 12:07:20,746 [INFO] ✅ Generado: PLANTILLA_000000030136_Lilith_1.csv (5 filas, 2 variables, col_G=5)
2026-08-17 12:07:20,747 [INFO] ✅ Generado: PLANTILLA_000000030157_Ghoulish_Man_1.csv (4 filas, 1 variables, col_G=4)
2026-08-17 12:07:20,748 [INFO] ✅ Generado: PLANTILLA_000000030023_Possessed_samurai_1.csv (4 filas, 1 variables, col_G=4)
2026-08-17 12:07:20,750 [INFO] ✅ Generado: PLANTILLA_000000072202_Alien_Monster_1.csv (3 filas, 0 variables, col_G=3)
2026-08-17 12:07:20,752 [INFO] ✅ Generado: PLANTILLA_000000030009_Cosmic_king_1.csv (3 filas, 0 variables, col_G=3)
2026-08-17 12:07:20,754 [INFO] ✅ Generado: PLANTILLA_000000030128_Zombie_Pug_1.csv (3 filas, 0 variables, col_G=3)
2026-08-17 12:07:20,755 [INFO] ✅ Generado: PLANTILLA_000000027975_Sugar_Kiky_1.csv (5 filas, 2 variables, col_G=5)
2026-08-17 12:07:20,757 [INFO] ✅ Generado: PLANTILLA_000000027968_Nightshade_1.csv (5 filas, 2 variables, col_G=5)
2026-08-17 12:07:20,759 [INFO] ✅ Generado: PLANTILLA_000000027969_Snowbelle_1.csv (5 filas, 2 variables, col_G=5)
2026-08-17 12:07:20,761 [INFO] ✅ Generado: PLANTILLA_000000025838_Alien_Flesh_1.csv (4 filas, 1 variables, col_G=4)
2026-08-17 12:07:20,764 [INFO] ✅ Generado: PLANTILLA_000000030130_Sir_Thomas_1.csv (3 filas, 0 variables, col_G=3)
2026-08-17 12:07:20,767 [INFO] ✅ Generado: PLANTILLA_000000027993_Staffs__Witch_Green_1.csv (5 filas, 2 variables, col_G=5)
2026-08-17 12:07:20,768 [INFO] ✅ Generado: PLANTILLA_000000027797_Waxed_skull_1.csv (3 filas, 0 variables, col_G=3)
2026-08-17 12:07:20,771 [INFO] ✅ Generado: PLANTILLA_000200350005__Cthulu_Mug_1.csv (3 filas, 0 variables, col_G=3)
2026-08-17 12:07:20,772 [INFO] ✅ Generado: PLANTILLA_000200350007__Alien_Mug_1.csv (3 filas, 0 variables, col_G=3)
2026-08-17 12:07:20,775 [INFO] ✅ Generado: PLANTILLA_000200350003__Franky_Mug_1.csv (3 filas, 0 variables, col_G=3)
2026-08-17 12:07:20,777 [INFO] ✅ Generado: PLANTILLA_0000000335101_Skull_Wall_Panels_1.csv (3 filas, 0 variables, col_G=3)
2026-08-17 12:07:20,779 [INFO] ✅ Generado: PLANTILLA_000000027902_Pale_skin_bag_1.csv (4 filas, 1 variables, col_G=4)
2026-08-17 12:07:20,781 [INFO] ✅ Generado: PLANTILLA_000000027936_Finger_Keychain_1.csv (5 filas, 2 variables, col_G=5)
2026-08-17 12:07:20,782 [INFO] ✅ Generado: PLANTILLA_000000027937_Tongue_Keychain_1.csv (5 filas, 2 variables, col_G=5)
2026-08-17 12:07:20,784 [INFO] ✅ Generado: PLANTILLA_000000027938_Eye_Keychain_1.csv (5 filas, 2 variables, col_G=5)
2026-08-17 12:07:20,785 [INFO] ✅ Generado: PLANTILLA_000000027935_Nose_Keychain_1.csv (5 filas, 2 variables, col_G=5)
2026-08-17 12:07:20,787 [INFO] ✅ Generado: PLANTILLA_000000027939_Ear_Keychain_1.csv (5 filas, 2 variables, col_G=5)
2026-08-17 12:07:20,789 [INFO] ✅ Generado: PLANTILLA_000000029011_Yeti_Mega_Costume_1.csv (10 filas, 7 variables, col_G=10)
2026-08-17 12:07:20,789 [INFO] 
📊 Resumen final:
2026-08-17 12:07:20,790 [INFO]    ✅ Plantillas generadas: 187
2026-08-17 12:07:20,790 [INFO]    ⏭️ Omitidas (sin precio): 0
2026-08-17 12:07:20,790 [INFO]    ❌ Errores (inconsistencia de filas): 0
2026-08-17 12:07:20,790 [INFO]    📁 Carpeta: 'C:\Users\Dany\Desktop\Proyecto\output'
2026-08-17 12:07:20,790 [WARNING] ⚠️ Modelo duplicado detectado: 000000030149 Fiery clown - se elimina la segunda ocurrencia.
2026-08-17 12:07:20,791 [WARNING] ⚠️ Modelo duplicado detectado: 000000030138 Burger´s Clown - se elimina la segunda ocurrencia.
2026-08-17 12:07:20,791 [WARNING] ⚠️ Modelo duplicado detectado: 000000027976 Chocolate Gigi - se elimina la segunda ocurrencia.
2026-08-17 12:07:20,791 [WARNING] ⚠️ Modelo duplicado detectado: 000000027977 Fangsy - se elimina la segunda ocurrencia.
2026-08-17 12:07:20,791 [INFO] 🧹 Desduplicación: 187 → 183 modelos únicos.
2026-08-17 12:07:20,792 [INFO] 📦 183 modelos listos para el bot.
2026-08-17 12:07:20,811 [INFO] 📂 Estado cargado: 1 modelos ya procesados.
2026-08-17 12:07:20,812 [INFO] ⏭️ 1 modelos ya procesados o en fallos. Saltando.
2026-08-17 12:07:20,812 [INFO] 📦 182 modelos pendientes de 183 totales.
2026-08-17 12:07:25,298 [INFO] ✅ WebDriver inicializado.
2026-08-17 12:07:25,303 [INFO] 🌐 Navegando a la página de login de VUCEM...
2026-08-17 12:08:02,408 [INFO] ✅ Login verificado.
2026-08-17 12:08:02,408 [INFO] 🧭 Iniciando navegación real al formulario...
2026-08-17 12:08:02,810 [INFO] ✅ Click en 'Solicitudes nuevas'
2026-08-17 12:08:03,477 [INFO] ✅ Click en Secretaría de Economía
2026-08-17 12:08:06,722 [INFO] ✅ Click en trámite 110101 con selector: ('xpath', "//a[contains(@onclick,'110101')]")
2026-08-17 12:08:07,149 [INFO] ✅ Pestaña 'Tratados'
2026-08-17 12:08:07,316 [INFO] ✅ Unión Europea seleccionada
2026-08-17 12:08:07,468 [INFO] ✅ TLCUEM seleccionado
2026-08-17 12:08:07,593 [INFO] ✅ Criterio B seleccionado
2026-08-17 12:08:07,719 [INFO] ✅ Tratado agregado
2026-08-17 12:08:08,881 [INFO] ✅ Pestaña 'Datos de la mercancía'
2026-08-17 12:08:08,895 [INFO] ✅ Navegación completada. Formulario listo.
2026-08-17 12:08:08,895 [INFO] ⏭️ 1 modelos ya procesados o en fallos. Saltando.
2026-08-17 12:08:29,422 [INFO] 📤 Procesando modelo 000000029011 Yeti Mega Costume
2026-08-17 12:08:29,422 [INFO] Esperando campo 'Nombre comercial'...
2026-08-17 12:08:41,068 [INFO] ✅ Texto leído: '000000029011 Yeti Mega Costume'
2026-08-17 12:08:41,271 [INFO] ✅ Excel: Fracción=69139099, Precio=112.5, Insumos=3
2026-08-17 12:08:41,484 [INFO] 🔍 Usando código del Excel: 000000029011 Yeti Mega Costume
2026-08-17 12:08:42,561 [INFO] 🔍 Buscando archivo para: '000000029011 Yeti Mega Costume' (normalizado: '000000029011_Yeti_Mega_Costume')
2026-08-17 12:08:42,562 [INFO]    📁 Carpeta: C:\Users\Dany\Desktop\Proyecto\output
2026-08-17 12:08:42,569 [INFO] ✅ Archivo CSV encontrado: PLANTILLA_000000029011_Yeti_Mega_Costume.csv
2026-08-17 12:08:42,590 [INFO] 📊 El archivo tiene 10 filas. Se esperaban 3.
2026-08-17 12:08:42,590 [WARNING] ⚠️ ADVERTENCIA: El número de insumos no coincide. Se subirá igual.
2026-08-17 12:08:42,622 [INFO] ✅ Archivo seleccionado en el campo.
2026-08-17 12:08:43,671 [INFO] ✅ Click en 'Enviar' realizado. Esperando procesamiento...
2026-08-17 12:08:48,693 [INFO] ✅ Modal de carga cerrado.
2026-08-17 12:11:24,401 [INFO] ✅ Click en 'Continuar' – enviado a firma.
2026-08-17 12:11:24,402 [INFO] 🔐 Esperando firma electrónica manual...
2026-08-17 12:12:13,341 [INFO] ✅ Acuse de Recibo detectado.
2026-08-17 12:12:13,378 [WARNING] ⚠️ No se pudo extraer el folio. Texto del acuse: Tu solicitud ha sido registrada con el siguiente número de folio <0201100100120261729000566>.
2026-08-17 12:12:16,334 [INFO] ✅ Formulario listo para siguiente captura.
2026-08-17 12:12:16,335 [INFO] ✅ Modelo 000000029011 Yeti Mega Costume completado. Folio: None
2026-08-17 12:12:16,342 [INFO] ✅ Modelo 000000029011 Yeti Mega Costume completado (intento 1). Folio: None
2026-08-17 12:12:41,927 [INFO] ⏭️ 2 modelos ya procesados o en fallos. Saltando.
2026-08-17 12:47:07,638 [INFO] 🛑 Interrupción por usuario. Estado guardado.
2026-08-17 12:47:07,643 [WARNING] Retrying (Retry(total=2, connect=None, read=None, redirect=None, status=None)) after connection broken by 'ConnectionResetError(10054, 'Se ha forzado la interrupción de una conexión existente por el host remoto', None, 10054, None)': /session/61ea63a8560c3dbf0b3ff52b09e31060
2026-08-17 12:49:25,890 [INFO] 🚀 Iniciando sistema automatizado de comercio exterior - VUCEM
2026-08-17 12:49:25,892 [INFO] Cargando proveedores desde BOM...
2026-08-17 12:49:26,802 [INFO] ✅ 3588 proveedores cargados.
2026-08-17 12:49:26,803 [INFO] Cargando insumos por modelo desde BOM (solo categorías al INICIO)...
2026-08-17 12:49:29,605 [INFO] ✅ 1614 modelos con insumos cargados.
2026-08-17 12:49:29,605 [INFO] Procesando archivo maestro (hoja '2026')...
2026-08-17 12:49:29,687 [INFO] ✅ Generado: PLANTILLA_000000024505_Assault_mask_2.csv (3 filas, 0 variables, col_G=3)
2026-08-17 12:49:29,689 [INFO] ✅ Generado: PLANTILLA_000000021292_Hockey_Killer_2.csv (5 filas, 2 variables, col_G=5)
2026-08-17 12:49:29,691 [INFO] ✅ Generado: PLANTILLA_000000022131_Apocalyptic_Mask_2.csv (3 filas, 0 variables, col_G=3)
2026-08-17 12:49:29,692 [INFO] ✅ Generado: PLANTILLA_000000021179_Brown_wolf_2.csv (3 filas, 0 variables, col_G=3)
2026-08-17 12:49:29,694 [INFO] ✅ Generado: PLANTILLA_000000021229_Brown_Dr._Peste_2.csv (5 filas, 2 variables, col_G=5)
2026-08-17 12:49:29,696 [INFO] ✅ Generado: PLANTILLA_000000021225_Crania_face_2.csv (5 filas, 2 variables, col_G=5)
2026-08-17 12:49:29,698 [INFO] ✅ Generado: PLANTILLA_000000021107_Jacko_2.csv (3 filas, 0 variables, col_G=3)
2026-08-17 12:49:29,700 [INFO] ✅ Generado: PLANTILLA_000000050122_Akasha_2.csv (4 filas, 1 variables, col_G=4)
2026-08-17 12:49:29,701 [INFO] ✅ Generado: PLANTILLA_000000050116_Alucard_2.csv (3 filas, 0 variables, col_G=3)
2026-08-17 12:49:29,703 [INFO] ✅ Generado: PLANTILLA_000000050118_Mr._Bones_Tan_2.csv (3 filas, 0 variables, col_G=3)
2026-08-17 12:49:29,705 [INFO] ✅ Generado: PLANTILLA_000000050117_Mr._Bones_2.csv (3 filas, 0 variables, col_G=3)
2026-08-17 12:49:29,708 [INFO] ✅ Generado: PLANTILLA_000000050120_Daffy_2.csv (4 filas, 1 variables, col_G=4)
2026-08-17 12:49:29,710 [INFO] ✅ Generado: PLANTILLA_000000050119_Soggy_2.csv (5 filas, 2 variables, col_G=5)
2026-08-17 12:49:29,712 [INFO] ✅ Generado: PLANTILLA_000000050121_Baba_Yaga_2.csv (3 filas, 0 variables, col_G=3)
2026-08-17 12:49:29,713 [INFO] ✅ Generado: PLANTILLA_000000350063__Rolan__Street_clown_2.csv (5 filas, 2 variables, col_G=5)
2026-08-17 12:49:29,715 [INFO] ✅ Generado: PLANTILLA_000000350064_Psychopathic_Clown_2.csv (7 filas, 4 variables, col_G=7)
2026-08-17 12:49:29,716 [INFO] ✅ Generado: PLANTILLA_000000350065_Rusty_the_Clown_2.csv (8 filas, 5 variables, col_G=8)
2026-08-17 12:49:29,718 [INFO] ✅ Generado: PLANTILLA_000000350061_Narmoga_2.csv (6 filas, 3 variables, col_G=6)
2026-08-17 12:49:29,719 [INFO] ✅ Generado: PLANTILLA_000000350062_Agnha_2.csv (7 filas, 4 variables, col_G=7)
2026-08-17 12:49:29,721 [INFO] ✅ Generado: PLANTILLA_000000350060_Nightstalker_2.csv (4 filas, 1 variables, col_G=4)
2026-08-17 12:49:29,722 [INFO] ✅ Generado: PLANTILLA_000000350059_Death_Walker_2.csv (4 filas, 1 variables, col_G=4)
2026-08-17 12:49:29,726 [INFO] ✅ Generado: PLANTILLA_000000030110_Night_Terror_2.csv (3 filas, 0 variables, col_G=3)
2026-08-17 12:49:29,728 [INFO] ✅ Generado: PLANTILLA_000000030111_Transplanted_2.csv (4 filas, 1 variables, col_G=4)
2026-08-17 12:49:29,730 [INFO] ✅ Generado: PLANTILLA_000000030109_Splitting_Headache_2.csv (3 filas, 0 variables, col_G=3)
2026-08-17 12:49:29,731 [INFO] ✅ Generado: PLANTILLA_000000030181_Camazotz_2.csv (3 filas, 0 variables, col_G=3)
2026-08-17 12:49:29,733 [INFO] ✅ Generado: PLANTILLA_000000030182_Silent_Death_2.csv (4 filas, 1 variables, col_G=4)
2026-08-17 12:49:29,735 [INFO] ✅ Generado: PLANTILLA_000000030180_Demon_Vampire_2.csv (3 filas, 0 variables, col_G=3)
2026-08-17 12:49:29,736 [INFO] ✅ Generado: PLANTILLA_000000030173_Pagliacci_2.csv (3 filas, 0 variables, col_G=3)
2026-08-17 12:49:29,737 [INFO] ✅ Generado: PLANTILLA_000000030116_Dusty_clown_2.csv (3 filas, 0 variables, col_G=3)
2026-08-17 12:49:29,739 [INFO] ✅ Generado: PLANTILLA_000000030166_Hellbell_clown_2.csv (6 filas, 3 variables, col_G=6)
2026-08-17 12:49:29,741 [INFO] ✅ Generado: PLANTILLA_000000030149_Fiery_clown_4.csv (3 filas, 0 variables, col_G=3)
2026-08-17 12:49:29,743 [INFO] ✅ Generado: PLANTILLA_000000030142_Sadistic_clown_2.csv (5 filas, 2 variables, col_G=5)
2026-08-17 12:49:29,745 [INFO] ✅ Generado: PLANTILLA_000000030100_Toothy_Clown_2.csv (6 filas, 3 variables, col_G=6)
2026-08-17 12:49:29,747 [INFO] ✅ Generado: PLANTILLA_000000030102_Creppy_Clown_smile_2.csv (5 filas, 2 variables, col_G=5)
2026-08-17 12:49:29,748 [INFO] ✅ Generado: PLANTILLA_000000030115_Fiendish_clown_2.csv (3 filas, 0 variables, col_G=3)
2026-08-17 12:49:29,749 [INFO] ✅ Generado: PLANTILLA_000000030117_Jezebel_2.csv (5 filas, 2 variables, col_G=5)
2026-08-17 12:49:29,751 [INFO] ✅ Generado: PLANTILLA_000000030118_Porky_the_clown_2.csv (8 filas, 5 variables, col_G=8)
2026-08-17 12:49:29,753 [INFO] ✅ Generado: PLANTILLA_000000030138_Burger´s_Clown_4.csv (4 filas, 1 variables, col_G=4)
2026-08-17 12:49:29,754 [INFO] ✅ Generado: PLANTILLA_000000030143_Zippy_2.csv (4 filas, 1 variables, col_G=4)
2026-08-17 12:49:29,756 [INFO] ✅ Generado: PLANTILLA_000000030122_Amuck_2.csv (4 filas, 1 variables, col_G=4)
2026-08-17 12:49:29,759 [INFO] ✅ Generado: PLANTILLA_000000030159_Upside_Grin_Clown_2.csv (3 filas, 0 variables, col_G=3)
2026-08-17 12:49:29,762 [INFO] ✅ Generado: PLANTILLA_000000030137_Thug_Clown_2.csv (4 filas, 1 variables, col_G=4)
2026-08-17 12:49:29,763 [INFO] ✅ Generado: PLANTILLA_000000030120_Crispy_2.csv (6 filas, 3 variables, col_G=6)
2026-08-17 12:49:29,765 [INFO] ✅ Generado: PLANTILLA_000000030134_Mad_Clown_Biker_2.csv (3 filas, 0 variables, col_G=3)
2026-08-17 12:49:29,766 [INFO] ✅ Generado: PLANTILLA_000000030167_Spawlown_2.csv (3 filas, 0 variables, col_G=3)
2026-08-17 12:49:29,767 [INFO] ✅ Generado: PLANTILLA_000000030121_Bumpy_2.csv (4 filas, 1 variables, col_G=4)
2026-08-17 12:49:29,769 [INFO] ✅ Generado: PLANTILLA_000000030153_Igor_2.csv (4 filas, 1 variables, col_G=4)
2026-08-17 12:49:29,770 [INFO] ✅ Generado: PLANTILLA_000000030145_Creepy_T.W._2.csv (4 filas, 1 variables, col_G=4)
2026-08-17 12:49:29,771 [INFO] ✅ Generado: PLANTILLA_000000030148_Creepy_P._2.csv (4 filas, 1 variables, col_G=4)
2026-08-17 12:49:29,774 [INFO] ✅ Generado: PLANTILLA_000000030146_Creepy_D._2.csv (4 filas, 1 variables, col_G=4)
2026-08-17 12:49:29,776 [INFO] ✅ Generado: PLANTILLA_000000030147_Creepy_L.L._2.csv (4 filas, 1 variables, col_G=4)
2026-08-17 12:49:29,778 [INFO] ✅ Generado: PLANTILLA_000000149113_Marinero_Creepy_2.csv (3 filas, 0 variables, col_G=3)
2026-08-17 12:49:29,779 [INFO] ✅ Generado: PLANTILLA_000000030131_Creepyboobu_2.csv (4 filas, 1 variables, col_G=4)
2026-08-17 12:49:29,781 [INFO] ✅ Generado: PLANTILLA_000000030151_Mothman_2.csv (5 filas, 2 variables, col_G=5)
2026-08-17 12:49:29,782 [INFO] ✅ Generado: PLANTILLA_000000030114_Creepy_Peter_2.csv (3 filas, 0 variables, col_G=3)
2026-08-17 12:49:29,784 [INFO] ✅ Generado: PLANTILLA_000000030174_Crazy_Auguste_2.csv (4 filas, 1 variables, col_G=4)
2026-08-17 12:49:29,785 [INFO] ✅ Generado: PLANTILLA_000000030176_Brickie_zombie_2.csv (3 filas, 0 variables, col_G=3)
2026-08-17 12:49:29,787 [INFO] ✅ Generado: PLANTILLA_000000030175_Killer_Identity_2.csv (3 filas, 0 variables, col_G=3)
2026-08-17 12:49:29,789 [INFO] ✅ Generado: PLANTILLA_000000030171_J_the_Slayer_2.csv (5 filas, 2 variables, col_G=5)
2026-08-17 12:49:29,791 [INFO] ✅ Generado: PLANTILLA_000000071542_Fleshless_mouth_2.csv (5 filas, 2 variables, col_G=5)
2026-08-17 12:49:29,793 [INFO] ✅ Generado: PLANTILLA_000000030177_Zombie_pilot_2.csv (4 filas, 1 variables, col_G=4)
2026-08-17 12:49:29,795 [INFO] ✅ Generado: PLANTILLA_000000030133_Chopper_Rider_2.csv (3 filas, 0 variables, col_G=3)
2026-08-17 12:49:29,796 [INFO] ✅ Generado: PLANTILLA_000000030178_The_lord_2.csv (3 filas, 0 variables, col_G=3)
2026-08-17 12:49:29,797 [INFO] ✅ Generado: PLANTILLA_000000030162_Big_Horns_Skull_2.csv (5 filas, 2 variables, col_G=5)
2026-08-17 12:49:29,799 [INFO] ✅ Generado: PLANTILLA_000000030161_Big_Horns_Skull_Neon_2.csv (6 filas, 3 variables, col_G=6)
2026-08-17 12:49:29,800 [INFO] ✅ Generado: PLANTILLA_000000030132_Patrol_Skull_2.csv (3 filas, 0 variables, col_G=3)
2026-08-17 12:49:29,802 [INFO] ✅ Generado: PLANTILLA_000000030160_Big_Horns_Devil_2.csv (5 filas, 2 variables, col_G=5)
2026-08-17 12:49:29,803 [INFO] ✅ Generado: PLANTILLA_000000030164_Malebranche_2.csv (4 filas, 1 variables, col_G=4)
2026-08-17 12:49:29,805 [INFO] ✅ Generado: PLANTILLA_000000030123_Possessed_nun_2.csv (7 filas, 4 variables, col_G=7)
2026-08-17 12:49:29,807 [INFO] ✅ Generado: PLANTILLA_000000030163_Big_Horns_alien_2.csv (5 filas, 2 variables, col_G=5)
2026-08-17 12:49:29,809 [INFO] ✅ Generado: PLANTILLA_000000072201_Alien_Creepy_2.csv (3 filas, 0 variables, col_G=3)
2026-08-17 12:49:29,811 [INFO] ✅ Generado: PLANTILLA_000000030152_Morak_2.csv (3 filas, 0 variables, col_G=3)
2026-08-17 12:49:29,812 [INFO] ✅ Generado: PLANTILLA_000000030158_Blind_Warden_2.csv (3 filas, 0 variables, col_G=3)
2026-08-17 12:49:29,814 [INFO] ✅ Generado: PLANTILLA_000000030179_Frankorned_2.csv (3 filas, 0 variables, col_G=3)
2026-08-17 12:49:29,815 [INFO] ✅ Generado: PLANTILLA_000000030168_Gorth_2.csv (5 filas, 2 variables, col_G=5)
2026-08-17 12:49:29,817 [INFO] ✅ Generado: PLANTILLA_000000030112_Old_Troll_2.csv (3 filas, 0 variables, col_G=3)
2026-08-17 12:49:29,818 [INFO] ✅ Generado: PLANTILLA_000000030113_Funny_Troll_2.csv (3 filas, 0 variables, col_G=3)
2026-08-17 12:49:29,820 [INFO] ✅ Generado: PLANTILLA_000000030144_Creepy_Voodoo_Master_2.csv (4 filas, 1 variables, col_G=4)
2026-08-17 12:49:29,821 [INFO] ✅ Generado: PLANTILLA_000000030150_Anciente_Priest_2.csv (3 filas, 0 variables, col_G=3)
2026-08-17 12:49:29,823 [INFO] ✅ Generado: PLANTILLA_000000030172_Voodoo_victim_2.csv (3 filas, 0 variables, col_G=3)
2026-08-17 12:49:29,825 [INFO] ✅ Generado: PLANTILLA_000000030165_Horned_Sorceress_2.csv (4 filas, 1 variables, col_G=4)
2026-08-17 12:49:29,827 [INFO] ✅ Generado: PLANTILLA_000000071535_Agatha_2.csv (6 filas, 3 variables, col_G=6)
2026-08-17 12:49:29,828 [INFO] ✅ Generado: PLANTILLA_000000027990_Staffs__Witch_2.csv (5 filas, 2 variables, col_G=5)
2026-08-17 12:49:29,830 [INFO] ✅ Generado: PLANTILLA_000000071544_Scar_wolf_2.csv (3 filas, 0 variables, col_G=3)
2026-08-17 12:49:29,831 [INFO] ✅ Generado: PLANTILLA_000000030139_Sack_Creature_2.csv (5 filas, 2 variables, col_G=5)
2026-08-17 12:49:29,833 [INFO] ✅ Generado: PLANTILLA_000000030124_Mangy_rat_2.csv (5 filas, 2 variables, col_G=5)
2026-08-17 12:49:29,835 [INFO] ✅ Generado: PLANTILLA_000000030125_Rabid_boar_2.csv (4 filas, 1 variables, col_G=4)
2026-08-17 12:49:29,836 [INFO] ✅ Generado: PLANTILLA_000000030127_Zombie_Cat_2.csv (5 filas, 2 variables, col_G=5)
2026-08-17 12:49:29,838 [INFO] ✅ Generado: PLANTILLA_000000030129_Zombie_Capybara_2.csv (3 filas, 0 variables, col_G=3)
2026-08-17 12:49:29,839 [INFO] ✅ Generado: PLANTILLA_000000030119_Rotten_Panda_2.csv (5 filas, 2 variables, col_G=5)
2026-08-17 12:49:29,842 [INFO] ✅ Generado: PLANTILLA_000000030169_Apenstein_2.csv (5 filas, 2 variables, col_G=5)
2026-08-17 12:49:29,844 [INFO] ✅ Generado: PLANTILLA_000000030170_Groaner_2.csv (3 filas, 0 variables, col_G=3)
2026-08-17 12:49:29,845 [INFO] ✅ Generado: PLANTILLA_000000030154_Evil_Nutcracker_2.csv (4 filas, 1 variables, col_G=4)
2026-08-17 12:49:29,847 [INFO] ✅ Generado: PLANTILLA_000000030155_Creepy_Happy_2.csv (6 filas, 3 variables, col_G=6)
2026-08-17 12:49:29,848 [INFO] ✅ Generado: PLANTILLA_000000030156_Creepy_Sad_2.csv (6 filas, 3 variables, col_G=6)
2026-08-17 12:49:29,849 [INFO] ✅ Generado: PLANTILLA_000000027985_Little_Abyss_2.csv (7 filas, 4 variables, col_G=7)
2026-08-17 12:49:29,851 [INFO] ✅ Generado: PLANTILLA_000000027984_Little_Ember_2.csv (7 filas, 4 variables, col_G=7)
2026-08-17 12:49:29,852 [INFO] ✅ Generado: PLANTILLA_000000027983_Little_Goo_2.csv (7 filas, 4 variables, col_G=7)
2026-08-17 12:49:29,854 [INFO] ✅ Generado: PLANTILLA_000000027982_Little_Greyson_2.csv (6 filas, 3 variables, col_G=6)
2026-08-17 12:49:29,857 [INFO] ✅ Generado: PLANTILLA_000000027981_Little_Fang_2.csv (7 filas, 4 variables, col_G=7)
2026-08-17 12:49:29,859 [INFO] ✅ Generado: PLANTILLA_000000027986_Little_Rotty_2.csv (6 filas, 3 variables, col_G=6)
2026-08-17 12:49:29,860 [INFO] ✅ Generado: PLANTILLA_000000027978_James_busted_2.csv (5 filas, 2 variables, col_G=5)
2026-08-17 12:49:29,862 [INFO] ✅ Generado: PLANTILLA_000000027979_Helen_Busted_2.csv (5 filas, 2 variables, col_G=5)
2026-08-17 12:49:29,863 [INFO] ✅ Generado: PLANTILLA_000000027980_William_Busted_2.csv (5 filas, 2 variables, col_G=5)
2026-08-17 12:49:29,865 [INFO] ✅ Generado: PLANTILLA_000000331008_Bloody_Curtains_2.csv (3 filas, 0 variables, col_G=3)
2026-08-17 12:49:29,866 [INFO] ✅ Generado: PLANTILLA_000000027994_Effigy_2.csv (3 filas, 0 variables, col_G=3)
2026-08-17 12:49:29,867 [INFO] ✅ Generado: PLANTILLA_000000027995_Pharaoh_2.csv (3 filas, 0 variables, col_G=3)
2026-08-17 12:49:29,869 [INFO] ✅ Generado: PLANTILLA_000000027991_Carnivorous_plant_garden_decor_2.csv (6 filas, 3 variables, col_G=6)
2026-08-17 12:49:29,871 [INFO] ✅ Generado: PLANTILLA_000000027992_Gnome_garden_decor_2.csv (3 filas, 0 variables, col_G=3)
2026-08-17 12:49:29,872 [INFO] ✅ Generado: PLANTILLA_000000028212_Earth_Dragon_Puppet_2.csv (3 filas, 0 variables, col_G=3)
2026-08-17 12:49:29,874 [INFO] ✅ Generado: PLANTILLA_000000028213_Fire_Dragon_Puppet_2.csv (3 filas, 0 variables, col_G=3)
2026-08-17 12:49:29,876 [INFO] ✅ Generado: PLANTILLA_000000028211_Demon_Puppet_2.csv (3 filas, 0 variables, col_G=3)
2026-08-17 12:49:29,877 [INFO] ✅ Generado: PLANTILLA_000000028214_Goat_Puppet_2.csv (3 filas, 0 variables, col_G=3)
2026-08-17 12:49:29,879 [INFO] ✅ Generado: PLANTILLA_000000028210_Gargoyle_Puppet_2.csv (3 filas, 0 variables, col_G=3)
2026-08-17 12:49:29,880 [INFO] ✅ Generado: PLANTILLA_000000028215_Wacky_Clown_Puppet_2.csv (3 filas, 0 variables, col_G=3)
2026-08-17 12:49:29,882 [INFO] ✅ Generado: PLANTILLA_000000028122_Hobby_Zombie_Unicorn_Stick_2.csv (7 filas, 4 variables, col_G=7)
2026-08-17 12:49:29,883 [INFO] ✅ Generado: PLANTILLA_000000028123_Hobby_Zombie_Horse_Stick_2.csv (7 filas, 4 variables, col_G=7)
2026-08-17 12:49:29,885 [INFO] ✅ Generado: PLANTILLA_000000027976_Chocolate_Gigi_4.csv (5 filas, 2 variables, col_G=5)
2026-08-17 12:49:29,897 [INFO] ✅ Generado: PLANTILLA_000000027970_Blady_2.csv (5 filas, 2 variables, col_G=5)
2026-08-17 12:49:29,898 [INFO] ✅ Generado: PLANTILLA_000000027966_Possessed_Elf_2.csv (5 filas, 2 variables, col_G=5)
2026-08-17 12:49:29,899 [INFO] ✅ Generado: PLANTILLA_000000027967_Mini_Troll_2.csv (6 filas, 3 variables, col_G=6)
2026-08-17 12:49:29,901 [INFO] ✅ Generado: PLANTILLA_000000027974_Centipede_2.csv (5 filas, 2 variables, col_G=5)
2026-08-17 12:49:29,903 [INFO] ✅ Generado: PLANTILLA_000000027977_Fangsy_4.csv (5 filas, 2 variables, col_G=5)
2026-08-17 12:49:29,904 [INFO] ✅ Generado: PLANTILLA_000000027971_Punky_2.csv (5 filas, 2 variables, col_G=5)
2026-08-17 12:49:29,906 [INFO] ✅ Generado: PLANTILLA_000000027972_Lil´Horns_2.csv (5 filas, 2 variables, col_G=5)
2026-08-17 12:49:29,907 [INFO] ✅ Generado: PLANTILLA_000000027973_BoohBlue_2.csv (5 filas, 2 variables, col_G=5)
2026-08-17 12:49:29,909 [INFO] ✅ Generado: PLANTILLA_000000668651_Midsummer_Horror_Clown_2.csv (5 filas, 2 variables, col_G=5)
2026-08-17 12:49:29,911 [INFO] ✅ Generado: PLANTILLA_000000028120_Liging_Severed_Hand_2.csv (6 filas, 3 variables, col_G=6)
2026-08-17 12:49:29,912 [INFO] ✅ Generado: PLANTILLA_000000028121_Living_Severed_Hand_2_2.csv (6 filas, 3 variables, col_G=6)
2026-08-17 12:49:29,914 [INFO] ✅ Generado: PLANTILLA_000000084812_Serial_Killer_Apron_2.csv (7 filas, 4 variables, col_G=7)
2026-08-17 12:49:29,915 [INFO] ✅ Generado: PLANTILLA_000000084811_Forrest_Killer_Apron_2.csv (6 filas, 3 variables, col_G=6)
2026-08-17 12:49:29,917 [INFO] ✅ Generado: PLANTILLA_000000084810_Butcher_Killer_Apron_2.csv (7 filas, 4 variables, col_G=7)
2026-08-17 12:49:29,919 [INFO] ✅ Generado: PLANTILLA_000000084285_Lord_jester_2.csv (13 filas, 10 variables, col_G=13)
2026-08-17 12:49:29,921 [INFO] ✅ Generado: PLANTILLA_000000084286_Lord_jester_2.csv (14 filas, 11 variables, col_G=14)
2026-08-17 12:49:29,922 [INFO] ✅ Generado: PLANTILLA_000000084287_Lord_jester_2.csv (14 filas, 11 variables, col_G=14)
2026-08-17 12:49:29,924 [INFO] ✅ Generado: PLANTILLA_000000084280_Lady_Harlequin_2.csv (14 filas, 11 variables, col_G=14)
2026-08-17 12:49:29,926 [INFO] ✅ Generado: PLANTILLA_000000084281_Lady_Harlequin_2.csv (14 filas, 11 variables, col_G=14)
2026-08-17 12:49:29,928 [INFO] ✅ Generado: PLANTILLA_000000084282_Lady_Harlequin_2.csv (14 filas, 11 variables, col_G=14)
2026-08-17 12:49:29,929 [INFO] ✅ Generado: PLANTILLA_000000084295_Miss_Circus_Ringmaster_2.csv (13 filas, 10 variables, col_G=13)
2026-08-17 12:49:29,930 [INFO] ✅ Generado: PLANTILLA_000000084296_Miss_Circus_Ringmaster_2.csv (13 filas, 10 variables, col_G=13)
2026-08-17 12:49:29,932 [INFO] ✅ Generado: PLANTILLA_000000084297_Miss_Circus_Ringmaster_2.csv (13 filas, 10 variables, col_G=13)
2026-08-17 12:49:29,935 [INFO] ✅ Generado: PLANTILLA_000000084840_Spooky_Pumpkin_Scarecrow_2.csv (8 filas, 5 variables, col_G=8)
2026-08-17 12:49:29,937 [INFO] ✅ Generado: PLANTILLA_000000084841_Spooky_Pumpkin_Scarecrow_2.csv (8 filas, 5 variables, col_G=8)
2026-08-17 12:49:29,938 [INFO] ✅ Generado: PLANTILLA_000000084842_Spooky_Pumpkin_Scarecrow_2.csv (8 filas, 5 variables, col_G=8)
2026-08-17 12:49:29,941 [INFO] ✅ Generado: PLANTILLA_000000084835_Mont´s_Glowing_Clown_2.csv (13 filas, 10 variables, col_G=13)
2026-08-17 12:49:29,943 [INFO] ✅ Generado: PLANTILLA_000000084836_Mont´s_Glowing_Clown_2.csv (13 filas, 10 variables, col_G=13)
2026-08-17 12:49:29,945 [INFO] ✅ Generado: PLANTILLA_000000084837_Mont´s_Glowing_Clown_2.csv (13 filas, 10 variables, col_G=13)
2026-08-17 12:49:29,946 [INFO] ✅ Generado: PLANTILLA_000000084826_Kramper_Cape_2.csv (13 filas, 10 variables, col_G=13)
2026-08-17 12:49:29,948 [INFO] ✅ Generado: PLANTILLA_000000084822_Christmas_Grumpy_Monster_2.csv (15 filas, 12 variables, col_G=15)
2026-08-17 12:49:29,950 [INFO] ✅ Generado: PLANTILLA_000000084855_Grumpy_Monster_2.csv (11 filas, 8 variables, col_G=11)
2026-08-17 12:49:29,952 [INFO] ✅ Generado: PLANTILLA_000000084825_Sasquatch_Costume_2.csv (11 filas, 8 variables, col_G=11)
2026-08-17 12:49:29,954 [INFO] ✅ Generado: PLANTILLA_000000027898_Rotten_Sandwich_2.csv (3 filas, 0 variables, col_G=3)
2026-08-17 12:49:29,957 [INFO] ✅ Generado: PLANTILLA_000000027895_Disgusting_Hot_Dog_2.csv (3 filas, 0 variables, col_G=3)
2026-08-17 12:49:29,959 [INFO] ✅ Generado: PLANTILLA_000000027916_Nasty_Chinese_Food_2.csv (3 filas, 0 variables, col_G=3)
2026-08-17 12:49:29,962 [INFO] ✅ Generado: PLANTILLA_000000030149_Fiery_clown_5.csv (3 filas, 0 variables, col_G=3)
2026-08-17 12:49:29,965 [INFO] ✅ Generado: PLANTILLA_000000030138_Burger´s_Clown_5.csv (4 filas, 1 variables, col_G=4)
2026-08-17 12:49:29,967 [INFO] ✅ Generado: PLANTILLA_000000149113__Marinero_Creepy_2.csv (3 filas, 0 variables, col_G=3)
2026-08-17 12:49:29,968 [INFO] ✅ Generado: PLANTILLA_000000027976_Chocolate_Gigi_5.csv (5 filas, 2 variables, col_G=5)
2026-08-17 12:49:29,970 [INFO] ✅ Generado: PLANTILLA_000000027977_Fangsy_5.csv (5 filas, 2 variables, col_G=5)
2026-08-17 12:49:29,972 [INFO] ✅ Generado: PLANTILLA_000000030101_Jester_Clown_2.csv (6 filas, 3 variables, col_G=6)
2026-08-17 12:49:29,974 [INFO] ✅ Generado: PLANTILLA_000000030103_Clown_Smiles_2.csv (6 filas, 3 variables, col_G=6)
2026-08-17 12:49:29,976 [INFO] ✅ Generado: PLANTILLA_000000030141_Eyeball_Mask_2.csv (4 filas, 1 variables, col_G=4)
2026-08-17 12:49:29,978 [INFO] ✅ Generado: PLANTILLA_000000030135_Bram_2.csv (3 filas, 0 variables, col_G=3)
2026-08-17 12:49:29,979 [INFO] ✅ Generado: PLANTILLA_000000030136_Lilith_2.csv (5 filas, 2 variables, col_G=5)
2026-08-17 12:49:29,981 [INFO] ✅ Generado: PLANTILLA_000000030157_Ghoulish_Man_2.csv (4 filas, 1 variables, col_G=4)
2026-08-17 12:49:29,982 [INFO] ✅ Generado: PLANTILLA_000000030023_Possessed_samurai_2.csv (4 filas, 1 variables, col_G=4)
2026-08-17 12:49:29,984 [INFO] ✅ Generado: PLANTILLA_000000072202_Alien_Monster_2.csv (3 filas, 0 variables, col_G=3)
2026-08-17 12:49:29,985 [INFO] ✅ Generado: PLANTILLA_000000030009_Cosmic_king_2.csv (3 filas, 0 variables, col_G=3)
2026-08-17 12:49:29,987 [INFO] ✅ Generado: PLANTILLA_000000030128_Zombie_Pug_2.csv (3 filas, 0 variables, col_G=3)
2026-08-17 12:49:29,988 [INFO] ✅ Generado: PLANTILLA_000000027975_Sugar_Kiky_2.csv (5 filas, 2 variables, col_G=5)
2026-08-17 12:49:29,989 [INFO] ✅ Generado: PLANTILLA_000000027968_Nightshade_2.csv (5 filas, 2 variables, col_G=5)
2026-08-17 12:49:29,991 [INFO] ✅ Generado: PLANTILLA_000000027969_Snowbelle_2.csv (5 filas, 2 variables, col_G=5)
2026-08-17 12:49:29,993 [INFO] ✅ Generado: PLANTILLA_000000025838_Alien_Flesh_2.csv (4 filas, 1 variables, col_G=4)
2026-08-17 12:49:29,995 [INFO] ✅ Generado: PLANTILLA_000000030130_Sir_Thomas_2.csv (3 filas, 0 variables, col_G=3)
2026-08-17 12:49:29,997 [INFO] ✅ Generado: PLANTILLA_000000027993_Staffs__Witch_Green_2.csv (5 filas, 2 variables, col_G=5)
2026-08-17 12:49:29,998 [INFO] ✅ Generado: PLANTILLA_000000027797_Waxed_skull_2.csv (3 filas, 0 variables, col_G=3)
2026-08-17 12:49:30,000 [INFO] ✅ Generado: PLANTILLA_000200350005__Cthulu_Mug_2.csv (3 filas, 0 variables, col_G=3)
2026-08-17 12:49:30,001 [INFO] ✅ Generado: PLANTILLA_000200350007__Alien_Mug_2.csv (3 filas, 0 variables, col_G=3)
2026-08-17 12:49:30,002 [INFO] ✅ Generado: PLANTILLA_000200350003__Franky_Mug_2.csv (3 filas, 0 variables, col_G=3)
2026-08-17 12:49:30,004 [INFO] ✅ Generado: PLANTILLA_0000000335101_Skull_Wall_Panels_2.csv (3 filas, 0 variables, col_G=3)
2026-08-17 12:49:30,006 [INFO] ✅ Generado: PLANTILLA_000000027902_Pale_skin_bag_2.csv (4 filas, 1 variables, col_G=4)
2026-08-17 12:49:30,008 [INFO] ✅ Generado: PLANTILLA_000000027936_Finger_Keychain_2.csv (5 filas, 2 variables, col_G=5)
2026-08-17 12:49:30,010 [INFO] ✅ Generado: PLANTILLA_000000027937_Tongue_Keychain_2.csv (5 filas, 2 variables, col_G=5)
2026-08-17 12:49:30,012 [INFO] ✅ Generado: PLANTILLA_000000027938_Eye_Keychain_2.csv (5 filas, 2 variables, col_G=5)
2026-08-17 12:49:30,014 [INFO] ✅ Generado: PLANTILLA_000000027935_Nose_Keychain_2.csv (5 filas, 2 variables, col_G=5)
2026-08-17 12:49:30,015 [INFO] ✅ Generado: PLANTILLA_000000027939_Ear_Keychain_2.csv (5 filas, 2 variables, col_G=5)
2026-08-17 12:49:30,017 [INFO] ✅ Generado: PLANTILLA_000000029011_Yeti_Mega_Costume_2.csv (10 filas, 7 variables, col_G=10)
2026-08-17 12:49:30,017 [INFO] 
📊 Resumen final:
2026-08-17 12:49:30,017 [INFO]    ✅ Plantillas generadas: 187
2026-08-17 12:49:30,017 [INFO]    ⏭️ Omitidas (sin precio): 0
2026-08-17 12:49:30,017 [INFO]    ❌ Errores (inconsistencia de filas): 0
2026-08-17 12:49:30,017 [INFO]    📁 Carpeta: 'C:\Users\Dany\Desktop\Proyecto\output'
2026-08-17 12:49:30,018 [WARNING] ⚠️ Modelo duplicado detectado: 000000030149 Fiery clown - se elimina la segunda ocurrencia.
2026-08-17 12:49:30,018 [WARNING] ⚠️ Modelo duplicado detectado: 000000030138 Burger´s Clown - se elimina la segunda ocurrencia.
2026-08-17 12:49:30,018 [WARNING] ⚠️ Modelo duplicado detectado: 000000027976 Chocolate Gigi - se elimina la segunda ocurrencia.
2026-08-17 12:49:30,018 [WARNING] ⚠️ Modelo duplicado detectado: 000000027977 Fangsy - se elimina la segunda ocurrencia.
2026-08-17 12:49:30,018 [INFO] 🧹 Desduplicación: 187 → 183 modelos únicos.
2026-08-17 12:49:30,019 [INFO] 📦 183 modelos listos para el bot.
2026-08-17 12:49:30,036 [INFO] 📂 Estado cargado: 2 modelos ya procesados.
2026-08-17 12:49:30,036 [INFO] ⏭️ 2 modelos ya procesados o en fallos. Saltando.
2026-08-17 12:49:30,037 [INFO] 📦 181 modelos pendientes de 183 totales.
2026-08-17 12:49:31,792 [INFO] ✅ WebDriver inicializado.
2026-08-17 12:49:31,795 [INFO] 🌐 Navegando a la página de login de VUCEM...
2026-08-17 12:50:14,731 [INFO] ✅ Login verificado.
2026-08-17 12:50:14,732 [INFO] 🧭 Iniciando navegación real al formulario...
2026-08-17 12:50:15,454 [INFO] ✅ Click en 'Solicitudes nuevas'
2026-08-17 12:50:15,713 [INFO] ✅ Click en Secretaría de Economía
2026-08-17 12:50:19,400 [INFO] ✅ Click en trámite 110101 con selector: ('xpath', "//a[contains(@onclick,'110101')]")
2026-08-17 12:50:19,831 [INFO] ✅ Pestaña 'Tratados'
2026-08-17 12:50:20,016 [INFO] ✅ Unión Europea seleccionada
2026-08-17 12:50:20,135 [INFO] ✅ TLCUEM seleccionado
2026-08-17 12:50:20,277 [INFO] ✅ Criterio B seleccionado
2026-08-17 12:50:20,362 [INFO] ✅ Tratado agregado
2026-08-17 12:50:21,522 [INFO] ✅ Pestaña 'Datos de la mercancía'
2026-08-17 12:50:21,535 [INFO] ✅ Navegación completada. Formulario listo.
2026-08-17 12:50:21,536 [INFO] ⏭️ 2 modelos ya procesados o en fallos. Saltando.
2026-08-17 12:50:31,452 [INFO] 📤 Procesando modelo 000000030145 Creepy T.W.
2026-08-17 12:50:31,459 [INFO] Esperando campo 'Nombre comercial'...
2026-08-17 12:50:37,184 [INFO] ✅ Texto leído: '000000030145 Creepy T.W.'
2026-08-17 12:50:37,325 [INFO] ✅ Excel: Fracción=95059099, Precio=26.9, Insumos=3
2026-08-17 12:50:37,487 [INFO] 🔍 Usando código del Excel: 000000030145 Creepy T.W.
2026-08-17 12:50:38,543 [INFO] 🔍 Buscando archivo para: '000000030145 Creepy T.W.' (normalizado: '000000030145_Creepy_T_W')
2026-08-17 12:50:38,543 [INFO]    📁 Carpeta: C:\Users\Dany\Desktop\Proyecto\output
2026-08-17 12:50:38,561 [INFO] ✅ Archivo CSV encontrado: PLANTILLA_000000030145_Creepy_T.W..csv
2026-08-17 12:50:38,582 [INFO] 📊 El archivo tiene 4 filas. Se esperaban 3.
2026-08-17 12:50:38,582 [WARNING] ⚠️ ADVERTENCIA: El número de insumos no coincide. Se subirá igual.
2026-08-17 12:50:38,599 [INFO] ✅ Archivo seleccionado en el campo.
2026-08-17 12:50:39,646 [INFO] ✅ Click en 'Enviar' realizado. Esperando procesamiento...
2026-08-17 12:50:44,660 [INFO] ✅ Modal de carga cerrado.
2026-08-17 12:51:36,938 [INFO] ✅ Click en 'Continuar' – enviado a firma.
2026-08-17 12:51:36,939 [INFO] 🔐 Esperando firma electrónica manual...
2026-08-17 12:52:30,281 [INFO] ✅ Acuse de Recibo detectado.
2026-08-17 12:52:30,301 [INFO] 📋 Folio extraído: 0201100100120261729000568
2026-08-17 12:52:32,339 [INFO] ✅ Formulario listo para siguiente captura.
2026-08-17 12:52:32,339 [INFO] ✅ Modelo 000000030145 Creepy T.W. completado. Folio: 0201100100120261729000568
2026-08-17 12:52:32,347 [INFO] ✅ Modelo 000000030145 Creepy T.W. completado (intento 1). Folio: 0201100100120261729000568
2026-08-17 12:52:43,245 [INFO] ⏭️ 3 modelos ya procesados o en fallos. Saltando.
2026-08-17 12:54:28,235 [INFO] 📄 Reporte Excel generado: C:\Users\Dany\Desktop\Proyecto\reporte_folios_20260817_125428.xlsx
2026-08-17 12:55:00,668 [INFO] ⏭️ 3 modelos ya procesados o en fallos. Saltando.
2026-08-17 12:59:32,927 [INFO] 🛑 Interrupción por usuario. Estado guardado.
2026-08-18 09:15:53,083 [INFO] 🚀 Iniciando sistema automatizado de comercio exterior - VUCEM
2026-08-18 09:15:53,090 [INFO] Cargando proveedores desde BOM...
2026-08-18 09:15:54,695 [INFO] ✅ 3588 proveedores cargados.
2026-08-18 09:15:54,696 [INFO] Cargando insumos por modelo desde BOM (solo categorías al INICIO)...
2026-08-18 09:15:58,806 [INFO] ✅ 1614 modelos con insumos cargados.
2026-08-18 09:15:58,806 [INFO] Procesando archivo maestro (hoja '2026')...
2026-08-18 09:15:58,941 [INFO] ✅ Generado: PLANTILLA_000000024505_Assault_mask_3.csv (3 filas, 0 variables, col_G=3)
2026-08-18 09:15:58,945 [INFO] ✅ Generado: PLANTILLA_000000021292_Hockey_Killer_3.csv (5 filas, 2 variables, col_G=5)
2026-08-18 09:15:58,949 [INFO] ✅ Generado: PLANTILLA_000000022131_Apocalyptic_Mask_3.csv (3 filas, 0 variables, col_G=3)
2026-08-18 09:15:58,951 [INFO] ✅ Generado: PLANTILLA_000000021179_Brown_wolf_3.csv (3 filas, 0 variables, col_G=3)
2026-08-18 09:15:58,953 [INFO] ✅ Generado: PLANTILLA_000000021229_Brown_Dr._Peste_3.csv (5 filas, 2 variables, col_G=5)
2026-08-18 09:15:58,955 [INFO] ✅ Generado: PLANTILLA_000000021225_Crania_face_3.csv (5 filas, 2 variables, col_G=5)
2026-08-18 09:15:58,957 [INFO] ✅ Generado: PLANTILLA_000000021107_Jacko_3.csv (3 filas, 0 variables, col_G=3)
2026-08-18 09:15:58,959 [INFO] ✅ Generado: PLANTILLA_000000050122_Akasha_3.csv (4 filas, 1 variables, col_G=4)
2026-08-18 09:15:58,962 [INFO] ✅ Generado: PLANTILLA_000000050116_Alucard_3.csv (3 filas, 0 variables, col_G=3)
2026-08-18 09:15:58,965 [INFO] ✅ Generado: PLANTILLA_000000050118_Mr._Bones_Tan_3.csv (3 filas, 0 variables, col_G=3)
2026-08-18 09:15:58,967 [INFO] ✅ Generado: PLANTILLA_000000050117_Mr._Bones_3.csv (3 filas, 0 variables, col_G=3)
2026-08-18 09:15:58,969 [INFO] ✅ Generado: PLANTILLA_000000050120_Daffy_3.csv (4 filas, 1 variables, col_G=4)
2026-08-18 09:15:58,971 [INFO] ✅ Generado: PLANTILLA_000000050119_Soggy_3.csv (5 filas, 2 variables, col_G=5)
2026-08-18 09:15:58,972 [INFO] ✅ Generado: PLANTILLA_000000050121_Baba_Yaga_3.csv (3 filas, 0 variables, col_G=3)
2026-08-18 09:15:58,974 [INFO] ✅ Generado: PLANTILLA_000000350063__Rolan__Street_clown_3.csv (5 filas, 2 variables, col_G=5)
2026-08-18 09:15:58,979 [INFO] ✅ Generado: PLANTILLA_000000350064_Psychopathic_Clown_3.csv (7 filas, 4 variables, col_G=7)
2026-08-18 09:15:58,982 [INFO] ✅ Generado: PLANTILLA_000000350065_Rusty_the_Clown_3.csv (8 filas, 5 variables, col_G=8)
2026-08-18 09:15:58,984 [INFO] ✅ Generado: PLANTILLA_000000350061_Narmoga_3.csv (6 filas, 3 variables, col_G=6)
2026-08-18 09:15:58,986 [INFO] ✅ Generado: PLANTILLA_000000350062_Agnha_3.csv (7 filas, 4 variables, col_G=7)
2026-08-18 09:15:58,988 [INFO] ✅ Generado: PLANTILLA_000000350060_Nightstalker_3.csv (4 filas, 1 variables, col_G=4)
2026-08-18 09:15:58,989 [INFO] ✅ Generado: PLANTILLA_000000350059_Death_Walker_3.csv (4 filas, 1 variables, col_G=4)
2026-08-18 09:15:58,992 [INFO] ✅ Generado: PLANTILLA_000000030110_Night_Terror_3.csv (3 filas, 0 variables, col_G=3)
2026-08-18 09:15:58,996 [INFO] ✅ Generado: PLANTILLA_000000030111_Transplanted_3.csv (4 filas, 1 variables, col_G=4)
2026-08-18 09:15:58,998 [INFO] ✅ Generado: PLANTILLA_000000030109_Splitting_Headache_3.csv (3 filas, 0 variables, col_G=3)
2026-08-18 09:15:59,000 [INFO] ✅ Generado: PLANTILLA_000000030181_Camazotz_3.csv (3 filas, 0 variables, col_G=3)
2026-08-18 09:15:59,002 [INFO] ✅ Generado: PLANTILLA_000000030182_Silent_Death_3.csv (4 filas, 1 variables, col_G=4)
2026-08-18 09:15:59,004 [INFO] ✅ Generado: PLANTILLA_000000030180_Demon_Vampire_3.csv (3 filas, 0 variables, col_G=3)
2026-08-18 09:15:59,006 [INFO] ✅ Generado: PLANTILLA_000000030173_Pagliacci_3.csv (3 filas, 0 variables, col_G=3)
2026-08-18 09:15:59,009 [INFO] ✅ Generado: PLANTILLA_000000030116_Dusty_clown_3.csv (3 filas, 0 variables, col_G=3)
2026-08-18 09:15:59,013 [INFO] ✅ Generado: PLANTILLA_000000030166_Hellbell_clown_3.csv (6 filas, 3 variables, col_G=6)
2026-08-18 09:15:59,019 [INFO] ✅ Generado: PLANTILLA_000000030149_Fiery_clown_6.csv (3 filas, 0 variables, col_G=3)
2026-08-18 09:15:59,022 [INFO] ✅ Generado: PLANTILLA_000000030142_Sadistic_clown_3.csv (5 filas, 2 variables, col_G=5)
2026-08-18 09:15:59,026 [INFO] ✅ Generado: PLANTILLA_000000030100_Toothy_Clown_3.csv (6 filas, 3 variables, col_G=6)
2026-08-18 09:15:59,031 [INFO] ✅ Generado: PLANTILLA_000000030102_Creppy_Clown_smile_3.csv (5 filas, 2 variables, col_G=5)
2026-08-18 09:15:59,034 [INFO] ✅ Generado: PLANTILLA_000000030115_Fiendish_clown_3.csv (3 filas, 0 variables, col_G=3)
2026-08-18 09:15:59,037 [INFO] ✅ Generado: PLANTILLA_000000030117_Jezebel_3.csv (5 filas, 2 variables, col_G=5)
2026-08-18 09:15:59,041 [INFO] ✅ Generado: PLANTILLA_000000030118_Porky_the_clown_3.csv (8 filas, 5 variables, col_G=8)
2026-08-18 09:15:59,046 [INFO] ✅ Generado: PLANTILLA_000000030138_Burger´s_Clown_6.csv (4 filas, 1 variables, col_G=4)
2026-08-18 09:15:59,050 [INFO] ✅ Generado: PLANTILLA_000000030143_Zippy_3.csv (4 filas, 1 variables, col_G=4)
2026-08-18 09:15:59,053 [INFO] ✅ Generado: PLANTILLA_000000030122_Amuck_3.csv (4 filas, 1 variables, col_G=4)
2026-08-18 09:15:59,056 [INFO] ✅ Generado: PLANTILLA_000000030159_Upside_Grin_Clown_3.csv (3 filas, 0 variables, col_G=3)
2026-08-18 09:15:59,059 [INFO] ✅ Generado: PLANTILLA_000000030137_Thug_Clown_3.csv (4 filas, 1 variables, col_G=4)
2026-08-18 09:15:59,063 [INFO] ✅ Generado: PLANTILLA_000000030120_Crispy_3.csv (6 filas, 3 variables, col_G=6)
2026-08-18 09:15:59,067 [INFO] ✅ Generado: PLANTILLA_000000030134_Mad_Clown_Biker_3.csv (3 filas, 0 variables, col_G=3)
2026-08-18 09:15:59,070 [INFO] ✅ Generado: PLANTILLA_000000030167_Spawlown_3.csv (3 filas, 0 variables, col_G=3)
2026-08-18 09:15:59,073 [INFO] ✅ Generado: PLANTILLA_000000030121_Bumpy_3.csv (4 filas, 1 variables, col_G=4)
2026-08-18 09:15:59,076 [INFO] ✅ Generado: PLANTILLA_000000030153_Igor_3.csv (4 filas, 1 variables, col_G=4)
2026-08-18 09:15:59,081 [INFO] ✅ Generado: PLANTILLA_000000030145_Creepy_T.W._3.csv (4 filas, 1 variables, col_G=4)
2026-08-18 09:15:59,124 [INFO] ✅ Generado: PLANTILLA_000000030148_Creepy_P._3.csv (4 filas, 1 variables, col_G=4)
2026-08-18 09:15:59,129 [INFO] ✅ Generado: PLANTILLA_000000030146_Creepy_D._3.csv (4 filas, 1 variables, col_G=4)
2026-08-18 09:15:59,134 [INFO] ✅ Generado: PLANTILLA_000000030147_Creepy_L.L._3.csv (4 filas, 1 variables, col_G=4)
2026-08-18 09:15:59,138 [INFO] ✅ Generado: PLANTILLA_000000149113_Marinero_Creepy_3.csv (3 filas, 0 variables, col_G=3)
2026-08-18 09:15:59,142 [INFO] ✅ Generado: PLANTILLA_000000030131_Creepyboobu_3.csv (4 filas, 1 variables, col_G=4)
2026-08-18 09:15:59,146 [INFO] ✅ Generado: PLANTILLA_000000030151_Mothman_3.csv (5 filas, 2 variables, col_G=5)
2026-08-18 09:15:59,150 [INFO] ✅ Generado: PLANTILLA_000000030114_Creepy_Peter_3.csv (3 filas, 0 variables, col_G=3)
2026-08-18 09:15:59,154 [INFO] ✅ Generado: PLANTILLA_000000030174_Crazy_Auguste_3.csv (4 filas, 1 variables, col_G=4)
2026-08-18 09:15:59,158 [INFO] ✅ Generado: PLANTILLA_000000030176_Brickie_zombie_3.csv (3 filas, 0 variables, col_G=3)
2026-08-18 09:15:59,162 [INFO] ✅ Generado: PLANTILLA_000000030175_Killer_Identity_3.csv (3 filas, 0 variables, col_G=3)
2026-08-18 09:15:59,167 [INFO] ✅ Generado: PLANTILLA_000000030171_J_the_Slayer_3.csv (5 filas, 2 variables, col_G=5)
2026-08-18 09:15:59,171 [INFO] ✅ Generado: PLANTILLA_000000071542_Fleshless_mouth_3.csv (5 filas, 2 variables, col_G=5)
2026-08-18 09:15:59,175 [INFO] ✅ Generado: PLANTILLA_000000030177_Zombie_pilot_3.csv (4 filas, 1 variables, col_G=4)
2026-08-18 09:15:59,180 [INFO] ✅ Generado: PLANTILLA_000000030133_Chopper_Rider_3.csv (3 filas, 0 variables, col_G=3)
2026-08-18 09:15:59,184 [INFO] ✅ Generado: PLANTILLA_000000030178_The_lord_3.csv (3 filas, 0 variables, col_G=3)
2026-08-18 09:15:59,188 [INFO] ✅ Generado: PLANTILLA_000000030162_Big_Horns_Skull_3.csv (5 filas, 2 variables, col_G=5)
2026-08-18 09:15:59,192 [INFO] ✅ Generado: PLANTILLA_000000030161_Big_Horns_Skull_Neon_3.csv (6 filas, 3 variables, col_G=6)
2026-08-18 09:15:59,196 [INFO] ✅ Generado: PLANTILLA_000000030132_Patrol_Skull_3.csv (3 filas, 0 variables, col_G=3)
2026-08-18 09:15:59,201 [INFO] ✅ Generado: PLANTILLA_000000030160_Big_Horns_Devil_3.csv (5 filas, 2 variables, col_G=5)
2026-08-18 09:15:59,204 [INFO] ✅ Generado: PLANTILLA_000000030164_Malebranche_3.csv (4 filas, 1 variables, col_G=4)
2026-08-18 09:15:59,208 [INFO] ✅ Generado: PLANTILLA_000000030123_Possessed_nun_3.csv (7 filas, 4 variables, col_G=7)
2026-08-18 09:15:59,213 [INFO] ✅ Generado: PLANTILLA_000000030163_Big_Horns_alien_3.csv (5 filas, 2 variables, col_G=5)
2026-08-18 09:15:59,217 [INFO] ✅ Generado: PLANTILLA_000000072201_Alien_Creepy_3.csv (3 filas, 0 variables, col_G=3)
2026-08-18 09:15:59,220 [INFO] ✅ Generado: PLANTILLA_000000030152_Morak_3.csv (3 filas, 0 variables, col_G=3)
2026-08-18 09:15:59,224 [INFO] ✅ Generado: PLANTILLA_000000030158_Blind_Warden_3.csv (3 filas, 0 variables, col_G=3)
2026-08-18 09:15:59,228 [INFO] ✅ Generado: PLANTILLA_000000030179_Frankorned_3.csv (3 filas, 0 variables, col_G=3)
2026-08-18 09:15:59,233 [INFO] ✅ Generado: PLANTILLA_000000030168_Gorth_3.csv (5 filas, 2 variables, col_G=5)
2026-08-18 09:15:59,238 [INFO] ✅ Generado: PLANTILLA_000000030112_Old_Troll_3.csv (3 filas, 0 variables, col_G=3)
2026-08-18 09:15:59,242 [INFO] ✅ Generado: PLANTILLA_000000030113_Funny_Troll_3.csv (3 filas, 0 variables, col_G=3)
2026-08-18 09:15:59,246 [INFO] ✅ Generado: PLANTILLA_000000030144_Creepy_Voodoo_Master_3.csv (4 filas, 1 variables, col_G=4)
2026-08-18 09:15:59,250 [INFO] ✅ Generado: PLANTILLA_000000030150_Anciente_Priest_3.csv (3 filas, 0 variables, col_G=3)
2026-08-18 09:15:59,253 [INFO] ✅ Generado: PLANTILLA_000000030172_Voodoo_victim_3.csv (3 filas, 0 variables, col_G=3)
2026-08-18 09:15:59,257 [INFO] ✅ Generado: PLANTILLA_000000030165_Horned_Sorceress_3.csv (4 filas, 1 variables, col_G=4)
2026-08-18 09:15:59,262 [INFO] ✅ Generado: PLANTILLA_000000071535_Agatha_3.csv (6 filas, 3 variables, col_G=6)
2026-08-18 09:15:59,266 [INFO] ✅ Generado: PLANTILLA_000000027990_Staffs__Witch_3.csv (5 filas, 2 variables, col_G=5)
2026-08-18 09:15:59,270 [INFO] ✅ Generado: PLANTILLA_000000071544_Scar_wolf_3.csv (3 filas, 0 variables, col_G=3)
2026-08-18 09:15:59,274 [INFO] ✅ Generado: PLANTILLA_000000030139_Sack_Creature_3.csv (5 filas, 2 variables, col_G=5)
2026-08-18 09:15:59,279 [INFO] ✅ Generado: PLANTILLA_000000030124_Mangy_rat_3.csv (5 filas, 2 variables, col_G=5)
2026-08-18 09:15:59,284 [INFO] ✅ Generado: PLANTILLA_000000030125_Rabid_boar_3.csv (4 filas, 1 variables, col_G=4)
2026-08-18 09:15:59,288 [INFO] ✅ Generado: PLANTILLA_000000030127_Zombie_Cat_3.csv (5 filas, 2 variables, col_G=5)
2026-08-18 09:15:59,292 [INFO] ✅ Generado: PLANTILLA_000000030129_Zombie_Capybara_3.csv (3 filas, 0 variables, col_G=3)
2026-08-18 09:15:59,296 [INFO] ✅ Generado: PLANTILLA_000000030119_Rotten_Panda_3.csv (5 filas, 2 variables, col_G=5)
2026-08-18 09:15:59,301 [INFO] ✅ Generado: PLANTILLA_000000030169_Apenstein_3.csv (5 filas, 2 variables, col_G=5)
2026-08-18 09:15:59,304 [INFO] ✅ Generado: PLANTILLA_000000030170_Groaner_3.csv (3 filas, 0 variables, col_G=3)
2026-08-18 09:15:59,308 [INFO] ✅ Generado: PLANTILLA_000000030154_Evil_Nutcracker_3.csv (4 filas, 1 variables, col_G=4)
2026-08-18 09:15:59,313 [INFO] ✅ Generado: PLANTILLA_000000030155_Creepy_Happy_3.csv (6 filas, 3 variables, col_G=6)
2026-08-18 09:15:59,317 [INFO] ✅ Generado: PLANTILLA_000000030156_Creepy_Sad_3.csv (6 filas, 3 variables, col_G=6)
2026-08-18 09:15:59,321 [INFO] ✅ Generado: PLANTILLA_000000027985_Little_Abyss_3.csv (7 filas, 4 variables, col_G=7)
2026-08-18 09:15:59,325 [INFO] ✅ Generado: PLANTILLA_000000027984_Little_Ember_3.csv (7 filas, 4 variables, col_G=7)
2026-08-18 09:15:59,330 [INFO] ✅ Generado: PLANTILLA_000000027983_Little_Goo_3.csv (7 filas, 4 variables, col_G=7)
2026-08-18 09:15:59,334 [INFO] ✅ Generado: PLANTILLA_000000027982_Little_Greyson_3.csv (6 filas, 3 variables, col_G=6)
2026-08-18 09:15:59,339 [INFO] ✅ Generado: PLANTILLA_000000027981_Little_Fang_3.csv (7 filas, 4 variables, col_G=7)
2026-08-18 09:15:59,343 [INFO] ✅ Generado: PLANTILLA_000000027986_Little_Rotty_3.csv (6 filas, 3 variables, col_G=6)
2026-08-18 09:15:59,348 [INFO] ✅ Generado: PLANTILLA_000000027978_James_busted_3.csv (5 filas, 2 variables, col_G=5)
2026-08-18 09:15:59,351 [INFO] ✅ Generado: PLANTILLA_000000027979_Helen_Busted_3.csv (5 filas, 2 variables, col_G=5)
2026-08-18 09:15:59,355 [INFO] ✅ Generado: PLANTILLA_000000027980_William_Busted_3.csv (5 filas, 2 variables, col_G=5)
2026-08-18 09:15:59,358 [INFO] ✅ Generado: PLANTILLA_000000331008_Bloody_Curtains_3.csv (3 filas, 0 variables, col_G=3)
2026-08-18 09:15:59,362 [INFO] ✅ Generado: PLANTILLA_000000027994_Effigy_3.csv (3 filas, 0 variables, col_G=3)
2026-08-18 09:15:59,366 [INFO] ✅ Generado: PLANTILLA_000000027995_Pharaoh_3.csv (3 filas, 0 variables, col_G=3)
2026-08-18 09:15:59,370 [INFO] ✅ Generado: PLANTILLA_000000027991_Carnivorous_plant_garden_decor_3.csv (6 filas, 3 variables, col_G=6)
2026-08-18 09:15:59,374 [INFO] ✅ Generado: PLANTILLA_000000027992_Gnome_garden_decor_3.csv (3 filas, 0 variables, col_G=3)
2026-08-18 09:15:59,378 [INFO] ✅ Generado: PLANTILLA_000000028212_Earth_Dragon_Puppet_3.csv (3 filas, 0 variables, col_G=3)
2026-08-18 09:15:59,382 [INFO] ✅ Generado: PLANTILLA_000000028213_Fire_Dragon_Puppet_3.csv (3 filas, 0 variables, col_G=3)
2026-08-18 09:15:59,386 [INFO] ✅ Generado: PLANTILLA_000000028211_Demon_Puppet_3.csv (3 filas, 0 variables, col_G=3)
2026-08-18 09:15:59,390 [INFO] ✅ Generado: PLANTILLA_000000028214_Goat_Puppet_3.csv (3 filas, 0 variables, col_G=3)
2026-08-18 09:15:59,393 [INFO] ✅ Generado: PLANTILLA_000000028210_Gargoyle_Puppet_3.csv (3 filas, 0 variables, col_G=3)
2026-08-18 09:15:59,396 [INFO] ✅ Generado: PLANTILLA_000000028215_Wacky_Clown_Puppet_3.csv (3 filas, 0 variables, col_G=3)
2026-08-18 09:15:59,399 [INFO] ✅ Generado: PLANTILLA_000000028122_Hobby_Zombie_Unicorn_Stick_3.csv (7 filas, 4 variables, col_G=7)
2026-08-18 09:15:59,403 [INFO] ✅ Generado: PLANTILLA_000000028123_Hobby_Zombie_Horse_Stick_3.csv (7 filas, 4 variables, col_G=7)
2026-08-18 09:15:59,406 [INFO] ✅ Generado: PLANTILLA_000000027976_Chocolate_Gigi_6.csv (5 filas, 2 variables, col_G=5)
2026-08-18 09:15:59,410 [INFO] ✅ Generado: PLANTILLA_000000027970_Blady_3.csv (5 filas, 2 variables, col_G=5)
2026-08-18 09:15:59,414 [INFO] ✅ Generado: PLANTILLA_000000027966_Possessed_Elf_3.csv (5 filas, 2 variables, col_G=5)
2026-08-18 09:15:59,419 [INFO] ✅ Generado: PLANTILLA_000000027967_Mini_Troll_3.csv (6 filas, 3 variables, col_G=6)
2026-08-18 09:15:59,422 [INFO] ✅ Generado: PLANTILLA_000000027974_Centipede_3.csv (5 filas, 2 variables, col_G=5)
2026-08-18 09:15:59,428 [INFO] ✅ Generado: PLANTILLA_000000027977_Fangsy_6.csv (5 filas, 2 variables, col_G=5)
2026-08-18 09:15:59,432 [INFO] ✅ Generado: PLANTILLA_000000027971_Punky_3.csv (5 filas, 2 variables, col_G=5)
2026-08-18 09:15:59,436 [INFO] ✅ Generado: PLANTILLA_000000027972_Lil´Horns_3.csv (5 filas, 2 variables, col_G=5)
2026-08-18 09:15:59,440 [INFO] ✅ Generado: PLANTILLA_000000027973_BoohBlue_3.csv (5 filas, 2 variables, col_G=5)
2026-08-18 09:15:59,445 [INFO] ✅ Generado: PLANTILLA_000000668651_Midsummer_Horror_Clown_3.csv (5 filas, 2 variables, col_G=5)
2026-08-18 09:15:59,450 [INFO] ✅ Generado: PLANTILLA_000000028120_Liging_Severed_Hand_3.csv (6 filas, 3 variables, col_G=6)
2026-08-18 09:15:59,452 [INFO] ✅ Generado: PLANTILLA_000000028121_Living_Severed_Hand_2_3.csv (6 filas, 3 variables, col_G=6)
2026-08-18 09:15:59,455 [INFO] ✅ Generado: PLANTILLA_000000084812_Serial_Killer_Apron_3.csv (7 filas, 4 variables, col_G=7)
2026-08-18 09:15:59,460 [INFO] ✅ Generado: PLANTILLA_000000084811_Forrest_Killer_Apron_3.csv (6 filas, 3 variables, col_G=6)
2026-08-18 09:15:59,469 [INFO] ✅ Generado: PLANTILLA_000000084810_Butcher_Killer_Apron_3.csv (7 filas, 4 variables, col_G=7)
2026-08-18 09:15:59,476 [INFO] ✅ Generado: PLANTILLA_000000084285_Lord_jester_3.csv (13 filas, 10 variables, col_G=13)
2026-08-18 09:15:59,482 [INFO] ✅ Generado: PLANTILLA_000000084286_Lord_jester_3.csv (14 filas, 11 variables, col_G=14)
2026-08-18 09:15:59,486 [INFO] ✅ Generado: PLANTILLA_000000084287_Lord_jester_3.csv (14 filas, 11 variables, col_G=14)
2026-08-18 09:15:59,489 [INFO] ✅ Generado: PLANTILLA_000000084280_Lady_Harlequin_3.csv (14 filas, 11 variables, col_G=14)
2026-08-18 09:15:59,491 [INFO] ✅ Generado: PLANTILLA_000000084281_Lady_Harlequin_3.csv (14 filas, 11 variables, col_G=14)
2026-08-18 09:15:59,494 [INFO] ✅ Generado: PLANTILLA_000000084282_Lady_Harlequin_3.csv (14 filas, 11 variables, col_G=14)
2026-08-18 09:15:59,498 [INFO] ✅ Generado: PLANTILLA_000000084295_Miss_Circus_Ringmaster_3.csv (13 filas, 10 variables, col_G=13)
2026-08-18 09:15:59,502 [INFO] ✅ Generado: PLANTILLA_000000084296_Miss_Circus_Ringmaster_3.csv (13 filas, 10 variables, col_G=13)
2026-08-18 09:15:59,505 [INFO] ✅ Generado: PLANTILLA_000000084297_Miss_Circus_Ringmaster_3.csv (13 filas, 10 variables, col_G=13)
2026-08-18 09:15:59,508 [INFO] ✅ Generado: PLANTILLA_000000084840_Spooky_Pumpkin_Scarecrow_3.csv (8 filas, 5 variables, col_G=8)
2026-08-18 09:15:59,512 [INFO] ✅ Generado: PLANTILLA_000000084841_Spooky_Pumpkin_Scarecrow_3.csv (8 filas, 5 variables, col_G=8)
2026-08-18 09:15:59,516 [INFO] ✅ Generado: PLANTILLA_000000084842_Spooky_Pumpkin_Scarecrow_3.csv (8 filas, 5 variables, col_G=8)
2026-08-18 09:15:59,519 [INFO] ✅ Generado: PLANTILLA_000000084835_Mont´s_Glowing_Clown_3.csv (13 filas, 10 variables, col_G=13)
2026-08-18 09:15:59,521 [INFO] ✅ Generado: PLANTILLA_000000084836_Mont´s_Glowing_Clown_3.csv (13 filas, 10 variables, col_G=13)
2026-08-18 09:15:59,524 [INFO] ✅ Generado: PLANTILLA_000000084837_Mont´s_Glowing_Clown_3.csv (13 filas, 10 variables, col_G=13)
2026-08-18 09:15:59,527 [INFO] ✅ Generado: PLANTILLA_000000084826_Kramper_Cape_3.csv (13 filas, 10 variables, col_G=13)
2026-08-18 09:15:59,532 [INFO] ✅ Generado: PLANTILLA_000000084822_Christmas_Grumpy_Monster_3.csv (15 filas, 12 variables, col_G=15)
2026-08-18 09:15:59,534 [INFO] ✅ Generado: PLANTILLA_000000084855_Grumpy_Monster_3.csv (11 filas, 8 variables, col_G=11)
2026-08-18 09:15:59,536 [INFO] ✅ Generado: PLANTILLA_000000084825_Sasquatch_Costume_3.csv (11 filas, 8 variables, col_G=11)
2026-08-18 09:15:59,538 [INFO] ✅ Generado: PLANTILLA_000000027898_Rotten_Sandwich_3.csv (3 filas, 0 variables, col_G=3)
2026-08-18 09:15:59,541 [INFO] ✅ Generado: PLANTILLA_000000027895_Disgusting_Hot_Dog_3.csv (3 filas, 0 variables, col_G=3)
2026-08-18 09:15:59,550 [INFO] ✅ Generado: PLANTILLA_000000027916_Nasty_Chinese_Food_3.csv (3 filas, 0 variables, col_G=3)
2026-08-18 09:15:59,558 [INFO] ✅ Generado: PLANTILLA_000000030149_Fiery_clown_7.csv (3 filas, 0 variables, col_G=3)
2026-08-18 09:15:59,566 [INFO] ✅ Generado: PLANTILLA_000000030138_Burger´s_Clown_7.csv (4 filas, 1 variables, col_G=4)
2026-08-18 09:15:59,570 [INFO] ✅ Generado: PLANTILLA_000000149113__Marinero_Creepy_3.csv (3 filas, 0 variables, col_G=3)
2026-08-18 09:15:59,573 [INFO] ✅ Generado: PLANTILLA_000000027976_Chocolate_Gigi_7.csv (5 filas, 2 variables, col_G=5)
2026-08-18 09:15:59,578 [INFO] ✅ Generado: PLANTILLA_000000027977_Fangsy_7.csv (5 filas, 2 variables, col_G=5)
2026-08-18 09:15:59,584 [INFO] ✅ Generado: PLANTILLA_000000030101_Jester_Clown_3.csv (6 filas, 3 variables, col_G=6)
2026-08-18 09:15:59,588 [INFO] ✅ Generado: PLANTILLA_000000030103_Clown_Smiles_3.csv (6 filas, 3 variables, col_G=6)
2026-08-18 09:15:59,590 [INFO] ✅ Generado: PLANTILLA_000000030141_Eyeball_Mask_3.csv (4 filas, 1 variables, col_G=4)
2026-08-18 09:15:59,593 [INFO] ✅ Generado: PLANTILLA_000000030135_Bram_3.csv (3 filas, 0 variables, col_G=3)
2026-08-18 09:15:59,597 [INFO] ✅ Generado: PLANTILLA_000000030136_Lilith_3.csv (5 filas, 2 variables, col_G=5)
2026-08-18 09:15:59,600 [INFO] ✅ Generado: PLANTILLA_000000030157_Ghoulish_Man_3.csv (4 filas, 1 variables, col_G=4)
2026-08-18 09:15:59,602 [INFO] ✅ Generado: PLANTILLA_000000030023_Possessed_samurai_3.csv (4 filas, 1 variables, col_G=4)
2026-08-18 09:15:59,604 [INFO] ✅ Generado: PLANTILLA_000000072202_Alien_Monster_3.csv (3 filas, 0 variables, col_G=3)
2026-08-18 09:15:59,606 [INFO] ✅ Generado: PLANTILLA_000000030009_Cosmic_king_3.csv (3 filas, 0 variables, col_G=3)
2026-08-18 09:15:59,609 [INFO] ✅ Generado: PLANTILLA_000000030128_Zombie_Pug_3.csv (3 filas, 0 variables, col_G=3)
2026-08-18 09:15:59,614 [INFO] ✅ Generado: PLANTILLA_000000027975_Sugar_Kiky_3.csv (5 filas, 2 variables, col_G=5)
2026-08-18 09:15:59,616 [INFO] ✅ Generado: PLANTILLA_000000027968_Nightshade_3.csv (5 filas, 2 variables, col_G=5)
2026-08-18 09:15:59,619 [INFO] ✅ Generado: PLANTILLA_000000027969_Snowbelle_3.csv (5 filas, 2 variables, col_G=5)
2026-08-18 09:15:59,622 [INFO] ✅ Generado: PLANTILLA_000000025838_Alien_Flesh_3.csv (4 filas, 1 variables, col_G=4)
2026-08-18 09:15:59,627 [INFO] ✅ Generado: PLANTILLA_000000030130_Sir_Thomas_3.csv (3 filas, 0 variables, col_G=3)
2026-08-18 09:15:59,632 [INFO] ✅ Generado: PLANTILLA_000000027993_Staffs__Witch_Green_3.csv (5 filas, 2 variables, col_G=5)
2026-08-18 09:15:59,635 [INFO] ✅ Generado: PLANTILLA_000000027797_Waxed_skull_3.csv (3 filas, 0 variables, col_G=3)
2026-08-18 09:15:59,639 [INFO] ✅ Generado: PLANTILLA_000200350005__Cthulu_Mug_3.csv (3 filas, 0 variables, col_G=3)
2026-08-18 09:15:59,643 [INFO] ✅ Generado: PLANTILLA_000200350007__Alien_Mug_3.csv (3 filas, 0 variables, col_G=3)
2026-08-18 09:15:59,648 [INFO] ✅ Generado: PLANTILLA_000200350003__Franky_Mug_3.csv (3 filas, 0 variables, col_G=3)
2026-08-18 09:15:59,652 [INFO] ✅ Generado: PLANTILLA_0000000335101_Skull_Wall_Panels_3.csv (3 filas, 0 variables, col_G=3)
2026-08-18 09:15:59,656 [INFO] ✅ Generado: PLANTILLA_000000027902_Pale_skin_bag_3.csv (4 filas, 1 variables, col_G=4)
2026-08-18 09:15:59,661 [INFO] ✅ Generado: PLANTILLA_000000027936_Finger_Keychain_3.csv (5 filas, 2 variables, col_G=5)
2026-08-18 09:15:59,665 [INFO] ✅ Generado: PLANTILLA_000000027937_Tongue_Keychain_3.csv (5 filas, 2 variables, col_G=5)
2026-08-18 09:15:59,669 [INFO] ✅ Generado: PLANTILLA_000000027938_Eye_Keychain_3.csv (5 filas, 2 variables, col_G=5)
2026-08-18 09:15:59,673 [INFO] ✅ Generado: PLANTILLA_000000027935_Nose_Keychain_3.csv (5 filas, 2 variables, col_G=5)
2026-08-18 09:15:59,676 [INFO] ✅ Generado: PLANTILLA_000000027939_Ear_Keychain_3.csv (5 filas, 2 variables, col_G=5)
2026-08-18 09:15:59,681 [INFO] ✅ Generado: PLANTILLA_000000029011_Yeti_Mega_Costume_3.csv (10 filas, 7 variables, col_G=10)
2026-08-18 09:15:59,682 [INFO] 
📊 Resumen final:
2026-08-18 09:15:59,682 [INFO]    ✅ Plantillas generadas: 187
2026-08-18 09:15:59,682 [INFO]    ⏭️ Omitidas (sin precio): 0
2026-08-18 09:15:59,682 [INFO]    ❌ Errores (inconsistencia de filas): 0
2026-08-18 09:15:59,683 [INFO]    📁 Carpeta: 'C:\Users\Dany\Desktop\Proyecto\output'
2026-08-18 09:15:59,683 [WARNING] ⚠️ Modelo duplicado detectado: 000000030149 Fiery clown - se elimina la segunda ocurrencia.
2026-08-18 09:15:59,683 [WARNING] ⚠️ Modelo duplicado detectado: 000000030138 Burger´s Clown - se elimina la segunda ocurrencia.
2026-08-18 09:15:59,684 [WARNING] ⚠️ Modelo duplicado detectado: 000000027976 Chocolate Gigi - se elimina la segunda ocurrencia.
2026-08-18 09:15:59,684 [WARNING] ⚠️ Modelo duplicado detectado: 000000027977 Fangsy - se elimina la segunda ocurrencia.
2026-08-18 09:15:59,684 [INFO] 🧹 Desduplicación: 187 → 183 modelos únicos.
2026-08-18 09:15:59,685 [INFO] 📦 183 modelos listos para el bot.
2026-08-18 09:15:59,713 [INFO] 📂 Estado cargado: 3 modelos ya procesados.
2026-08-18 09:15:59,714 [INFO] ⏭️ 3 modelos ya procesados o en fallos. Saltando.
2026-08-18 09:15:59,715 [INFO] 📦 180 modelos pendientes de 183 totales.
2026-08-18 09:16:02,953 [INFO] ✅ WebDriver inicializado.
2026-08-18 09:16:02,955 [INFO] 🌐 Navegando a la página de login de VUCEM...
2026-08-18 09:16:54,225 [INFO] ✅ Login verificado.
2026-08-18 09:16:54,226 [INFO] 🧭 Iniciando navegación real al formulario...
2026-08-18 09:16:55,830 [INFO] ✅ Click en 'Solicitudes nuevas'
2026-08-18 09:16:56,835 [INFO] ✅ Click en Secretaría de Economía
2026-08-18 09:17:02,349 [INFO] ✅ Click en trámite 110101 con selector: ('xpath', "//a[contains(@onclick,'110101')]")
2026-08-18 09:17:02,349 [INFO] 🔄 Configurando tratados para el nuevo ciclo...
2026-08-18 09:17:02,961 [INFO] ✅ Pestaña 'Tratados'
2026-08-18 09:17:03,375 [INFO] ✅ Unión Europea seleccionada
2026-08-18 09:17:03,689 [INFO] ✅ TLCUEM seleccionado
2026-08-18 09:17:03,951 [INFO] ✅ Criterio B seleccionado
2026-08-18 09:17:04,175 [INFO] ✅ Tratado agregado
2026-08-18 09:17:06,176 [INFO] ✅ Tratados configurados correctamente.
2026-08-18 09:17:06,862 [INFO] ✅ Pestaña 'Datos de la mercancía'
2026-08-18 09:17:06,889 [INFO] ✅ Navegación completada. Formulario listo.
2026-08-18 09:17:06,890 [INFO] ⏭️ 3 modelos ya procesados o en fallos. Saltando.
2026-08-18 09:17:11,742 [INFO] 📤 Procesando modelo 000000030100 Toothy Clown
2026-08-18 09:17:11,743 [INFO] 🔄 Configurando tratados para el nuevo ciclo...
2026-08-18 09:17:12,137 [INFO] ✅ Pestaña 'Tratados'
2026-08-18 09:17:12,520 [INFO] ✅ Unión Europea seleccionada
2026-08-18 09:17:12,789 [INFO] ✅ TLCUEM seleccionado
2026-08-18 09:17:12,918 [INFO] ✅ Criterio B seleccionado
2026-08-18 09:17:13,065 [INFO] ✅ Tratado agregado
2026-08-18 09:17:15,066 [INFO] ✅ Tratados configurados correctamente.
2026-08-18 09:17:15,742 [INFO] ✅ Pestaña 'Datos de la mercancía'
2026-08-18 09:17:15,770 [INFO] Esperando campo 'Nombre comercial'...
2026-08-18 09:17:35,444 [INFO] ✅ Texto leído: '000000030100 Toothy Clown'
2026-08-18 09:17:35,822 [INFO] ✅ Excel: Fracción=95059099, Precio=29.9, Insumos=3
2026-08-18 09:17:36,205 [INFO] 🔍 Usando código del Excel: 000000030100 Toothy Clown
2026-08-18 09:17:37,310 [INFO] 🔍 Buscando archivo para: '000000030100 Toothy Clown' (normalizado: '000000030100_Toothy_Clown')
2026-08-18 09:17:37,310 [INFO]    📁 Carpeta: C:\Users\Dany\Desktop\Proyecto\output
2026-08-18 09:17:37,342 [INFO] ✅ Archivo CSV encontrado: PLANTILLA_000000030100_Toothy_Clown.csv
2026-08-18 09:17:37,375 [INFO] 📊 El archivo tiene 6 filas. Se esperaban 3.
2026-08-18 09:17:37,376 [WARNING] ⚠️ ADVERTENCIA: El número de insumos no coincide. Se subirá igual.
2026-08-18 09:17:37,476 [INFO] ✅ Archivo seleccionado en el campo.
2026-08-18 09:17:38,550 [INFO] ✅ Click en 'Enviar' realizado. Esperando procesamiento...
2026-08-18 09:17:43,588 [INFO] ✅ Modal de carga cerrado.
2026-08-18 09:18:52,532 [INFO] ✅ Click en 'Continuar' – enviado a firma.
2026-08-18 09:18:52,536 [INFO] 🔐 Esperando firma electrónica manual...
2026-08-18 09:19:35,177 [INFO] ✅ Acuse de Recibo detectado.
2026-08-18 09:19:35,227 [INFO] 📋 Folio extraído: 0201100100120261729000577
2026-08-18 09:19:39,788 [INFO] ✅ Formulario reiniciado (Nueva Captura).
2026-08-18 09:19:39,788 [INFO] ✅ Modelo 000000030100 Toothy Clown completado. Folio: 0201100100120261729000577
2026-08-18 09:19:39,797 [INFO] ✅ Modelo 000000030100 Toothy Clown completado (intento 1). Folio: 0201100100120261729000577
2026-08-18 09:19:47,623 [INFO] ⏭️ 4 modelos ya procesados o en fallos. Saltando.
2026-08-18 09:26:57,895 [INFO] 🛑 Interrupción por usuario. Estado guardado.
2026-08-18 09:26:57,907 [WARNING] Retrying (Retry(total=2, connect=None, read=None, redirect=None, status=None)) after connection broken by 'ConnectionResetError(10054, 'Se ha forzado la interrupción de una conexión existente por el host remoto', None, 10054, None)': /session/39ab068b6234c2af290817f0316fa8d0
2026-08-18 09:27:01,970 [WARNING] Retrying (Retry(total=1, connect=None, read=None, redirect=None, status=None)) after connection broken by 'NewConnectionError("HTTPConnection(host='localhost', port=62301): Failed to establish a new connection: [WinError 10061] No se puede establecer una conexión ya que el equipo de destino denegó expresamente dicha conexión")': /session/39ab068b6234c2af290817f0316fa8d0
2026-08-18 09:27:06,040 [WARNING] Retrying (Retry(total=0, connect=None, read=None, redirect=None, status=None)) after connection broken by 'NewConnectionError("HTTPConnection(host='localhost', port=62301): Failed to establish a new connection: [WinError 10061] No se puede establecer una conexión ya que el equipo de destino denegó expresamente dicha conexión")': /session/39ab068b6234c2af290817f0316fa8d0
2026-08-18 09:27:10,124 [INFO] 🛑 Browser cerrado.
2026-08-18 09:27:10,251 [INFO] 📄 Reporte HTML generado: C:\Users\Dany\Desktop\Proyecto\logs\reporte_20260818.html
2026-08-18 09:27:10,252 [INFO] ============================================================
2026-08-18 09:27:10,252 [INFO] 🏁 Procesamiento finalizado.
2026-08-18 09:27:10,252 [INFO] 📊 Resumen de esta sesión:
2026-08-18 09:27:10,253 [INFO]    ✅ Procesados en esta sesión: 1
2026-08-18 09:27:10,253 [INFO]    ❌ Fallos en esta sesión: 0
2026-08-18 09:27:10,253 [INFO] 📊 Acumulado total:
2026-08-18 09:27:10,253 [INFO]    ✅ Total procesados: 4
2026-08-18 09:27:10,254 [INFO]    ❌ Total fallidos: 0
2026-08-18 09:27:10,254 [INFO] ============================================================
2026-08-18 10:36:10,595 [INFO] 🚀 Iniciando sistema automatizado de comercio exterior - VUCEM
2026-08-18 10:36:10,598 [INFO] Cargando proveedores desde BOM...
2026-08-18 10:36:11,912 [INFO] ✅ 3588 proveedores cargados.
2026-08-18 10:36:11,913 [INFO] Cargando insumos por modelo desde BOM (solo categorías al INICIO)...
2026-08-18 10:36:15,764 [INFO] ✅ 1614 modelos con insumos cargados.
2026-08-18 10:36:15,764 [INFO] Procesando archivo maestro (hoja '2026')...
2026-08-18 10:36:15,929 [INFO] ✅ Generado: PLANTILLA_000000024505_Assault_mask_4.csv (3 filas, 0 variables, col_G=3)
2026-08-18 10:36:15,932 [INFO] ✅ Generado: PLANTILLA_000000021292_Hockey_Killer_4.csv (5 filas, 2 variables, col_G=5)
2026-08-18 10:36:15,935 [INFO] ✅ Generado: PLANTILLA_000000022131_Apocalyptic_Mask_4.csv (3 filas, 0 variables, col_G=3)
2026-08-18 10:36:15,939 [INFO] ✅ Generado: PLANTILLA_000000021179_Brown_wolf_4.csv (3 filas, 0 variables, col_G=3)
2026-08-18 10:36:15,942 [INFO] ✅ Generado: PLANTILLA_000000021229_Brown_Dr._Peste_4.csv (5 filas, 2 variables, col_G=5)
2026-08-18 10:36:15,946 [INFO] ✅ Generado: PLANTILLA_000000021225_Crania_face_4.csv (5 filas, 2 variables, col_G=5)
2026-08-18 10:36:15,950 [INFO] ✅ Generado: PLANTILLA_000000021107_Jacko_4.csv (3 filas, 0 variables, col_G=3)
2026-08-18 10:36:15,954 [INFO] ✅ Generado: PLANTILLA_000000050122_Akasha_4.csv (4 filas, 1 variables, col_G=4)
2026-08-18 10:36:15,957 [INFO] ✅ Generado: PLANTILLA_000000050116_Alucard_4.csv (3 filas, 0 variables, col_G=3)
2026-08-18 10:36:15,961 [INFO] ✅ Generado: PLANTILLA_000000050118_Mr._Bones_Tan_4.csv (3 filas, 0 variables, col_G=3)
2026-08-18 10:36:15,965 [INFO] ✅ Generado: PLANTILLA_000000050117_Mr._Bones_4.csv (3 filas, 0 variables, col_G=3)
2026-08-18 10:36:15,969 [INFO] ✅ Generado: PLANTILLA_000000050120_Daffy_4.csv (4 filas, 1 variables, col_G=4)
2026-08-18 10:36:15,973 [INFO] ✅ Generado: PLANTILLA_000000050119_Soggy_4.csv (5 filas, 2 variables, col_G=5)
2026-08-18 10:36:15,978 [INFO] ✅ Generado: PLANTILLA_000000050121_Baba_Yaga_4.csv (3 filas, 0 variables, col_G=3)
2026-08-18 10:36:16,021 [INFO] ✅ Generado: PLANTILLA_000000350063__Rolan__Street_clown_4.csv (5 filas, 2 variables, col_G=5)
2026-08-18 10:36:16,026 [INFO] ✅ Generado: PLANTILLA_000000350064_Psychopathic_Clown_4.csv (7 filas, 4 variables, col_G=7)
2026-08-18 10:36:16,031 [INFO] ✅ Generado: PLANTILLA_000000350065_Rusty_the_Clown_4.csv (8 filas, 5 variables, col_G=8)
2026-08-18 10:36:16,035 [INFO] ✅ Generado: PLANTILLA_000000350061_Narmoga_4.csv (6 filas, 3 variables, col_G=6)
2026-08-18 10:36:16,037 [INFO] ✅ Generado: PLANTILLA_000000350062_Agnha_4.csv (7 filas, 4 variables, col_G=7)
2026-08-18 10:36:16,040 [INFO] ✅ Generado: PLANTILLA_000000350060_Nightstalker_4.csv (4 filas, 1 variables, col_G=4)
2026-08-18 10:36:16,044 [INFO] ✅ Generado: PLANTILLA_000000350059_Death_Walker_4.csv (4 filas, 1 variables, col_G=4)
2026-08-18 10:36:16,049 [INFO] ✅ Generado: PLANTILLA_000000030110_Night_Terror_4.csv (3 filas, 0 variables, col_G=3)
2026-08-18 10:36:16,053 [INFO] ✅ Generado: PLANTILLA_000000030111_Transplanted_4.csv (4 filas, 1 variables, col_G=4)
2026-08-18 10:36:16,057 [INFO] ✅ Generado: PLANTILLA_000000030109_Splitting_Headache_4.csv (3 filas, 0 variables, col_G=3)
2026-08-18 10:36:16,060 [INFO] ✅ Generado: PLANTILLA_000000030181_Camazotz_4.csv (3 filas, 0 variables, col_G=3)
2026-08-18 10:36:16,064 [INFO] ✅ Generado: PLANTILLA_000000030182_Silent_Death_4.csv (4 filas, 1 variables, col_G=4)
2026-08-18 10:36:16,069 [INFO] ✅ Generado: PLANTILLA_000000030180_Demon_Vampire_4.csv (3 filas, 0 variables, col_G=3)
2026-08-18 10:36:16,073 [INFO] ✅ Generado: PLANTILLA_000000030173_Pagliacci_4.csv (3 filas, 0 variables, col_G=3)
2026-08-18 10:36:16,080 [INFO] ✅ Generado: PLANTILLA_000000030116_Dusty_clown_4.csv (3 filas, 0 variables, col_G=3)
2026-08-18 10:36:16,084 [INFO] ✅ Generado: PLANTILLA_000000030166_Hellbell_clown_4.csv (6 filas, 3 variables, col_G=6)
2026-08-18 10:36:16,087 [INFO] ✅ Generado: PLANTILLA_000000030149_Fiery_clown_8.csv (3 filas, 0 variables, col_G=3)
2026-08-18 10:36:16,094 [INFO] ✅ Generado: PLANTILLA_000000030142_Sadistic_clown_4.csv (5 filas, 2 variables, col_G=5)
2026-08-18 10:36:16,101 [INFO] ✅ Generado: PLANTILLA_000000030100_Toothy_Clown_4.csv (6 filas, 3 variables, col_G=6)
2026-08-18 10:36:16,105 [INFO] ✅ Generado: PLANTILLA_000000030102_Creppy_Clown_smile_4.csv (5 filas, 2 variables, col_G=5)
2026-08-18 10:36:16,110 [INFO] ✅ Generado: PLANTILLA_000000030115_Fiendish_clown_4.csv (3 filas, 0 variables, col_G=3)
2026-08-18 10:36:16,115 [INFO] ✅ Generado: PLANTILLA_000000030117_Jezebel_4.csv (5 filas, 2 variables, col_G=5)
2026-08-18 10:36:16,119 [INFO] ✅ Generado: PLANTILLA_000000030118_Porky_the_clown_4.csv (8 filas, 5 variables, col_G=8)
2026-08-18 10:36:16,122 [INFO] ✅ Generado: PLANTILLA_000000030138_Burger´s_Clown_8.csv (4 filas, 1 variables, col_G=4)
2026-08-18 10:36:16,127 [INFO] ✅ Generado: PLANTILLA_000000030143_Zippy_4.csv (4 filas, 1 variables, col_G=4)
2026-08-18 10:36:16,133 [INFO] ✅ Generado: PLANTILLA_000000030122_Amuck_4.csv (4 filas, 1 variables, col_G=4)
2026-08-18 10:36:16,136 [INFO] ✅ Generado: PLANTILLA_000000030159_Upside_Grin_Clown_4.csv (3 filas, 0 variables, col_G=3)
2026-08-18 10:36:16,139 [INFO] ✅ Generado: PLANTILLA_000000030137_Thug_Clown_4.csv (4 filas, 1 variables, col_G=4)
2026-08-18 10:36:16,144 [INFO] ✅ Generado: PLANTILLA_000000030120_Crispy_4.csv (6 filas, 3 variables, col_G=6)
2026-08-18 10:36:16,148 [INFO] ✅ Generado: PLANTILLA_000000030134_Mad_Clown_Biker_4.csv (3 filas, 0 variables, col_G=3)
2026-08-18 10:36:16,152 [INFO] ✅ Generado: PLANTILLA_000000030167_Spawlown_4.csv (3 filas, 0 variables, col_G=3)
2026-08-18 10:36:16,155 [INFO] ✅ Generado: PLANTILLA_000000030121_Bumpy_4.csv (4 filas, 1 variables, col_G=4)
2026-08-18 10:36:16,160 [INFO] ✅ Generado: PLANTILLA_000000030153_Igor_4.csv (4 filas, 1 variables, col_G=4)
2026-08-18 10:36:16,164 [INFO] ✅ Generado: PLANTILLA_000000030145_Creepy_T.W._4.csv (4 filas, 1 variables, col_G=4)
2026-08-18 10:36:16,167 [INFO] ✅ Generado: PLANTILLA_000000030148_Creepy_P._4.csv (4 filas, 1 variables, col_G=4)
2026-08-18 10:36:16,170 [INFO] ✅ Generado: PLANTILLA_000000030146_Creepy_D._4.csv (4 filas, 1 variables, col_G=4)
2026-08-18 10:36:16,173 [INFO] ✅ Generado: PLANTILLA_000000030147_Creepy_L.L._4.csv (4 filas, 1 variables, col_G=4)
2026-08-18 10:36:16,176 [INFO] ✅ Generado: PLANTILLA_000000149113_Marinero_Creepy_4.csv (3 filas, 0 variables, col_G=3)
2026-08-18 10:36:16,179 [INFO] ✅ Generado: PLANTILLA_000000030131_Creepyboobu_4.csv (4 filas, 1 variables, col_G=4)
2026-08-18 10:36:16,183 [INFO] ✅ Generado: PLANTILLA_000000030151_Mothman_4.csv (5 filas, 2 variables, col_G=5)
2026-08-18 10:36:16,186 [INFO] ✅ Generado: PLANTILLA_000000030114_Creepy_Peter_4.csv (3 filas, 0 variables, col_G=3)
2026-08-18 10:36:16,188 [INFO] ✅ Generado: PLANTILLA_000000030174_Crazy_Auguste_4.csv (4 filas, 1 variables, col_G=4)
2026-08-18 10:36:16,191 [INFO] ✅ Generado: PLANTILLA_000000030176_Brickie_zombie_4.csv (3 filas, 0 variables, col_G=3)
2026-08-18 10:36:16,195 [INFO] ✅ Generado: PLANTILLA_000000030175_Killer_Identity_4.csv (3 filas, 0 variables, col_G=3)
2026-08-18 10:36:16,199 [INFO] ✅ Generado: PLANTILLA_000000030171_J_the_Slayer_4.csv (5 filas, 2 variables, col_G=5)
2026-08-18 10:36:16,201 [INFO] ✅ Generado: PLANTILLA_000000071542_Fleshless_mouth_4.csv (5 filas, 2 variables, col_G=5)
2026-08-18 10:36:16,204 [INFO] ✅ Generado: PLANTILLA_000000030177_Zombie_pilot_4.csv (4 filas, 1 variables, col_G=4)
2026-08-18 10:36:16,206 [INFO] ✅ Generado: PLANTILLA_000000030133_Chopper_Rider_4.csv (3 filas, 0 variables, col_G=3)
2026-08-18 10:36:16,209 [INFO] ✅ Generado: PLANTILLA_000000030178_The_lord_4.csv (3 filas, 0 variables, col_G=3)
2026-08-18 10:36:16,213 [INFO] ✅ Generado: PLANTILLA_000000030162_Big_Horns_Skull_4.csv (5 filas, 2 variables, col_G=5)
2026-08-18 10:36:16,216 [INFO] ✅ Generado: PLANTILLA_000000030161_Big_Horns_Skull_Neon_4.csv (6 filas, 3 variables, col_G=6)
2026-08-18 10:36:16,218 [INFO] ✅ Generado: PLANTILLA_000000030132_Patrol_Skull_4.csv (3 filas, 0 variables, col_G=3)
2026-08-18 10:36:16,220 [INFO] ✅ Generado: PLANTILLA_000000030160_Big_Horns_Devil_4.csv (5 filas, 2 variables, col_G=5)
2026-08-18 10:36:16,223 [INFO] ✅ Generado: PLANTILLA_000000030164_Malebranche_4.csv (4 filas, 1 variables, col_G=4)
2026-08-18 10:36:16,226 [INFO] ✅ Generado: PLANTILLA_000000030123_Possessed_nun_4.csv (7 filas, 4 variables, col_G=7)
2026-08-18 10:36:16,230 [INFO] ✅ Generado: PLANTILLA_000000030163_Big_Horns_alien_4.csv (5 filas, 2 variables, col_G=5)
2026-08-18 10:36:16,233 [INFO] ✅ Generado: PLANTILLA_000000072201_Alien_Creepy_4.csv (3 filas, 0 variables, col_G=3)
2026-08-18 10:36:16,236 [INFO] ✅ Generado: PLANTILLA_000000030152_Morak_4.csv (3 filas, 0 variables, col_G=3)
2026-08-18 10:36:16,239 [INFO] ✅ Generado: PLANTILLA_000000030158_Blind_Warden_4.csv (3 filas, 0 variables, col_G=3)
2026-08-18 10:36:16,244 [INFO] ✅ Generado: PLANTILLA_000000030179_Frankorned_4.csv (3 filas, 0 variables, col_G=3)
2026-08-18 10:36:16,250 [INFO] ✅ Generado: PLANTILLA_000000030168_Gorth_4.csv (5 filas, 2 variables, col_G=5)
2026-08-18 10:36:16,254 [INFO] ✅ Generado: PLANTILLA_000000030112_Old_Troll_4.csv (3 filas, 0 variables, col_G=3)
2026-08-18 10:36:16,256 [INFO] ✅ Generado: PLANTILLA_000000030113_Funny_Troll_4.csv (3 filas, 0 variables, col_G=3)
2026-08-18 10:36:16,259 [INFO] ✅ Generado: PLANTILLA_000000030144_Creepy_Voodoo_Master_4.csv (4 filas, 1 variables, col_G=4)
2026-08-18 10:36:16,262 [INFO] ✅ Generado: PLANTILLA_000000030150_Anciente_Priest_4.csv (3 filas, 0 variables, col_G=3)
2026-08-18 10:36:16,266 [INFO] ✅ Generado: PLANTILLA_000000030172_Voodoo_victim_4.csv (3 filas, 0 variables, col_G=3)
2026-08-18 10:36:16,270 [INFO] ✅ Generado: PLANTILLA_000000030165_Horned_Sorceress_4.csv (4 filas, 1 variables, col_G=4)
2026-08-18 10:36:16,272 [INFO] ✅ Generado: PLANTILLA_000000071535_Agatha_4.csv (6 filas, 3 variables, col_G=6)
2026-08-18 10:36:16,277 [INFO] ✅ Generado: PLANTILLA_000000027990_Staffs__Witch_4.csv (5 filas, 2 variables, col_G=5)
2026-08-18 10:36:16,281 [INFO] ✅ Generado: PLANTILLA_000000071544_Scar_wolf_4.csv (3 filas, 0 variables, col_G=3)
2026-08-18 10:36:16,284 [INFO] ✅ Generado: PLANTILLA_000000030139_Sack_Creature_4.csv (5 filas, 2 variables, col_G=5)
2026-08-18 10:36:16,287 [INFO] ✅ Generado: PLANTILLA_000000030124_Mangy_rat_4.csv (5 filas, 2 variables, col_G=5)
2026-08-18 10:36:16,289 [INFO] ✅ Generado: PLANTILLA_000000030125_Rabid_boar_4.csv (4 filas, 1 variables, col_G=4)
2026-08-18 10:36:16,291 [INFO] ✅ Generado: PLANTILLA_000000030127_Zombie_Cat_4.csv (5 filas, 2 variables, col_G=5)
2026-08-18 10:36:16,295 [INFO] ✅ Generado: PLANTILLA_000000030129_Zombie_Capybara_4.csv (3 filas, 0 variables, col_G=3)
2026-08-18 10:36:16,299 [INFO] ✅ Generado: PLANTILLA_000000030119_Rotten_Panda_4.csv (5 filas, 2 variables, col_G=5)
2026-08-18 10:36:16,302 [INFO] ✅ Generado: PLANTILLA_000000030169_Apenstein_4.csv (5 filas, 2 variables, col_G=5)
2026-08-18 10:36:16,304 [INFO] ✅ Generado: PLANTILLA_000000030170_Groaner_4.csv (3 filas, 0 variables, col_G=3)
2026-08-18 10:36:16,307 [INFO] ✅ Generado: PLANTILLA_000000030154_Evil_Nutcracker_4.csv (4 filas, 1 variables, col_G=4)
2026-08-18 10:36:16,310 [INFO] ✅ Generado: PLANTILLA_000000030155_Creepy_Happy_4.csv (6 filas, 3 variables, col_G=6)
2026-08-18 10:36:16,315 [INFO] ✅ Generado: PLANTILLA_000000030156_Creepy_Sad_4.csv (6 filas, 3 variables, col_G=6)
2026-08-18 10:36:16,318 [INFO] ✅ Generado: PLANTILLA_000000027985_Little_Abyss_4.csv (7 filas, 4 variables, col_G=7)
2026-08-18 10:36:16,321 [INFO] ✅ Generado: PLANTILLA_000000027984_Little_Ember_4.csv (7 filas, 4 variables, col_G=7)
2026-08-18 10:36:16,323 [INFO] ✅ Generado: PLANTILLA_000000027983_Little_Goo_4.csv (7 filas, 4 variables, col_G=7)
2026-08-18 10:36:16,327 [INFO] ✅ Generado: PLANTILLA_000000027982_Little_Greyson_4.csv (6 filas, 3 variables, col_G=6)
2026-08-18 10:36:16,331 [INFO] ✅ Generado: PLANTILLA_000000027981_Little_Fang_4.csv (7 filas, 4 variables, col_G=7)
2026-08-18 10:36:16,335 [INFO] ✅ Generado: PLANTILLA_000000027986_Little_Rotty_4.csv (6 filas, 3 variables, col_G=6)
2026-08-18 10:36:16,337 [INFO] ✅ Generado: PLANTILLA_000000027978_James_busted_4.csv (5 filas, 2 variables, col_G=5)
2026-08-18 10:36:16,339 [INFO] ✅ Generado: PLANTILLA_000000027979_Helen_Busted_4.csv (5 filas, 2 variables, col_G=5)
2026-08-18 10:36:16,343 [INFO] ✅ Generado: PLANTILLA_000000027980_William_Busted_4.csv (5 filas, 2 variables, col_G=5)
2026-08-18 10:36:16,349 [INFO] ✅ Generado: PLANTILLA_000000331008_Bloody_Curtains_4.csv (3 filas, 0 variables, col_G=3)
2026-08-18 10:36:16,351 [INFO] ✅ Generado: PLANTILLA_000000027994_Effigy_4.csv (3 filas, 0 variables, col_G=3)
2026-08-18 10:36:16,353 [INFO] ✅ Generado: PLANTILLA_000000027995_Pharaoh_4.csv (3 filas, 0 variables, col_G=3)
2026-08-18 10:36:16,355 [INFO] ✅ Generado: PLANTILLA_000000027991_Carnivorous_plant_garden_decor_4.csv (6 filas, 3 variables, col_G=6)
2026-08-18 10:36:16,358 [INFO] ✅ Generado: PLANTILLA_000000027992_Gnome_garden_decor_4.csv (3 filas, 0 variables, col_G=3)
2026-08-18 10:36:16,363 [INFO] ✅ Generado: PLANTILLA_000000028212_Earth_Dragon_Puppet_4.csv (3 filas, 0 variables, col_G=3)
2026-08-18 10:36:16,367 [INFO] ✅ Generado: PLANTILLA_000000028213_Fire_Dragon_Puppet_4.csv (3 filas, 0 variables, col_G=3)
2026-08-18 10:36:16,369 [INFO] ✅ Generado: PLANTILLA_000000028211_Demon_Puppet_4.csv (3 filas, 0 variables, col_G=3)
2026-08-18 10:36:16,371 [INFO] ✅ Generado: PLANTILLA_000000028214_Goat_Puppet_4.csv (3 filas, 0 variables, col_G=3)
2026-08-18 10:36:16,374 [INFO] ✅ Generado: PLANTILLA_000000028210_Gargoyle_Puppet_4.csv (3 filas, 0 variables, col_G=3)
2026-08-18 10:36:16,379 [INFO] ✅ Generado: PLANTILLA_000000028215_Wacky_Clown_Puppet_4.csv (3 filas, 0 variables, col_G=3)
2026-08-18 10:36:16,382 [INFO] ✅ Generado: PLANTILLA_000000028122_Hobby_Zombie_Unicorn_Stick_4.csv (7 filas, 4 variables, col_G=7)
2026-08-18 10:36:16,385 [INFO] ✅ Generado: PLANTILLA_000000028123_Hobby_Zombie_Horse_Stick_4.csv (7 filas, 4 variables, col_G=7)
2026-08-18 10:36:16,388 [INFO] ✅ Generado: PLANTILLA_000000027976_Chocolate_Gigi_8.csv (5 filas, 2 variables, col_G=5)
2026-08-18 10:36:16,391 [INFO] ✅ Generado: PLANTILLA_000000027970_Blady_4.csv (5 filas, 2 variables, col_G=5)
2026-08-18 10:36:16,397 [INFO] ✅ Generado: PLANTILLA_000000027966_Possessed_Elf_4.csv (5 filas, 2 variables, col_G=5)
2026-08-18 10:36:16,400 [INFO] ✅ Generado: PLANTILLA_000000027967_Mini_Troll_4.csv (6 filas, 3 variables, col_G=6)
2026-08-18 10:36:16,403 [INFO] ✅ Generado: PLANTILLA_000000027974_Centipede_4.csv (5 filas, 2 variables, col_G=5)
2026-08-18 10:36:16,405 [INFO] ✅ Generado: PLANTILLA_000000027977_Fangsy_8.csv (5 filas, 2 variables, col_G=5)
2026-08-18 10:36:16,408 [INFO] ✅ Generado: PLANTILLA_000000027971_Punky_4.csv (5 filas, 2 variables, col_G=5)
2026-08-18 10:36:16,413 [INFO] ✅ Generado: PLANTILLA_000000027972_Lil´Horns_4.csv (5 filas, 2 variables, col_G=5)
2026-08-18 10:36:16,417 [INFO] ✅ Generado: PLANTILLA_000000027973_BoohBlue_4.csv (5 filas, 2 variables, col_G=5)
2026-08-18 10:36:16,419 [INFO] ✅ Generado: PLANTILLA_000000668651_Midsummer_Horror_Clown_4.csv (5 filas, 2 variables, col_G=5)
2026-08-18 10:36:16,421 [INFO] ✅ Generado: PLANTILLA_000000028120_Liging_Severed_Hand_4.csv (6 filas, 3 variables, col_G=6)
2026-08-18 10:36:16,424 [INFO] ✅ Generado: PLANTILLA_000000028121_Living_Severed_Hand_2_4.csv (6 filas, 3 variables, col_G=6)
2026-08-18 10:36:16,429 [INFO] ✅ Generado: PLANTILLA_000000084812_Serial_Killer_Apron_4.csv (7 filas, 4 variables, col_G=7)
2026-08-18 10:36:16,432 [INFO] ✅ Generado: PLANTILLA_000000084811_Forrest_Killer_Apron_4.csv (6 filas, 3 variables, col_G=6)
2026-08-18 10:36:16,435 [INFO] ✅ Generado: PLANTILLA_000000084810_Butcher_Killer_Apron_4.csv (7 filas, 4 variables, col_G=7)
2026-08-18 10:36:16,439 [INFO] ✅ Generado: PLANTILLA_000000084285_Lord_jester_4.csv (13 filas, 10 variables, col_G=13)
2026-08-18 10:36:16,445 [INFO] ✅ Generado: PLANTILLA_000000084286_Lord_jester_4.csv (14 filas, 11 variables, col_G=14)
2026-08-18 10:36:16,448 [INFO] ✅ Generado: PLANTILLA_000000084287_Lord_jester_4.csv (14 filas, 11 variables, col_G=14)
2026-08-18 10:36:16,451 [INFO] ✅ Generado: PLANTILLA_000000084280_Lady_Harlequin_4.csv (14 filas, 11 variables, col_G=14)
2026-08-18 10:36:16,453 [INFO] ✅ Generado: PLANTILLA_000000084281_Lady_Harlequin_4.csv (14 filas, 11 variables, col_G=14)
2026-08-18 10:36:16,455 [INFO] ✅ Generado: PLANTILLA_000000084282_Lady_Harlequin_4.csv (14 filas, 11 variables, col_G=14)
2026-08-18 10:36:16,460 [INFO] ✅ Generado: PLANTILLA_000000084295_Miss_Circus_Ringmaster_4.csv (13 filas, 10 variables, col_G=13)
2026-08-18 10:36:16,464 [INFO] ✅ Generado: PLANTILLA_000000084296_Miss_Circus_Ringmaster_4.csv (13 filas, 10 variables, col_G=13)
2026-08-18 10:36:16,467 [INFO] ✅ Generado: PLANTILLA_000000084297_Miss_Circus_Ringmaster_4.csv (13 filas, 10 variables, col_G=13)
2026-08-18 10:36:16,469 [INFO] ✅ Generado: PLANTILLA_000000084840_Spooky_Pumpkin_Scarecrow_4.csv (8 filas, 5 variables, col_G=8)
2026-08-18 10:36:16,471 [INFO] ✅ Generado: PLANTILLA_000000084841_Spooky_Pumpkin_Scarecrow_4.csv (8 filas, 5 variables, col_G=8)
2026-08-18 10:36:16,475 [INFO] ✅ Generado: PLANTILLA_000000084842_Spooky_Pumpkin_Scarecrow_4.csv (8 filas, 5 variables, col_G=8)
2026-08-18 10:36:16,479 [INFO] ✅ Generado: PLANTILLA_000000084835_Mont´s_Glowing_Clown_4.csv (13 filas, 10 variables, col_G=13)
2026-08-18 10:36:16,482 [INFO] ✅ Generado: PLANTILLA_000000084836_Mont´s_Glowing_Clown_4.csv (13 filas, 10 variables, col_G=13)
2026-08-18 10:36:16,485 [INFO] ✅ Generado: PLANTILLA_000000084837_Mont´s_Glowing_Clown_4.csv (13 filas, 10 variables, col_G=13)
2026-08-18 10:36:16,489 [INFO] ✅ Generado: PLANTILLA_000000084826_Kramper_Cape_4.csv (13 filas, 10 variables, col_G=13)
2026-08-18 10:36:16,492 [INFO] ✅ Generado: PLANTILLA_000000084822_Christmas_Grumpy_Monster_4.csv (15 filas, 12 variables, col_G=15)
2026-08-18 10:36:16,497 [INFO] ✅ Generado: PLANTILLA_000000084855_Grumpy_Monster_4.csv (11 filas, 8 variables, col_G=11)
2026-08-18 10:36:16,500 [INFO] ✅ Generado: PLANTILLA_000000084825_Sasquatch_Costume_4.csv (11 filas, 8 variables, col_G=11)
2026-08-18 10:36:16,502 [INFO] ✅ Generado: PLANTILLA_000000027898_Rotten_Sandwich_4.csv (3 filas, 0 variables, col_G=3)
2026-08-18 10:36:16,506 [INFO] ✅ Generado: PLANTILLA_000000027895_Disgusting_Hot_Dog_4.csv (3 filas, 0 variables, col_G=3)
2026-08-18 10:36:16,512 [INFO] ✅ Generado: PLANTILLA_000000027916_Nasty_Chinese_Food_4.csv (3 filas, 0 variables, col_G=3)
2026-08-18 10:36:16,516 [INFO] ✅ Generado: PLANTILLA_000000030149_Fiery_clown_9.csv (3 filas, 0 variables, col_G=3)
2026-08-18 10:36:16,521 [INFO] ✅ Generado: PLANTILLA_000000030138_Burger´s_Clown_9.csv (4 filas, 1 variables, col_G=4)
2026-08-18 10:36:16,524 [INFO] ✅ Generado: PLANTILLA_000000149113__Marinero_Creepy_4.csv (3 filas, 0 variables, col_G=3)
2026-08-18 10:36:16,531 [INFO] ✅ Generado: PLANTILLA_000000027976_Chocolate_Gigi_9.csv (5 filas, 2 variables, col_G=5)
2026-08-18 10:36:16,535 [INFO] ✅ Generado: PLANTILLA_000000027977_Fangsy_9.csv (5 filas, 2 variables, col_G=5)
2026-08-18 10:36:16,538 [INFO] ✅ Generado: PLANTILLA_000000030101_Jester_Clown_4.csv (6 filas, 3 variables, col_G=6)
2026-08-18 10:36:16,540 [INFO] ✅ Generado: PLANTILLA_000000030103_Clown_Smiles_4.csv (6 filas, 3 variables, col_G=6)
2026-08-18 10:36:16,545 [INFO] ✅ Generado: PLANTILLA_000000030141_Eyeball_Mask_4.csv (4 filas, 1 variables, col_G=4)
2026-08-18 10:36:16,548 [INFO] ✅ Generado: PLANTILLA_000000030135_Bram_4.csv (3 filas, 0 variables, col_G=3)
2026-08-18 10:36:16,551 [INFO] ✅ Generado: PLANTILLA_000000030136_Lilith_4.csv (5 filas, 2 variables, col_G=5)
2026-08-18 10:36:16,555 [INFO] ✅ Generado: PLANTILLA_000000030157_Ghoulish_Man_4.csv (4 filas, 1 variables, col_G=4)
2026-08-18 10:36:16,558 [INFO] ✅ Generado: PLANTILLA_000000030023_Possessed_samurai_4.csv (4 filas, 1 variables, col_G=4)
2026-08-18 10:36:16,562 [INFO] ✅ Generado: PLANTILLA_000000072202_Alien_Monster_4.csv (3 filas, 0 variables, col_G=3)
2026-08-18 10:36:16,566 [INFO] ✅ Generado: PLANTILLA_000000030009_Cosmic_king_4.csv (3 filas, 0 variables, col_G=3)
2026-08-18 10:36:16,569 [INFO] ✅ Generado: PLANTILLA_000000030128_Zombie_Pug_4.csv (3 filas, 0 variables, col_G=3)
2026-08-18 10:36:16,571 [INFO] ✅ Generado: PLANTILLA_000000027975_Sugar_Kiky_4.csv (5 filas, 2 variables, col_G=5)
2026-08-18 10:36:16,575 [INFO] ✅ Generado: PLANTILLA_000000027968_Nightshade_4.csv (5 filas, 2 variables, col_G=5)
2026-08-18 10:36:16,579 [INFO] ✅ Generado: PLANTILLA_000000027969_Snowbelle_4.csv (5 filas, 2 variables, col_G=5)
2026-08-18 10:36:16,583 [INFO] ✅ Generado: PLANTILLA_000000025838_Alien_Flesh_4.csv (4 filas, 1 variables, col_G=4)
2026-08-18 10:36:16,585 [INFO] ✅ Generado: PLANTILLA_000000030130_Sir_Thomas_4.csv (3 filas, 0 variables, col_G=3)
2026-08-18 10:36:16,587 [INFO] ✅ Generado: PLANTILLA_000000027993_Staffs__Witch_Green_4.csv (5 filas, 2 variables, col_G=5)
2026-08-18 10:36:16,589 [INFO] ✅ Generado: PLANTILLA_000000027797_Waxed_skull_4.csv (3 filas, 0 variables, col_G=3)
2026-08-18 10:36:16,593 [INFO] ✅ Generado: PLANTILLA_000200350005__Cthulu_Mug_4.csv (3 filas, 0 variables, col_G=3)
2026-08-18 10:36:16,596 [INFO] ✅ Generado: PLANTILLA_000200350007__Alien_Mug_4.csv (3 filas, 0 variables, col_G=3)
2026-08-18 10:36:16,601 [INFO] ✅ Generado: PLANTILLA_000200350003__Franky_Mug_4.csv (3 filas, 0 variables, col_G=3)
2026-08-18 10:36:16,603 [INFO] ✅ Generado: PLANTILLA_0000000335101_Skull_Wall_Panels_4.csv (3 filas, 0 variables, col_G=3)
2026-08-18 10:36:16,605 [INFO] ✅ Generado: PLANTILLA_000000027902_Pale_skin_bag_4.csv (4 filas, 1 variables, col_G=4)
2026-08-18 10:36:16,608 [INFO] ✅ Generado: PLANTILLA_000000027936_Finger_Keychain_4.csv (5 filas, 2 variables, col_G=5)
2026-08-18 10:36:16,612 [INFO] ✅ Generado: PLANTILLA_000000027937_Tongue_Keychain_4.csv (5 filas, 2 variables, col_G=5)
2026-08-18 10:36:16,617 [INFO] ✅ Generado: PLANTILLA_000000027938_Eye_Keychain_4.csv (5 filas, 2 variables, col_G=5)
2026-08-18 10:36:16,620 [INFO] ✅ Generado: PLANTILLA_000000027935_Nose_Keychain_4.csv (5 filas, 2 variables, col_G=5)
2026-08-18 10:36:16,622 [INFO] ✅ Generado: PLANTILLA_000000027939_Ear_Keychain_4.csv (5 filas, 2 variables, col_G=5)
2026-08-18 10:36:16,625 [INFO] ✅ Generado: PLANTILLA_000000029011_Yeti_Mega_Costume_4.csv (10 filas, 7 variables, col_G=10)
2026-08-18 10:36:16,626 [INFO] 
📊 Resumen final:
2026-08-18 10:36:16,627 [INFO]    ✅ Plantillas generadas: 187
2026-08-18 10:36:16,628 [INFO]    ⏭️ Omitidas (sin precio): 0
2026-08-18 10:36:16,628 [INFO]    ❌ Errores (inconsistencia de filas): 0
2026-08-18 10:36:16,629 [INFO]    📁 Carpeta: 'C:\Users\Dany\Desktop\Proyecto\output'
2026-08-18 10:36:16,630 [WARNING] ⚠️ Modelo duplicado detectado: 000000030149 Fiery clown - se elimina la segunda ocurrencia.
2026-08-18 10:36:16,631 [WARNING] ⚠️ Modelo duplicado detectado: 000000030138 Burger´s Clown - se elimina la segunda ocurrencia.
2026-08-18 10:36:16,631 [WARNING] ⚠️ Modelo duplicado detectado: 000000027976 Chocolate Gigi - se elimina la segunda ocurrencia.
2026-08-18 10:36:16,632 [WARNING] ⚠️ Modelo duplicado detectado: 000000027977 Fangsy - se elimina la segunda ocurrencia.
2026-08-18 10:36:16,632 [INFO] 🧹 Desduplicación: 187 → 183 modelos únicos.
2026-08-18 10:36:16,632 [INFO] 📦 183 modelos listos para el bot.
2026-08-18 10:36:16,653 [INFO] 📂 Estado cargado: 4 modelos ya procesados.
2026-08-18 10:36:16,653 [INFO] ⏭️ 4 modelos ya procesados o en fallos. Saltando.
2026-08-18 10:36:16,653 [INFO] 📦 179 modelos pendientes de 183 totales.
2026-08-18 10:36:19,630 [INFO] ✅ WebDriver inicializado.
2026-08-18 10:36:19,632 [INFO] 🌐 Navegando a la página de login de VUCEM...
2026-08-18 10:36:54,851 [INFO] ✅ Login verificado.
2026-08-18 10:36:54,851 [INFO] 🧭 Iniciando navegación real al formulario...
2026-08-18 10:36:56,584 [INFO] ✅ Click en 'Solicitudes nuevas'
2026-08-18 10:36:57,007 [INFO] ✅ Click en Secretaría de Economía
2026-08-18 10:37:09,004 [INFO] ✅ Click en trámite 110101 con selector: ('xpath', "//a[contains(@onclick,'110101')]")
2026-08-18 10:37:09,007 [INFO] 🔄 Configurando tratados para el nuevo ciclo...
2026-08-18 10:37:09,444 [INFO] ✅ Pestaña 'Tratados'
2026-08-18 10:37:09,777 [INFO] ✅ Unión Europea seleccionada
2026-08-18 10:37:10,101 [INFO] ✅ TLCUEM seleccionado
2026-08-18 10:37:10,365 [INFO] ✅ Criterio B seleccionado
2026-08-18 10:37:10,592 [INFO] ✅ Tratado agregado
2026-08-18 10:37:12,593 [INFO] ✅ Tratados configurados correctamente.
2026-08-18 10:37:13,290 [INFO] ✅ Pestaña 'Datos de la mercancía'
2026-08-18 10:37:13,308 [INFO] ✅ Navegación completada. Formulario listo.
2026-08-18 10:37:13,308 [INFO] ⏭️ 4 modelos ya procesados o en fallos. Saltando.
2026-08-18 10:37:32,157 [INFO] 📤 Procesando modelo 000000084812 Serial Killer Apron
2026-08-18 10:37:32,157 [INFO] 🔄 Configurando tratados para el nuevo ciclo...
2026-08-18 10:37:32,542 [INFO] ✅ Pestaña 'Tratados'
2026-08-18 10:37:33,128 [INFO] ✅ Unión Europea seleccionada
2026-08-18 10:37:33,362 [INFO] ✅ TLCUEM seleccionado
2026-08-18 10:37:33,554 [INFO] ✅ Criterio B seleccionado
2026-08-18 10:37:33,701 [INFO] ✅ Tratado agregado
2026-08-18 10:37:35,702 [INFO] ✅ Tratados configurados correctamente.
2026-08-18 10:37:36,386 [INFO] ✅ Pestaña 'Datos de la mercancía'
2026-08-18 10:37:36,407 [INFO] Esperando campo 'Nombre comercial'...
2026-08-18 10:37:45,237 [INFO] ✅ Texto leído: '000000084812 Serial Killer Apron'
2026-08-18 10:37:45,548 [INFO] ✅ Excel: Fracción=95059099, Precio=19.9, Insumos=3
2026-08-18 10:37:45,925 [INFO] 🔍 Usando código del Excel: 000000084812 Serial Killer Apron
2026-08-18 10:37:47,144 [INFO] 🔍 Buscando archivo para: '000000084812 Serial Killer Apron' (normalizado: '000000084812_Serial_Killer_Apron')
2026-08-18 10:37:47,145 [INFO]    📁 Carpeta: C:\Users\Dany\Desktop\Proyecto\output
2026-08-18 10:37:47,202 [INFO] ✅ Archivo CSV encontrado: PLANTILLA_000000084812_Serial_Killer_Apron.csv
2026-08-18 10:37:47,283 [INFO] 📊 El archivo tiene 7 filas. Se esperaban 3.
2026-08-18 10:37:47,283 [WARNING] ⚠️ ADVERTENCIA: El número de insumos no coincide. Se subirá igual.
2026-08-18 10:37:47,418 [INFO] ✅ Archivo seleccionado en el campo.
2026-08-18 10:37:48,514 [INFO] ✅ Click en 'Enviar' realizado. Esperando procesamiento...
2026-08-18 10:37:53,600 [INFO] ✅ Modal de carga cerrado.
2026-08-18 10:41:46,444 [INFO] ✅ Click en 'Continuar' – enviado a firma.
2026-08-18 10:41:46,445 [INFO] 🔐 Esperando firma electrónica manual...
2026-08-18 10:42:28,361 [INFO] ✅ Acuse de Recibo detectado.
2026-08-18 10:42:28,408 [INFO] 📋 Folio extraído: 0201100100120261729000578
2026-08-18 10:42:35,038 [INFO] ✅ Formulario reiniciado (Nueva Captura).
2026-08-18 10:42:35,169 [INFO] ✅ Pestaña Tratados está lista después de Nueva Captura.
2026-08-18 10:42:35,169 [INFO] ✅ Modelo 000000084812 Serial Killer Apron completado. Folio: 0201100100120261729000578
2026-08-18 10:42:35,224 [INFO] ✅ Modelo 000000084812 Serial Killer Apron completado (intento 1). Folio: 0201100100120261729000578
2026-08-18 10:42:40,168 [INFO] ⏭️ 5 modelos ya procesados o en fallos. Saltando.
2026-08-18 10:43:51,978 [INFO] 📄 Reporte Excel generado: C:\Users\Dany\Desktop\Proyecto\reporte_folios_20260818_104351.xlsx
2026-08-18 10:44:34,558 [INFO] 🛑 Interrupción por usuario. Estado guardado.
2026-08-18 10:44:34,564 [WARNING] Retrying (Retry(total=2, connect=None, read=None, redirect=None, status=None)) after connection broken by 'ConnectionResetError(10054, 'Se ha forzado la interrupción de una conexión existente por el host remoto', None, 10054, None)': /session/dd2933be0366ae0aebcd25776ce9c477
2026-08-18 11:02:16,517 [INFO] 🚀 Iniciando sistema automatizado de comercio exterior - VUCEM
2026-08-18 11:02:16,519 [INFO] Cargando proveedores desde BOM...
2026-08-18 11:02:17,415 [INFO] ✅ 3588 proveedores cargados.
2026-08-18 11:02:17,416 [INFO] Cargando insumos por modelo desde BOM (solo categorías al INICIO)...
2026-08-18 11:02:20,079 [INFO] ✅ 1614 modelos con insumos cargados.
2026-08-18 11:02:20,080 [INFO] Procesando archivo maestro (hoja '2026')...
2026-08-18 11:02:20,183 [INFO] ✅ Generado: PLANTILLA_000000024505_Assault_mask_5.csv (3 filas, 0 variables, col_G=3)
2026-08-18 11:02:20,185 [INFO] ✅ Generado: PLANTILLA_000000021292_Hockey_Killer_5.csv (5 filas, 2 variables, col_G=5)
2026-08-18 11:02:20,187 [INFO] ✅ Generado: PLANTILLA_000000022131_Apocalyptic_Mask_5.csv (3 filas, 0 variables, col_G=3)
2026-08-18 11:02:20,189 [INFO] ✅ Generado: PLANTILLA_000000021179_Brown_wolf_5.csv (3 filas, 0 variables, col_G=3)
2026-08-18 11:02:20,191 [INFO] ✅ Generado: PLANTILLA_000000021229_Brown_Dr._Peste_5.csv (5 filas, 2 variables, col_G=5)
2026-08-18 11:02:20,193 [INFO] ✅ Generado: PLANTILLA_000000021225_Crania_face_5.csv (5 filas, 2 variables, col_G=5)
2026-08-18 11:02:20,195 [INFO] ✅ Generado: PLANTILLA_000000021107_Jacko_5.csv (3 filas, 0 variables, col_G=3)
2026-08-18 11:02:20,197 [INFO] ✅ Generado: PLANTILLA_000000050122_Akasha_5.csv (4 filas, 1 variables, col_G=4)
2026-08-18 11:02:20,200 [INFO] ✅ Generado: PLANTILLA_000000050116_Alucard_5.csv (3 filas, 0 variables, col_G=3)
2026-08-18 11:02:20,202 [INFO] ✅ Generado: PLANTILLA_000000050118_Mr._Bones_Tan_5.csv (3 filas, 0 variables, col_G=3)
2026-08-18 11:02:20,203 [INFO] ✅ Generado: PLANTILLA_000000050117_Mr._Bones_5.csv (3 filas, 0 variables, col_G=3)
2026-08-18 11:02:20,205 [INFO] ✅ Generado: PLANTILLA_000000050120_Daffy_5.csv (4 filas, 1 variables, col_G=4)
2026-08-18 11:02:20,207 [INFO] ✅ Generado: PLANTILLA_000000050119_Soggy_5.csv (5 filas, 2 variables, col_G=5)
2026-08-18 11:02:20,208 [INFO] ✅ Generado: PLANTILLA_000000050121_Baba_Yaga_5.csv (3 filas, 0 variables, col_G=3)
2026-08-18 11:02:20,210 [INFO] ✅ Generado: PLANTILLA_000000350063__Rolan__Street_clown_5.csv (5 filas, 2 variables, col_G=5)
2026-08-18 11:02:20,212 [INFO] ✅ Generado: PLANTILLA_000000350064_Psychopathic_Clown_5.csv (7 filas, 4 variables, col_G=7)
2026-08-18 11:02:20,215 [INFO] ✅ Generado: PLANTILLA_000000350065_Rusty_the_Clown_5.csv (8 filas, 5 variables, col_G=8)
2026-08-18 11:02:20,217 [INFO] ✅ Generado: PLANTILLA_000000350061_Narmoga_5.csv (6 filas, 3 variables, col_G=6)
2026-08-18 11:02:20,220 [INFO] ✅ Generado: PLANTILLA_000000350062_Agnha_5.csv (7 filas, 4 variables, col_G=7)
2026-08-18 11:02:20,224 [INFO] ✅ Generado: PLANTILLA_000000350060_Nightstalker_5.csv (4 filas, 1 variables, col_G=4)
2026-08-18 11:02:20,226 [INFO] ✅ Generado: PLANTILLA_000000350059_Death_Walker_5.csv (4 filas, 1 variables, col_G=4)
2026-08-18 11:02:20,229 [INFO] ✅ Generado: PLANTILLA_000000030110_Night_Terror_5.csv (3 filas, 0 variables, col_G=3)
2026-08-18 11:02:20,231 [INFO] ✅ Generado: PLANTILLA_000000030111_Transplanted_5.csv (4 filas, 1 variables, col_G=4)
2026-08-18 11:02:20,234 [INFO] ✅ Generado: PLANTILLA_000000030109_Splitting_Headache_5.csv (3 filas, 0 variables, col_G=3)
2026-08-18 11:02:20,236 [INFO] ✅ Generado: PLANTILLA_000000030181_Camazotz_5.csv (3 filas, 0 variables, col_G=3)
2026-08-18 11:02:20,238 [INFO] ✅ Generado: PLANTILLA_000000030182_Silent_Death_5.csv (4 filas, 1 variables, col_G=4)
2026-08-18 11:02:20,240 [INFO] ✅ Generado: PLANTILLA_000000030180_Demon_Vampire_5.csv (3 filas, 0 variables, col_G=3)
2026-08-18 11:02:20,241 [INFO] ✅ Generado: PLANTILLA_000000030173_Pagliacci_5.csv (3 filas, 0 variables, col_G=3)
2026-08-18 11:02:20,243 [INFO] ✅ Generado: PLANTILLA_000000030116_Dusty_clown_5.csv (3 filas, 0 variables, col_G=3)
2026-08-18 11:02:20,246 [INFO] ✅ Generado: PLANTILLA_000000030166_Hellbell_clown_5.csv (6 filas, 3 variables, col_G=6)
2026-08-18 11:02:20,249 [INFO] ✅ Generado: PLANTILLA_000000030149_Fiery_clown_10.csv (3 filas, 0 variables, col_G=3)
2026-08-18 11:02:20,250 [INFO] ✅ Generado: PLANTILLA_000000030142_Sadistic_clown_5.csv (5 filas, 2 variables, col_G=5)
2026-08-18 11:02:20,252 [INFO] ✅ Generado: PLANTILLA_000000030100_Toothy_Clown_5.csv (6 filas, 3 variables, col_G=6)
2026-08-18 11:02:20,254 [INFO] ✅ Generado: PLANTILLA_000000030102_Creppy_Clown_smile_5.csv (5 filas, 2 variables, col_G=5)
2026-08-18 11:02:20,256 [INFO] ✅ Generado: PLANTILLA_000000030115_Fiendish_clown_5.csv (3 filas, 0 variables, col_G=3)
2026-08-18 11:02:20,257 [INFO] ✅ Generado: PLANTILLA_000000030117_Jezebel_5.csv (5 filas, 2 variables, col_G=5)
2026-08-18 11:02:20,259 [INFO] ✅ Generado: PLANTILLA_000000030118_Porky_the_clown_5.csv (8 filas, 5 variables, col_G=8)
2026-08-18 11:02:20,262 [INFO] ✅ Generado: PLANTILLA_000000030138_Burger´s_Clown_10.csv (4 filas, 1 variables, col_G=4)
2026-08-18 11:02:20,264 [INFO] ✅ Generado: PLANTILLA_000000030143_Zippy_5.csv (4 filas, 1 variables, col_G=4)
2026-08-18 11:02:20,266 [INFO] ✅ Generado: PLANTILLA_000000030122_Amuck_5.csv (4 filas, 1 variables, col_G=4)
2026-08-18 11:02:20,269 [INFO] ✅ Generado: PLANTILLA_000000030159_Upside_Grin_Clown_5.csv (3 filas, 0 variables, col_G=3)
2026-08-18 11:02:20,271 [INFO] ✅ Generado: PLANTILLA_000000030137_Thug_Clown_5.csv (4 filas, 1 variables, col_G=4)
2026-08-18 11:02:20,275 [INFO] ✅ Generado: PLANTILLA_000000030120_Crispy_5.csv (6 filas, 3 variables, col_G=6)
2026-08-18 11:02:20,277 [INFO] ✅ Generado: PLANTILLA_000000030134_Mad_Clown_Biker_5.csv (3 filas, 0 variables, col_G=3)
2026-08-18 11:02:20,280 [INFO] ✅ Generado: PLANTILLA_000000030167_Spawlown_5.csv (3 filas, 0 variables, col_G=3)
2026-08-18 11:02:20,283 [INFO] ✅ Generado: PLANTILLA_000000030121_Bumpy_5.csv (4 filas, 1 variables, col_G=4)
2026-08-18 11:02:20,286 [INFO] ✅ Generado: PLANTILLA_000000030153_Igor_5.csv (4 filas, 1 variables, col_G=4)
2026-08-18 11:02:20,288 [INFO] ✅ Generado: PLANTILLA_000000030145_Creepy_T.W._5.csv (4 filas, 1 variables, col_G=4)
2026-08-18 11:02:20,290 [INFO] ✅ Generado: PLANTILLA_000000030148_Creepy_P._5.csv (4 filas, 1 variables, col_G=4)
2026-08-18 11:02:20,291 [INFO] ✅ Generado: PLANTILLA_000000030146_Creepy_D._5.csv (4 filas, 1 variables, col_G=4)
2026-08-18 11:02:20,293 [INFO] ✅ Generado: PLANTILLA_000000030147_Creepy_L.L._5.csv (4 filas, 1 variables, col_G=4)
2026-08-18 11:02:20,296 [INFO] ✅ Generado: PLANTILLA_000000149113_Marinero_Creepy_5.csv (3 filas, 0 variables, col_G=3)
2026-08-18 11:02:20,298 [INFO] ✅ Generado: PLANTILLA_000000030131_Creepyboobu_5.csv (4 filas, 1 variables, col_G=4)
2026-08-18 11:02:20,301 [INFO] ✅ Generado: PLANTILLA_000000030151_Mothman_5.csv (5 filas, 2 variables, col_G=5)
2026-08-18 11:02:20,303 [INFO] ✅ Generado: PLANTILLA_000000030114_Creepy_Peter_5.csv (3 filas, 0 variables, col_G=3)
2026-08-18 11:02:20,306 [INFO] ✅ Generado: PLANTILLA_000000030174_Crazy_Auguste_5.csv (4 filas, 1 variables, col_G=4)
2026-08-18 11:02:20,310 [INFO] ✅ Generado: PLANTILLA_000000030176_Brickie_zombie_5.csv (3 filas, 0 variables, col_G=3)
2026-08-18 11:02:20,314 [INFO] ✅ Generado: PLANTILLA_000000030175_Killer_Identity_5.csv (3 filas, 0 variables, col_G=3)
2026-08-18 11:02:20,317 [INFO] ✅ Generado: PLANTILLA_000000030171_J_the_Slayer_5.csv (5 filas, 2 variables, col_G=5)
2026-08-18 11:02:20,319 [INFO] ✅ Generado: PLANTILLA_000000071542_Fleshless_mouth_5.csv (5 filas, 2 variables, col_G=5)
2026-08-18 11:02:20,322 [INFO] ✅ Generado: PLANTILLA_000000030177_Zombie_pilot_5.csv (4 filas, 1 variables, col_G=4)
2026-08-18 11:02:20,324 [INFO] ✅ Generado: PLANTILLA_000000030133_Chopper_Rider_5.csv (3 filas, 0 variables, col_G=3)
2026-08-18 11:02:20,326 [INFO] ✅ Generado: PLANTILLA_000000030178_The_lord_5.csv (3 filas, 0 variables, col_G=3)
2026-08-18 11:02:20,329 [INFO] ✅ Generado: PLANTILLA_000000030162_Big_Horns_Skull_5.csv (5 filas, 2 variables, col_G=5)
2026-08-18 11:02:20,332 [INFO] ✅ Generado: PLANTILLA_000000030161_Big_Horns_Skull_Neon_5.csv (6 filas, 3 variables, col_G=6)
2026-08-18 11:02:20,334 [INFO] ✅ Generado: PLANTILLA_000000030132_Patrol_Skull_5.csv (3 filas, 0 variables, col_G=3)
2026-08-18 11:02:20,337 [INFO] ✅ Generado: PLANTILLA_000000030160_Big_Horns_Devil_5.csv (5 filas, 2 variables, col_G=5)
2026-08-18 11:02:20,340 [INFO] ✅ Generado: PLANTILLA_000000030164_Malebranche_5.csv (4 filas, 1 variables, col_G=4)
2026-08-18 11:02:20,345 [INFO] ✅ Generado: PLANTILLA_000000030123_Possessed_nun_5.csv (7 filas, 4 variables, col_G=7)
2026-08-18 11:02:20,347 [INFO] ✅ Generado: PLANTILLA_000000030163_Big_Horns_alien_5.csv (5 filas, 2 variables, col_G=5)
2026-08-18 11:02:20,350 [INFO] ✅ Generado: PLANTILLA_000000072201_Alien_Creepy_5.csv (3 filas, 0 variables, col_G=3)
2026-08-18 11:02:20,351 [INFO] ✅ Generado: PLANTILLA_000000030152_Morak_5.csv (3 filas, 0 variables, col_G=3)
2026-08-18 11:02:20,353 [INFO] ✅ Generado: PLANTILLA_000000030158_Blind_Warden_5.csv (3 filas, 0 variables, col_G=3)
2026-08-18 11:02:20,355 [INFO] ✅ Generado: PLANTILLA_000000030179_Frankorned_5.csv (3 filas, 0 variables, col_G=3)
2026-08-18 11:02:20,357 [INFO] ✅ Generado: PLANTILLA_000000030168_Gorth_5.csv (5 filas, 2 variables, col_G=5)
2026-08-18 11:02:20,359 [INFO] ✅ Generado: PLANTILLA_000000030112_Old_Troll_5.csv (3 filas, 0 variables, col_G=3)
2026-08-18 11:02:20,360 [INFO] ✅ Generado: PLANTILLA_000000030113_Funny_Troll_5.csv (3 filas, 0 variables, col_G=3)
2026-08-18 11:02:20,363 [INFO] ✅ Generado: PLANTILLA_000000030144_Creepy_Voodoo_Master_5.csv (4 filas, 1 variables, col_G=4)
2026-08-18 11:02:20,365 [INFO] ✅ Generado: PLANTILLA_000000030150_Anciente_Priest_5.csv (3 filas, 0 variables, col_G=3)
2026-08-18 11:02:20,367 [INFO] ✅ Generado: PLANTILLA_000000030172_Voodoo_victim_5.csv (3 filas, 0 variables, col_G=3)
2026-08-18 11:02:20,369 [INFO] ✅ Generado: PLANTILLA_000000030165_Horned_Sorceress_5.csv (4 filas, 1 variables, col_G=4)
2026-08-18 11:02:20,373 [INFO] ✅ Generado: PLANTILLA_000000071535_Agatha_5.csv (6 filas, 3 variables, col_G=6)
2026-08-18 11:02:20,375 [INFO] ✅ Generado: PLANTILLA_000000027990_Staffs__Witch_5.csv (5 filas, 2 variables, col_G=5)
2026-08-18 11:02:20,377 [INFO] ✅ Generado: PLANTILLA_000000071544_Scar_wolf_5.csv (3 filas, 0 variables, col_G=3)
2026-08-18 11:02:20,380 [INFO] ✅ Generado: PLANTILLA_000000030139_Sack_Creature_5.csv (5 filas, 2 variables, col_G=5)
2026-08-18 11:02:20,382 [INFO] ✅ Generado: PLANTILLA_000000030124_Mangy_rat_5.csv (5 filas, 2 variables, col_G=5)
2026-08-18 11:02:20,385 [INFO] ✅ Generado: PLANTILLA_000000030125_Rabid_boar_5.csv (4 filas, 1 variables, col_G=4)
2026-08-18 11:02:20,387 [INFO] ✅ Generado: PLANTILLA_000000030127_Zombie_Cat_5.csv (5 filas, 2 variables, col_G=5)
2026-08-18 11:02:20,389 [INFO] ✅ Generado: PLANTILLA_000000030129_Zombie_Capybara_5.csv (3 filas, 0 variables, col_G=3)
2026-08-18 11:02:20,391 [INFO] ✅ Generado: PLANTILLA_000000030119_Rotten_Panda_5.csv (5 filas, 2 variables, col_G=5)
2026-08-18 11:02:20,392 [INFO] ✅ Generado: PLANTILLA_000000030169_Apenstein_5.csv (5 filas, 2 variables, col_G=5)
2026-08-18 11:02:20,394 [INFO] ✅ Generado: PLANTILLA_000000030170_Groaner_5.csv (3 filas, 0 variables, col_G=3)
2026-08-18 11:02:20,397 [INFO] ✅ Generado: PLANTILLA_000000030154_Evil_Nutcracker_5.csv (4 filas, 1 variables, col_G=4)
2026-08-18 11:02:20,399 [INFO] ✅ Generado: PLANTILLA_000000030155_Creepy_Happy_5.csv (6 filas, 3 variables, col_G=6)
2026-08-18 11:02:20,401 [INFO] ✅ Generado: PLANTILLA_000000030156_Creepy_Sad_5.csv (6 filas, 3 variables, col_G=6)
2026-08-18 11:02:20,406 [INFO] ✅ Generado: PLANTILLA_000000027985_Little_Abyss_5.csv (7 filas, 4 variables, col_G=7)
2026-08-18 11:02:20,409 [INFO] ✅ Generado: PLANTILLA_000000027984_Little_Ember_5.csv (7 filas, 4 variables, col_G=7)
2026-08-18 11:02:20,411 [INFO] ✅ Generado: PLANTILLA_000000027983_Little_Goo_5.csv (7 filas, 4 variables, col_G=7)
2026-08-18 11:02:20,414 [INFO] ✅ Generado: PLANTILLA_000000027982_Little_Greyson_5.csv (6 filas, 3 variables, col_G=6)
2026-08-18 11:02:20,417 [INFO] ✅ Generado: PLANTILLA_000000027981_Little_Fang_5.csv (7 filas, 4 variables, col_G=7)
2026-08-18 11:02:20,420 [INFO] ✅ Generado: PLANTILLA_000000027986_Little_Rotty_5.csv (6 filas, 3 variables, col_G=6)
2026-08-18 11:02:20,422 [INFO] ✅ Generado: PLANTILLA_000000027978_James_busted_5.csv (5 filas, 2 variables, col_G=5)
2026-08-18 11:02:20,424 [INFO] ✅ Generado: PLANTILLA_000000027979_Helen_Busted_5.csv (5 filas, 2 variables, col_G=5)
2026-08-18 11:02:20,426 [INFO] ✅ Generado: PLANTILLA_000000027980_William_Busted_5.csv (5 filas, 2 variables, col_G=5)
2026-08-18 11:02:20,428 [INFO] ✅ Generado: PLANTILLA_000000331008_Bloody_Curtains_5.csv (3 filas, 0 variables, col_G=3)
2026-08-18 11:02:20,430 [INFO] ✅ Generado: PLANTILLA_000000027994_Effigy_5.csv (3 filas, 0 variables, col_G=3)
2026-08-18 11:02:20,433 [INFO] ✅ Generado: PLANTILLA_000000027995_Pharaoh_5.csv (3 filas, 0 variables, col_G=3)
2026-08-18 11:02:20,436 [INFO] ✅ Generado: PLANTILLA_000000027991_Carnivorous_plant_garden_decor_5.csv (6 filas, 3 variables, col_G=6)
2026-08-18 11:02:20,440 [INFO] ✅ Generado: PLANTILLA_000000027992_Gnome_garden_decor_5.csv (3 filas, 0 variables, col_G=3)
2026-08-18 11:02:20,443 [INFO] ✅ Generado: PLANTILLA_000000028212_Earth_Dragon_Puppet_5.csv (3 filas, 0 variables, col_G=3)
2026-08-18 11:02:20,446 [INFO] ✅ Generado: PLANTILLA_000000028213_Fire_Dragon_Puppet_5.csv (3 filas, 0 variables, col_G=3)
2026-08-18 11:02:20,449 [INFO] ✅ Generado: PLANTILLA_000000028211_Demon_Puppet_5.csv (3 filas, 0 variables, col_G=3)
2026-08-18 11:02:20,452 [INFO] ✅ Generado: PLANTILLA_000000028214_Goat_Puppet_5.csv (3 filas, 0 variables, col_G=3)
2026-08-18 11:02:20,455 [INFO] ✅ Generado: PLANTILLA_000000028210_Gargoyle_Puppet_5.csv (3 filas, 0 variables, col_G=3)
2026-08-18 11:02:20,456 [INFO] ✅ Generado: PLANTILLA_000000028215_Wacky_Clown_Puppet_5.csv (3 filas, 0 variables, col_G=3)
2026-08-18 11:02:20,458 [INFO] ✅ Generado: PLANTILLA_000000028122_Hobby_Zombie_Unicorn_Stick_5.csv (7 filas, 4 variables, col_G=7)
2026-08-18 11:02:20,460 [INFO] ✅ Generado: PLANTILLA_000000028123_Hobby_Zombie_Horse_Stick_5.csv (7 filas, 4 variables, col_G=7)
2026-08-18 11:02:20,462 [INFO] ✅ Generado: PLANTILLA_000000027976_Chocolate_Gigi_10.csv (5 filas, 2 variables, col_G=5)
2026-08-18 11:02:20,465 [INFO] ✅ Generado: PLANTILLA_000000027970_Blady_5.csv (5 filas, 2 variables, col_G=5)
2026-08-18 11:02:20,467 [INFO] ✅ Generado: PLANTILLA_000000027966_Possessed_Elf_5.csv (5 filas, 2 variables, col_G=5)
2026-08-18 11:02:20,470 [INFO] ✅ Generado: PLANTILLA_000000027967_Mini_Troll_5.csv (6 filas, 3 variables, col_G=6)
2026-08-18 11:02:20,473 [INFO] ✅ Generado: PLANTILLA_000000027974_Centipede_5.csv (5 filas, 2 variables, col_G=5)
2026-08-18 11:02:20,476 [INFO] ✅ Generado: PLANTILLA_000000027977_Fangsy_10.csv (5 filas, 2 variables, col_G=5)
2026-08-18 11:02:20,478 [INFO] ✅ Generado: PLANTILLA_000000027971_Punky_5.csv (5 filas, 2 variables, col_G=5)
2026-08-18 11:02:20,480 [INFO] ✅ Generado: PLANTILLA_000000027972_Lil´Horns_5.csv (5 filas, 2 variables, col_G=5)
2026-08-18 11:02:20,483 [INFO] ✅ Generado: PLANTILLA_000000027973_BoohBlue_5.csv (5 filas, 2 variables, col_G=5)
2026-08-18 11:02:20,486 [INFO] ✅ Generado: PLANTILLA_000000668651_Midsummer_Horror_Clown_5.csv (5 filas, 2 variables, col_G=5)
2026-08-18 11:02:20,488 [INFO] ✅ Generado: PLANTILLA_000000028120_Liging_Severed_Hand_5.csv (6 filas, 3 variables, col_G=6)
2026-08-18 11:02:20,489 [INFO] ✅ Generado: PLANTILLA_000000028121_Living_Severed_Hand_2_5.csv (6 filas, 3 variables, col_G=6)
2026-08-18 11:02:20,491 [INFO] ✅ Generado: PLANTILLA_000000084812_Serial_Killer_Apron_5.csv (7 filas, 4 variables, col_G=7)
2026-08-18 11:02:20,492 [INFO] ✅ Generado: PLANTILLA_000000084811_Forrest_Killer_Apron_5.csv (6 filas, 3 variables, col_G=6)
2026-08-18 11:02:20,494 [INFO] ✅ Generado: PLANTILLA_000000084810_Butcher_Killer_Apron_5.csv (7 filas, 4 variables, col_G=7)
2026-08-18 11:02:20,497 [INFO] ✅ Generado: PLANTILLA_000000084285_Lord_jester_5.csv (13 filas, 10 variables, col_G=13)
2026-08-18 11:02:20,500 [INFO] ✅ Generado: PLANTILLA_000000084286_Lord_jester_5.csv (14 filas, 11 variables, col_G=14)
2026-08-18 11:02:20,502 [INFO] ✅ Generado: PLANTILLA_000000084287_Lord_jester_5.csv (14 filas, 11 variables, col_G=14)
2026-08-18 11:02:20,506 [INFO] ✅ Generado: PLANTILLA_000000084280_Lady_Harlequin_5.csv (14 filas, 11 variables, col_G=14)
2026-08-18 11:02:20,508 [INFO] ✅ Generado: PLANTILLA_000000084281_Lady_Harlequin_5.csv (14 filas, 11 variables, col_G=14)
2026-08-18 11:02:20,510 [INFO] ✅ Generado: PLANTILLA_000000084282_Lady_Harlequin_5.csv (14 filas, 11 variables, col_G=14)
2026-08-18 11:02:20,513 [INFO] ✅ Generado: PLANTILLA_000000084295_Miss_Circus_Ringmaster_5.csv (13 filas, 10 variables, col_G=13)
2026-08-18 11:02:20,517 [INFO] ✅ Generado: PLANTILLA_000000084296_Miss_Circus_Ringmaster_5.csv (13 filas, 10 variables, col_G=13)
2026-08-18 11:02:20,519 [INFO] ✅ Generado: PLANTILLA_000000084297_Miss_Circus_Ringmaster_5.csv (13 filas, 10 variables, col_G=13)
2026-08-18 11:02:20,521 [INFO] ✅ Generado: PLANTILLA_000000084840_Spooky_Pumpkin_Scarecrow_5.csv (8 filas, 5 variables, col_G=8)
2026-08-18 11:02:20,523 [INFO] ✅ Generado: PLANTILLA_000000084841_Spooky_Pumpkin_Scarecrow_5.csv (8 filas, 5 variables, col_G=8)
2026-08-18 11:02:20,525 [INFO] ✅ Generado: PLANTILLA_000000084842_Spooky_Pumpkin_Scarecrow_5.csv (8 filas, 5 variables, col_G=8)
2026-08-18 11:02:20,526 [INFO] ✅ Generado: PLANTILLA_000000084835_Mont´s_Glowing_Clown_5.csv (13 filas, 10 variables, col_G=13)
2026-08-18 11:02:20,529 [INFO] ✅ Generado: PLANTILLA_000000084836_Mont´s_Glowing_Clown_5.csv (13 filas, 10 variables, col_G=13)
2026-08-18 11:02:20,532 [INFO] ✅ Generado: PLANTILLA_000000084837_Mont´s_Glowing_Clown_5.csv (13 filas, 10 variables, col_G=13)
2026-08-18 11:02:20,535 [INFO] ✅ Generado: PLANTILLA_000000084826_Kramper_Cape_5.csv (13 filas, 10 variables, col_G=13)
2026-08-18 11:02:20,537 [INFO] ✅ Generado: PLANTILLA_000000084822_Christmas_Grumpy_Monster_5.csv (15 filas, 12 variables, col_G=15)
2026-08-18 11:02:20,541 [INFO] ✅ Generado: PLANTILLA_000000084855_Grumpy_Monster_5.csv (11 filas, 8 variables, col_G=11)
2026-08-18 11:02:20,543 [INFO] ✅ Generado: PLANTILLA_000000084825_Sasquatch_Costume_5.csv (11 filas, 8 variables, col_G=11)
2026-08-18 11:02:20,546 [INFO] ✅ Generado: PLANTILLA_000000027898_Rotten_Sandwich_5.csv (3 filas, 0 variables, col_G=3)
2026-08-18 11:02:20,548 [INFO] ✅ Generado: PLANTILLA_000000027895_Disgusting_Hot_Dog_5.csv (3 filas, 0 variables, col_G=3)
2026-08-18 11:02:20,552 [INFO] ✅ Generado: PLANTILLA_000000027916_Nasty_Chinese_Food_5.csv (3 filas, 0 variables, col_G=3)
2026-08-18 11:02:20,555 [INFO] ✅ Generado: PLANTILLA_000000030149_Fiery_clown_11.csv (3 filas, 0 variables, col_G=3)
2026-08-18 11:02:20,557 [INFO] ✅ Generado: PLANTILLA_000000030138_Burger´s_Clown_11.csv (4 filas, 1 variables, col_G=4)
2026-08-18 11:02:20,559 [INFO] ✅ Generado: PLANTILLA_000000149113__Marinero_Creepy_5.csv (3 filas, 0 variables, col_G=3)
2026-08-18 11:02:20,562 [INFO] ✅ Generado: PLANTILLA_000000027976_Chocolate_Gigi_11.csv (5 filas, 2 variables, col_G=5)
2026-08-18 11:02:20,566 [INFO] ✅ Generado: PLANTILLA_000000027977_Fangsy_11.csv (5 filas, 2 variables, col_G=5)
2026-08-18 11:02:20,569 [INFO] ✅ Generado: PLANTILLA_000000030101_Jester_Clown_5.csv (6 filas, 3 variables, col_G=6)
2026-08-18 11:02:20,573 [INFO] ✅ Generado: PLANTILLA_000000030103_Clown_Smiles_5.csv (6 filas, 3 variables, col_G=6)
2026-08-18 11:02:20,577 [INFO] ✅ Generado: PLANTILLA_000000030141_Eyeball_Mask_5.csv (4 filas, 1 variables, col_G=4)
2026-08-18 11:02:20,581 [INFO] ✅ Generado: PLANTILLA_000000030135_Bram_5.csv (3 filas, 0 variables, col_G=3)
2026-08-18 11:02:20,584 [INFO] ✅ Generado: PLANTILLA_000000030136_Lilith_5.csv (5 filas, 2 variables, col_G=5)
2026-08-18 11:02:20,587 [INFO] ✅ Generado: PLANTILLA_000000030157_Ghoulish_Man_5.csv (4 filas, 1 variables, col_G=4)
2026-08-18 11:02:20,589 [INFO] ✅ Generado: PLANTILLA_000000030023_Possessed_samurai_5.csv (4 filas, 1 variables, col_G=4)
2026-08-18 11:02:20,591 [INFO] ✅ Generado: PLANTILLA_000000072202_Alien_Monster_5.csv (3 filas, 0 variables, col_G=3)
2026-08-18 11:02:20,594 [INFO] ✅ Generado: PLANTILLA_000000030009_Cosmic_king_5.csv (3 filas, 0 variables, col_G=3)
2026-08-18 11:02:20,597 [INFO] ✅ Generado: PLANTILLA_000000030128_Zombie_Pug_5.csv (3 filas, 0 variables, col_G=3)
2026-08-18 11:02:20,601 [INFO] ✅ Generado: PLANTILLA_000000027975_Sugar_Kiky_5.csv (5 filas, 2 variables, col_G=5)
2026-08-18 11:02:20,603 [INFO] ✅ Generado: PLANTILLA_000000027968_Nightshade_5.csv (5 filas, 2 variables, col_G=5)
2026-08-18 11:02:20,606 [INFO] ✅ Generado: PLANTILLA_000000027969_Snowbelle_5.csv (5 filas, 2 variables, col_G=5)
2026-08-18 11:02:20,612 [INFO] ✅ Generado: PLANTILLA_000000025838_Alien_Flesh_5.csv (4 filas, 1 variables, col_G=4)
2026-08-18 11:02:20,615 [INFO] ✅ Generado: PLANTILLA_000000030130_Sir_Thomas_5.csv (3 filas, 0 variables, col_G=3)
2026-08-18 11:02:20,617 [INFO] ✅ Generado: PLANTILLA_000000027993_Staffs__Witch_Green_5.csv (5 filas, 2 variables, col_G=5)
2026-08-18 11:02:20,619 [INFO] ✅ Generado: PLANTILLA_000000027797_Waxed_skull_5.csv (3 filas, 0 variables, col_G=3)
2026-08-18 11:02:20,621 [INFO] ✅ Generado: PLANTILLA_000200350005__Cthulu_Mug_5.csv (3 filas, 0 variables, col_G=3)
2026-08-18 11:02:20,623 [INFO] ✅ Generado: PLANTILLA_000200350007__Alien_Mug_5.csv (3 filas, 0 variables, col_G=3)
2026-08-18 11:02:20,625 [INFO] ✅ Generado: PLANTILLA_000200350003__Franky_Mug_5.csv (3 filas, 0 variables, col_G=3)
2026-08-18 11:02:20,628 [INFO] ✅ Generado: PLANTILLA_0000000335101_Skull_Wall_Panels_5.csv (3 filas, 0 variables, col_G=3)
2026-08-18 11:02:20,630 [INFO] ✅ Generado: PLANTILLA_000000027902_Pale_skin_bag_5.csv (4 filas, 1 variables, col_G=4)
2026-08-18 11:02:20,633 [INFO] ✅ Generado: PLANTILLA_000000027936_Finger_Keychain_5.csv (5 filas, 2 variables, col_G=5)
2026-08-18 11:02:20,636 [INFO] ✅ Generado: PLANTILLA_000000027937_Tongue_Keychain_5.csv (5 filas, 2 variables, col_G=5)
2026-08-18 11:02:20,639 [INFO] ✅ Generado: PLANTILLA_000000027938_Eye_Keychain_5.csv (5 filas, 2 variables, col_G=5)
2026-08-18 11:02:20,643 [INFO] ✅ Generado: PLANTILLA_000000027935_Nose_Keychain_5.csv (5 filas, 2 variables, col_G=5)
2026-08-18 11:02:20,647 [INFO] ✅ Generado: PLANTILLA_000000027939_Ear_Keychain_5.csv (5 filas, 2 variables, col_G=5)
2026-08-18 11:02:20,650 [INFO] ✅ Generado: PLANTILLA_000000029011_Yeti_Mega_Costume_5.csv (10 filas, 7 variables, col_G=10)
2026-08-18 11:02:20,650 [INFO] 
📊 Resumen final:
2026-08-18 11:02:20,650 [INFO]    ✅ Plantillas generadas: 187
2026-08-18 11:02:20,650 [INFO]    ⏭️ Omitidas (sin precio): 0
2026-08-18 11:02:20,651 [INFO]    ❌ Errores (inconsistencia de filas): 0
2026-08-18 11:02:20,651 [INFO]    📁 Carpeta: 'C:\Users\Dany\Desktop\Proyecto\output'
2026-08-18 11:02:20,651 [WARNING] ⚠️ Modelo duplicado detectado: 000000030149 Fiery clown - se elimina la segunda ocurrencia.
2026-08-18 11:02:20,652 [WARNING] ⚠️ Modelo duplicado detectado: 000000030138 Burger´s Clown - se elimina la segunda ocurrencia.
2026-08-18 11:02:20,652 [WARNING] ⚠️ Modelo duplicado detectado: 000000027976 Chocolate Gigi - se elimina la segunda ocurrencia.
2026-08-18 11:02:20,652 [WARNING] ⚠️ Modelo duplicado detectado: 000000027977 Fangsy - se elimina la segunda ocurrencia.
2026-08-18 11:02:20,652 [INFO] 🧹 Desduplicación: 187 → 183 modelos únicos.
2026-08-18 11:02:20,653 [INFO] 📦 183 modelos listos para el bot.
2026-08-18 11:02:20,669 [INFO] 📂 Estado cargado: 5 modelos ya procesados.
2026-08-18 11:02:20,670 [INFO] ⏭️ 5 modelos ya procesados o en fallos. Saltando.
2026-08-18 11:02:20,670 [INFO] 📦 178 modelos pendientes de 183 totales.
2026-08-18 11:02:22,944 [INFO] ✅ WebDriver inicializado.
2026-08-18 11:02:22,957 [INFO] 🧭 Iniciando navegación real al formulario...
2026-08-18 11:02:22,960 [INFO] 🔄 Configurando tratados...
2026-08-18 11:03:08,612 [WARNING] ⚠️ Intento 1 para pestaña Tratados falló: Message: 
Stacktrace:
	chromedriver!GetHandleVerifier [0x7ff756dcabb5+151b5]
	chromedriver!GetHandleVerifier [0x7ff756dcac10+15210]
	chromedriver!(No symbol) [0x7ff7568f5d6d]
	chromedriver!(No symbol) [0x7ff756951289]
	chromedriver!(No symbol) [0x7ff75695158c]
	chromedriver!(No symbol) [0x7ff7569a2027]
	chromedriver!(No symbol) [0x7ff75699ec0b]
	chromedriver!(No symbol) [0x7ff7569437cc]
	chromedriver!(No symbol) [0x7ff7569446f3]
	chromedriver!GetHandleVerifier [0x7ff7573eb79b+635d9b]
	chromedriver!GetHandleVerifier [0x7ff7573e5ac6+6300c6]
	chromedriver!GetHandleVerifier [0x7ff75740bcee+6562ee]
	chromedriver!GetHandleVerifier [0x7ff756de8ffe+335fe]
	chromedriver!GetHandleVerifier [0x7ff756df147c+3ba7c]
	chromedriver!GetHandleVerifier [0x7ff756dd4d64+1f364]
	chromedriver!GetHandleVerifier [0x7ff756dd4ef4+1f4f4]
	chromedriver!GetHandleVerifier [0x7ff756db7d97+2397]
	KERNEL32!BaseThreadInitThunk [0x7ffd2be8ccb7+17]
	ntdll!RtlUserThreadStart [0x7ffd2ceb91cc+2c]

2026-08-18 11:03:56,203 [WARNING] ⚠️ Intento 2 para pestaña Tratados falló: Message: 
Stacktrace:
	chromedriver!GetHandleVerifier [0x7ff756dcabb5+151b5]
	chromedriver!GetHandleVerifier [0x7ff756dcac10+15210]
	chromedriver!(No symbol) [0x7ff7568f5d6d]
	chromedriver!(No symbol) [0x7ff756951289]
	chromedriver!(No symbol) [0x7ff75695158c]
	chromedriver!(No symbol) [0x7ff7569a2027]
	chromedriver!(No symbol) [0x7ff75699ec0b]
	chromedriver!(No symbol) [0x7ff7569437cc]
	chromedriver!(No symbol) [0x7ff7569446f3]
	chromedriver!GetHandleVerifier [0x7ff7573eb79b+635d9b]
	chromedriver!GetHandleVerifier [0x7ff7573e5ac6+6300c6]
	chromedriver!GetHandleVerifier [0x7ff75740bcee+6562ee]
	chromedriver!GetHandleVerifier [0x7ff756de8ffe+335fe]
	chromedriver!GetHandleVerifier [0x7ff756df147c+3ba7c]
	chromedriver!GetHandleVerifier [0x7ff756dd4d64+1f364]
	chromedriver!GetHandleVerifier [0x7ff756dd4ef4+1f4f4]
	chromedriver!GetHandleVerifier [0x7ff756db7d97+2397]
	KERNEL32!BaseThreadInitThunk [0x7ffd2be8ccb7+17]
	ntdll!RtlUserThreadStart [0x7ffd2ceb91cc+2c]

2026-08-18 11:04:43,849 [WARNING] ⚠️ Intento 3 para pestaña Tratados falló: Message: 
Stacktrace:
	chromedriver!GetHandleVerifier [0x7ff756dcabb5+151b5]
	chromedriver!GetHandleVerifier [0x7ff756dcac10+15210]
	chromedriver!(No symbol) [0x7ff7568f5d6d]
	chromedriver!(No symbol) [0x7ff756951289]
	chromedriver!(No symbol) [0x7ff75695158c]
	chromedriver!(No symbol) [0x7ff7569a2027]
	chromedriver!(No symbol) [0x7ff75699ec0b]
	chromedriver!(No symbol) [0x7ff7569437cc]
	chromedriver!(No symbol) [0x7ff7569446f3]
	chromedriver!GetHandleVerifier [0x7ff7573eb79b+635d9b]
	chromedriver!GetHandleVerifier [0x7ff7573e5ac6+6300c6]
	chromedriver!GetHandleVerifier [0x7ff75740bcee+6562ee]
	chromedriver!GetHandleVerifier [0x7ff756de8ffe+335fe]
	chromedriver!GetHandleVerifier [0x7ff756df147c+3ba7c]
	chromedriver!GetHandleVerifier [0x7ff756dd4d64+1f364]
	chromedriver!GetHandleVerifier [0x7ff756dd4ef4+1f4f4]
	chromedriver!GetHandleVerifier [0x7ff756db7d97+2397]
	KERNEL32!BaseThreadInitThunk [0x7ffd2be8ccb7+17]
	ntdll!RtlUserThreadStart [0x7ffd2ceb91cc+2c]

2026-08-18 11:04:45,850 [CRITICAL] ❌ Error crítico: Message: 
Stacktrace:
	chromedriver!GetHandleVerifier [0x7ff756dcabb5+151b5]
	chromedriver!GetHandleVerifier [0x7ff756dcac10+15210]
	chromedriver!(No symbol) [0x7ff7568f5d6d]
	chromedriver!(No symbol) [0x7ff756951289]
	chromedriver!(No symbol) [0x7ff75695158c]
	chromedriver!(No symbol) [0x7ff7569a2027]
	chromedriver!(No symbol) [0x7ff75699ec0b]
	chromedriver!(No symbol) [0x7ff7569437cc]
	chromedriver!(No symbol) [0x7ff7569446f3]
	chromedriver!GetHandleVerifier [0x7ff7573eb79b+635d9b]
	chromedriver!GetHandleVerifier [0x7ff7573e5ac6+6300c6]
	chromedriver!GetHandleVerifier [0x7ff75740bcee+6562ee]
	chromedriver!GetHandleVerifier [0x7ff756de8ffe+335fe]
	chromedriver!GetHandleVerifier [0x7ff756df147c+3ba7c]
	chromedriver!GetHandleVerifier [0x7ff756dd4d64+1f364]
	chromedriver!GetHandleVerifier [0x7ff756dd4ef4+1f4f4]
	chromedriver!GetHandleVerifier [0x7ff756db7d97+2397]
	KERNEL32!BaseThreadInitThunk [0x7ffd2be8ccb7+17]
	ntdll!RtlUserThreadStart [0x7ffd2ceb91cc+2c]

2026-08-18 11:04:48,559 [INFO] 🛑 Browser cerrado.
2026-08-18 11:04:48,629 [INFO] 📄 Reporte HTML generado: C:\Users\Dany\Desktop\Proyecto\logs\reporte_20260818.html
2026-08-18 11:04:48,629 [INFO] ============================================================
2026-08-18 11:04:48,629 [INFO] 🏁 Procesamiento finalizado.
2026-08-18 11:04:48,630 [INFO] 📊 Resumen de esta sesión:
2026-08-18 11:04:48,630 [INFO]    ✅ Procesados en esta sesión: 0
2026-08-18 11:04:48,630 [INFO]    ❌ Fallos en esta sesión: 0
2026-08-18 11:04:48,631 [INFO] 📊 Acumulado total:
2026-08-18 11:04:48,631 [INFO]    ✅ Total procesados: 5
2026-08-18 11:04:48,631 [INFO]    ❌ Total fallidos: 0
2026-08-18 11:04:48,631 [INFO] ============================================================
2026-08-18 11:13:45,945 [INFO] 🚀 Iniciando sistema automatizado de comercio exterior - VUCEM
2026-08-18 11:13:45,947 [INFO] Cargando proveedores desde BOM...
2026-08-18 11:13:46,966 [INFO] ✅ 3588 proveedores cargados.
2026-08-18 11:13:46,966 [INFO] Cargando insumos por modelo desde BOM (solo categorías al INICIO)...
2026-08-18 11:13:49,898 [INFO] ✅ 1614 modelos con insumos cargados.
2026-08-18 11:13:49,899 [INFO] Procesando archivo maestro (hoja '2026')...
2026-08-18 11:13:49,977 [INFO] ✅ Generado: PLANTILLA_000000024505_Assault_mask_6.csv (3 filas, 0 variables, col_G=3)
2026-08-18 11:13:49,979 [INFO] ✅ Generado: PLANTILLA_000000021292_Hockey_Killer_6.csv (5 filas, 2 variables, col_G=5)
2026-08-18 11:13:49,981 [INFO] ✅ Generado: PLANTILLA_000000022131_Apocalyptic_Mask_6.csv (3 filas, 0 variables, col_G=3)
2026-08-18 11:13:49,983 [INFO] ✅ Generado: PLANTILLA_000000021179_Brown_wolf_6.csv (3 filas, 0 variables, col_G=3)
2026-08-18 11:13:49,985 [INFO] ✅ Generado: PLANTILLA_000000021229_Brown_Dr._Peste_6.csv (5 filas, 2 variables, col_G=5)
2026-08-18 11:13:49,987 [INFO] ✅ Generado: PLANTILLA_000000021225_Crania_face_6.csv (5 filas, 2 variables, col_G=5)
2026-08-18 11:13:49,988 [INFO] ✅ Generado: PLANTILLA_000000021107_Jacko_6.csv (3 filas, 0 variables, col_G=3)
2026-08-18 11:13:49,990 [INFO] ✅ Generado: PLANTILLA_000000050122_Akasha_6.csv (4 filas, 1 variables, col_G=4)
2026-08-18 11:13:49,992 [INFO] ✅ Generado: PLANTILLA_000000050116_Alucard_6.csv (3 filas, 0 variables, col_G=3)
2026-08-18 11:13:49,994 [INFO] ✅ Generado: PLANTILLA_000000050118_Mr._Bones_Tan_6.csv (3 filas, 0 variables, col_G=3)
2026-08-18 11:13:49,995 [INFO] ✅ Generado: PLANTILLA_000000050117_Mr._Bones_6.csv (3 filas, 0 variables, col_G=3)
2026-08-18 11:13:49,997 [INFO] ✅ Generado: PLANTILLA_000000050120_Daffy_6.csv (4 filas, 1 variables, col_G=4)
2026-08-18 11:13:49,999 [INFO] ✅ Generado: PLANTILLA_000000050119_Soggy_6.csv (5 filas, 2 variables, col_G=5)
2026-08-18 11:13:50,002 [INFO] ✅ Generado: PLANTILLA_000000050121_Baba_Yaga_6.csv (3 filas, 0 variables, col_G=3)
2026-08-18 11:13:50,003 [INFO] ✅ Generado: PLANTILLA_000000350063__Rolan__Street_clown_6.csv (5 filas, 2 variables, col_G=5)
2026-08-18 11:13:50,005 [INFO] ✅ Generado: PLANTILLA_000000350064_Psychopathic_Clown_6.csv (7 filas, 4 variables, col_G=7)
2026-08-18 11:13:50,007 [INFO] ✅ Generado: PLANTILLA_000000350065_Rusty_the_Clown_6.csv (8 filas, 5 variables, col_G=8)
2026-08-18 11:13:50,008 [INFO] ✅ Generado: PLANTILLA_000000350061_Narmoga_6.csv (6 filas, 3 variables, col_G=6)
2026-08-18 11:13:50,010 [INFO] ✅ Generado: PLANTILLA_000000350062_Agnha_6.csv (7 filas, 4 variables, col_G=7)
2026-08-18 11:13:50,012 [INFO] ✅ Generado: PLANTILLA_000000350060_Nightstalker_6.csv (4 filas, 1 variables, col_G=4)
2026-08-18 11:13:50,014 [INFO] ✅ Generado: PLANTILLA_000000350059_Death_Walker_6.csv (4 filas, 1 variables, col_G=4)
2026-08-18 11:13:50,016 [INFO] ✅ Generado: PLANTILLA_000000030110_Night_Terror_6.csv (3 filas, 0 variables, col_G=3)
2026-08-18 11:13:50,018 [INFO] ✅ Generado: PLANTILLA_000000030111_Transplanted_6.csv (4 filas, 1 variables, col_G=4)
2026-08-18 11:13:50,019 [INFO] ✅ Generado: PLANTILLA_000000030109_Splitting_Headache_6.csv (3 filas, 0 variables, col_G=3)
2026-08-18 11:13:50,021 [INFO] ✅ Generado: PLANTILLA_000000030181_Camazotz_6.csv (3 filas, 0 variables, col_G=3)
2026-08-18 11:13:50,022 [INFO] ✅ Generado: PLANTILLA_000000030182_Silent_Death_6.csv (4 filas, 1 variables, col_G=4)
2026-08-18 11:13:50,024 [INFO] ✅ Generado: PLANTILLA_000000030180_Demon_Vampire_6.csv (3 filas, 0 variables, col_G=3)
2026-08-18 11:13:50,026 [INFO] ✅ Generado: PLANTILLA_000000030173_Pagliacci_6.csv (3 filas, 0 variables, col_G=3)
2026-08-18 11:13:50,027 [INFO] ✅ Generado: PLANTILLA_000000030116_Dusty_clown_6.csv (3 filas, 0 variables, col_G=3)
2026-08-18 11:13:50,029 [INFO] ✅ Generado: PLANTILLA_000000030166_Hellbell_clown_6.csv (6 filas, 3 variables, col_G=6)
2026-08-18 11:13:50,032 [INFO] ✅ Generado: PLANTILLA_000000030149_Fiery_clown_12.csv (3 filas, 0 variables, col_G=3)
2026-08-18 11:13:50,035 [INFO] ✅ Generado: PLANTILLA_000000030142_Sadistic_clown_6.csv (5 filas, 2 variables, col_G=5)
2026-08-18 11:13:50,037 [INFO] ✅ Generado: PLANTILLA_000000030100_Toothy_Clown_6.csv (6 filas, 3 variables, col_G=6)
2026-08-18 11:13:50,038 [INFO] ✅ Generado: PLANTILLA_000000030102_Creppy_Clown_smile_6.csv (5 filas, 2 variables, col_G=5)
2026-08-18 11:13:50,040 [INFO] ✅ Generado: PLANTILLA_000000030115_Fiendish_clown_6.csv (3 filas, 0 variables, col_G=3)
2026-08-18 11:13:50,042 [INFO] ✅ Generado: PLANTILLA_000000030117_Jezebel_6.csv (5 filas, 2 variables, col_G=5)
2026-08-18 11:13:50,044 [INFO] ✅ Generado: PLANTILLA_000000030118_Porky_the_clown_6.csv (8 filas, 5 variables, col_G=8)
2026-08-18 11:13:50,045 [INFO] ✅ Generado: PLANTILLA_000000030138_Burger´s_Clown_12.csv (4 filas, 1 variables, col_G=4)
2026-08-18 11:13:50,048 [INFO] ✅ Generado: PLANTILLA_000000030143_Zippy_6.csv (4 filas, 1 variables, col_G=4)
2026-08-18 11:13:50,050 [INFO] ✅ Generado: PLANTILLA_000000030122_Amuck_6.csv (4 filas, 1 variables, col_G=4)
2026-08-18 11:13:50,052 [INFO] ✅ Generado: PLANTILLA_000000030159_Upside_Grin_Clown_6.csv (3 filas, 0 variables, col_G=3)
2026-08-18 11:13:50,054 [INFO] ✅ Generado: PLANTILLA_000000030137_Thug_Clown_6.csv (4 filas, 1 variables, col_G=4)
2026-08-18 11:13:50,055 [INFO] ✅ Generado: PLANTILLA_000000030120_Crispy_6.csv (6 filas, 3 variables, col_G=6)
2026-08-18 11:13:50,057 [INFO] ✅ Generado: PLANTILLA_000000030134_Mad_Clown_Biker_6.csv (3 filas, 0 variables, col_G=3)
2026-08-18 11:13:50,059 [INFO] ✅ Generado: PLANTILLA_000000030167_Spawlown_6.csv (3 filas, 0 variables, col_G=3)
2026-08-18 11:13:50,060 [INFO] ✅ Generado: PLANTILLA_000000030121_Bumpy_6.csv (4 filas, 1 variables, col_G=4)
2026-08-18 11:13:50,062 [INFO] ✅ Generado: PLANTILLA_000000030153_Igor_6.csv (4 filas, 1 variables, col_G=4)
2026-08-18 11:13:50,064 [INFO] ✅ Generado: PLANTILLA_000000030145_Creepy_T.W._6.csv (4 filas, 1 variables, col_G=4)
2026-08-18 11:13:50,067 [INFO] ✅ Generado: PLANTILLA_000000030148_Creepy_P._6.csv (4 filas, 1 variables, col_G=4)
2026-08-18 11:13:50,069 [INFO] ✅ Generado: PLANTILLA_000000030146_Creepy_D._6.csv (4 filas, 1 variables, col_G=4)
2026-08-18 11:13:50,071 [INFO] ✅ Generado: PLANTILLA_000000030147_Creepy_L.L._6.csv (4 filas, 1 variables, col_G=4)
2026-08-18 11:13:50,073 [INFO] ✅ Generado: PLANTILLA_000000149113_Marinero_Creepy_6.csv (3 filas, 0 variables, col_G=3)
2026-08-18 11:13:50,074 [INFO] ✅ Generado: PLANTILLA_000000030131_Creepyboobu_6.csv (4 filas, 1 variables, col_G=4)
2026-08-18 11:13:50,076 [INFO] ✅ Generado: PLANTILLA_000000030151_Mothman_6.csv (5 filas, 2 variables, col_G=5)
2026-08-18 11:13:50,078 [INFO] ✅ Generado: PLANTILLA_000000030114_Creepy_Peter_6.csv (3 filas, 0 variables, col_G=3)
2026-08-18 11:13:50,080 [INFO] ✅ Generado: PLANTILLA_000000030174_Crazy_Auguste_6.csv (4 filas, 1 variables, col_G=4)
2026-08-18 11:13:50,083 [INFO] ✅ Generado: PLANTILLA_000000030176_Brickie_zombie_6.csv (3 filas, 0 variables, col_G=3)
2026-08-18 11:13:50,086 [INFO] ✅ Generado: PLANTILLA_000000030175_Killer_Identity_6.csv (3 filas, 0 variables, col_G=3)
2026-08-18 11:13:50,088 [INFO] ✅ Generado: PLANTILLA_000000030171_J_the_Slayer_6.csv (5 filas, 2 variables, col_G=5)
2026-08-18 11:13:50,090 [INFO] ✅ Generado: PLANTILLA_000000071542_Fleshless_mouth_6.csv (5 filas, 2 variables, col_G=5)
2026-08-18 11:13:50,092 [INFO] ✅ Generado: PLANTILLA_000000030177_Zombie_pilot_6.csv (4 filas, 1 variables, col_G=4)
2026-08-18 11:13:50,094 [INFO] ✅ Generado: PLANTILLA_000000030133_Chopper_Rider_6.csv (3 filas, 0 variables, col_G=3)
2026-08-18 11:13:50,096 [INFO] ✅ Generado: PLANTILLA_000000030178_The_lord_6.csv (3 filas, 0 variables, col_G=3)
2026-08-18 11:13:50,098 [INFO] ✅ Generado: PLANTILLA_000000030162_Big_Horns_Skull_6.csv (5 filas, 2 variables, col_G=5)
2026-08-18 11:13:50,100 [INFO] ✅ Generado: PLANTILLA_000000030161_Big_Horns_Skull_Neon_6.csv (6 filas, 3 variables, col_G=6)
2026-08-18 11:13:50,102 [INFO] ✅ Generado: PLANTILLA_000000030132_Patrol_Skull_6.csv (3 filas, 0 variables, col_G=3)
2026-08-18 11:13:50,104 [INFO] ✅ Generado: PLANTILLA_000000030160_Big_Horns_Devil_6.csv (5 filas, 2 variables, col_G=5)
2026-08-18 11:13:50,106 [INFO] ✅ Generado: PLANTILLA_000000030164_Malebranche_6.csv (4 filas, 1 variables, col_G=4)
2026-08-18 11:13:50,107 [INFO] ✅ Generado: PLANTILLA_000000030123_Possessed_nun_6.csv (7 filas, 4 variables, col_G=7)
2026-08-18 11:13:50,109 [INFO] ✅ Generado: PLANTILLA_000000030163_Big_Horns_alien_6.csv (5 filas, 2 variables, col_G=5)
2026-08-18 11:13:50,111 [INFO] ✅ Generado: PLANTILLA_000000072201_Alien_Creepy_6.csv (3 filas, 0 variables, col_G=3)
2026-08-18 11:13:50,112 [INFO] ✅ Generado: PLANTILLA_000000030152_Morak_6.csv (3 filas, 0 variables, col_G=3)
2026-08-18 11:13:50,114 [INFO] ✅ Generado: PLANTILLA_000000030158_Blind_Warden_6.csv (3 filas, 0 variables, col_G=3)
2026-08-18 11:13:50,116 [INFO] ✅ Generado: PLANTILLA_000000030179_Frankorned_6.csv (3 filas, 0 variables, col_G=3)
2026-08-18 11:13:50,118 [INFO] ✅ Generado: PLANTILLA_000000030168_Gorth_6.csv (5 filas, 2 variables, col_G=5)
2026-08-18 11:13:50,120 [INFO] ✅ Generado: PLANTILLA_000000030112_Old_Troll_6.csv (3 filas, 0 variables, col_G=3)
2026-08-18 11:13:50,122 [INFO] ✅ Generado: PLANTILLA_000000030113_Funny_Troll_6.csv (3 filas, 0 variables, col_G=3)
2026-08-18 11:13:50,124 [INFO] ✅ Generado: PLANTILLA_000000030144_Creepy_Voodoo_Master_6.csv (4 filas, 1 variables, col_G=4)
2026-08-18 11:13:50,125 [INFO] ✅ Generado: PLANTILLA_000000030150_Anciente_Priest_6.csv (3 filas, 0 variables, col_G=3)
2026-08-18 11:13:50,127 [INFO] ✅ Generado: PLANTILLA_000000030172_Voodoo_victim_6.csv (3 filas, 0 variables, col_G=3)
2026-08-18 11:13:50,129 [INFO] ✅ Generado: PLANTILLA_000000030165_Horned_Sorceress_6.csv (4 filas, 1 variables, col_G=4)
2026-08-18 11:13:50,130 [INFO] ✅ Generado: PLANTILLA_000000071535_Agatha_6.csv (6 filas, 3 variables, col_G=6)
2026-08-18 11:13:50,132 [INFO] ✅ Generado: PLANTILLA_000000027990_Staffs__Witch_6.csv (5 filas, 2 variables, col_G=5)
2026-08-18 11:13:50,134 [INFO] ✅ Generado: PLANTILLA_000000071544_Scar_wolf_6.csv (3 filas, 0 variables, col_G=3)
2026-08-18 11:13:50,136 [INFO] ✅ Generado: PLANTILLA_000000030139_Sack_Creature_6.csv (5 filas, 2 variables, col_G=5)
2026-08-18 11:13:50,138 [INFO] ✅ Generado: PLANTILLA_000000030124_Mangy_rat_6.csv (5 filas, 2 variables, col_G=5)
2026-08-18 11:13:50,139 [INFO] ✅ Generado: PLANTILLA_000000030125_Rabid_boar_6.csv (4 filas, 1 variables, col_G=4)
2026-08-18 11:13:50,141 [INFO] ✅ Generado: PLANTILLA_000000030127_Zombie_Cat_6.csv (5 filas, 2 variables, col_G=5)
2026-08-18 11:13:50,143 [INFO] ✅ Generado: PLANTILLA_000000030129_Zombie_Capybara_6.csv (3 filas, 0 variables, col_G=3)
2026-08-18 11:13:50,144 [INFO] ✅ Generado: PLANTILLA_000000030119_Rotten_Panda_6.csv (5 filas, 2 variables, col_G=5)
2026-08-18 11:13:50,146 [INFO] ✅ Generado: PLANTILLA_000000030169_Apenstein_6.csv (5 filas, 2 variables, col_G=5)
2026-08-18 11:13:50,148 [INFO] ✅ Generado: PLANTILLA_000000030170_Groaner_6.csv (3 filas, 0 variables, col_G=3)
2026-08-18 11:13:50,150 [INFO] ✅ Generado: PLANTILLA_000000030154_Evil_Nutcracker_6.csv (4 filas, 1 variables, col_G=4)
2026-08-18 11:13:50,152 [INFO] ✅ Generado: PLANTILLA_000000030155_Creepy_Happy_6.csv (6 filas, 3 variables, col_G=6)
2026-08-18 11:13:50,154 [INFO] ✅ Generado: PLANTILLA_000000030156_Creepy_Sad_6.csv (6 filas, 3 variables, col_G=6)
2026-08-18 11:13:50,155 [INFO] ✅ Generado: PLANTILLA_000000027985_Little_Abyss_6.csv (7 filas, 4 variables, col_G=7)
2026-08-18 11:13:50,157 [INFO] ✅ Generado: PLANTILLA_000000027984_Little_Ember_6.csv (7 filas, 4 variables, col_G=7)
2026-08-18 11:13:50,159 [INFO] ✅ Generado: PLANTILLA_000000027983_Little_Goo_6.csv (7 filas, 4 variables, col_G=7)
2026-08-18 11:13:50,161 [INFO] ✅ Generado: PLANTILLA_000000027982_Little_Greyson_6.csv (6 filas, 3 variables, col_G=6)
2026-08-18 11:13:50,162 [INFO] ✅ Generado: PLANTILLA_000000027981_Little_Fang_6.csv (7 filas, 4 variables, col_G=7)
2026-08-18 11:13:50,164 [INFO] ✅ Generado: PLANTILLA_000000027986_Little_Rotty_6.csv (6 filas, 3 variables, col_G=6)
2026-08-18 11:13:50,167 [INFO] ✅ Generado: PLANTILLA_000000027978_James_busted_6.csv (5 filas, 2 variables, col_G=5)
2026-08-18 11:13:50,168 [INFO] ✅ Generado: PLANTILLA_000000027979_Helen_Busted_6.csv (5 filas, 2 variables, col_G=5)
2026-08-18 11:13:50,170 [INFO] ✅ Generado: PLANTILLA_000000027980_William_Busted_6.csv (5 filas, 2 variables, col_G=5)
2026-08-18 11:13:50,172 [INFO] ✅ Generado: PLANTILLA_000000331008_Bloody_Curtains_6.csv (3 filas, 0 variables, col_G=3)
2026-08-18 11:13:50,174 [INFO] ✅ Generado: PLANTILLA_000000027994_Effigy_6.csv (3 filas, 0 variables, col_G=3)
2026-08-18 11:13:50,176 [INFO] ✅ Generado: PLANTILLA_000000027995_Pharaoh_6.csv (3 filas, 0 variables, col_G=3)
2026-08-18 11:13:50,177 [INFO] ✅ Generado: PLANTILLA_000000027991_Carnivorous_plant_garden_decor_6.csv (6 filas, 3 variables, col_G=6)
2026-08-18 11:13:50,179 [INFO] ✅ Generado: PLANTILLA_000000027992_Gnome_garden_decor_6.csv (3 filas, 0 variables, col_G=3)
2026-08-18 11:13:50,181 [INFO] ✅ Generado: PLANTILLA_000000028212_Earth_Dragon_Puppet_6.csv (3 filas, 0 variables, col_G=3)
2026-08-18 11:13:50,183 [INFO] ✅ Generado: PLANTILLA_000000028213_Fire_Dragon_Puppet_6.csv (3 filas, 0 variables, col_G=3)
2026-08-18 11:13:50,185 [INFO] ✅ Generado: PLANTILLA_000000028211_Demon_Puppet_6.csv (3 filas, 0 variables, col_G=3)
2026-08-18 11:13:50,187 [INFO] ✅ Generado: PLANTILLA_000000028214_Goat_Puppet_6.csv (3 filas, 0 variables, col_G=3)
2026-08-18 11:13:50,189 [INFO] ✅ Generado: PLANTILLA_000000028210_Gargoyle_Puppet_6.csv (3 filas, 0 variables, col_G=3)
2026-08-18 11:13:50,192 [INFO] ✅ Generado: PLANTILLA_000000028215_Wacky_Clown_Puppet_6.csv (3 filas, 0 variables, col_G=3)
2026-08-18 11:13:50,194 [INFO] ✅ Generado: PLANTILLA_000000028122_Hobby_Zombie_Unicorn_Stick_6.csv (7 filas, 4 variables, col_G=7)
2026-08-18 11:13:50,196 [INFO] ✅ Generado: PLANTILLA_000000028123_Hobby_Zombie_Horse_Stick_6.csv (7 filas, 4 variables, col_G=7)
2026-08-18 11:13:50,198 [INFO] ✅ Generado: PLANTILLA_000000027976_Chocolate_Gigi_12.csv (5 filas, 2 variables, col_G=5)
2026-08-18 11:13:50,201 [INFO] ✅ Generado: PLANTILLA_000000027970_Blady_6.csv (5 filas, 2 variables, col_G=5)
2026-08-18 11:13:50,202 [INFO] ✅ Generado: PLANTILLA_000000027966_Possessed_Elf_6.csv (5 filas, 2 variables, col_G=5)
2026-08-18 11:13:50,204 [INFO] ✅ Generado: PLANTILLA_000000027967_Mini_Troll_6.csv (6 filas, 3 variables, col_G=6)
2026-08-18 11:13:50,206 [INFO] ✅ Generado: PLANTILLA_000000027974_Centipede_6.csv (5 filas, 2 variables, col_G=5)
2026-08-18 11:13:50,208 [INFO] ✅ Generado: PLANTILLA_000000027977_Fangsy_12.csv (5 filas, 2 variables, col_G=5)
2026-08-18 11:13:50,210 [INFO] ✅ Generado: PLANTILLA_000000027971_Punky_6.csv (5 filas, 2 variables, col_G=5)
2026-08-18 11:13:50,211 [INFO] ✅ Generado: PLANTILLA_000000027972_Lil´Horns_6.csv (5 filas, 2 variables, col_G=5)
2026-08-18 11:13:50,213 [INFO] ✅ Generado: PLANTILLA_000000027973_BoohBlue_6.csv (5 filas, 2 variables, col_G=5)
2026-08-18 11:13:50,215 [INFO] ✅ Generado: PLANTILLA_000000668651_Midsummer_Horror_Clown_6.csv (5 filas, 2 variables, col_G=5)
2026-08-18 11:13:50,218 [INFO] ✅ Generado: PLANTILLA_000000028120_Liging_Severed_Hand_6.csv (6 filas, 3 variables, col_G=6)
2026-08-18 11:13:50,220 [INFO] ✅ Generado: PLANTILLA_000000028121_Living_Severed_Hand_2_6.csv (6 filas, 3 variables, col_G=6)
2026-08-18 11:13:50,221 [INFO] ✅ Generado: PLANTILLA_000000084812_Serial_Killer_Apron_6.csv (7 filas, 4 variables, col_G=7)
2026-08-18 11:13:50,223 [INFO] ✅ Generado: PLANTILLA_000000084811_Forrest_Killer_Apron_6.csv (6 filas, 3 variables, col_G=6)
2026-08-18 11:13:50,225 [INFO] ✅ Generado: PLANTILLA_000000084810_Butcher_Killer_Apron_6.csv (7 filas, 4 variables, col_G=7)
2026-08-18 11:13:50,227 [INFO] ✅ Generado: PLANTILLA_000000084285_Lord_jester_6.csv (13 filas, 10 variables, col_G=13)
2026-08-18 11:13:50,228 [INFO] ✅ Generado: PLANTILLA_000000084286_Lord_jester_6.csv (14 filas, 11 variables, col_G=14)
2026-08-18 11:13:50,230 [INFO] ✅ Generado: PLANTILLA_000000084287_Lord_jester_6.csv (14 filas, 11 variables, col_G=14)
2026-08-18 11:13:50,243 [INFO] ✅ Generado: PLANTILLA_000000084280_Lady_Harlequin_6.csv (14 filas, 11 variables, col_G=14)
2026-08-18 11:13:50,245 [INFO] ✅ Generado: PLANTILLA_000000084281_Lady_Harlequin_6.csv (14 filas, 11 variables, col_G=14)
2026-08-18 11:13:50,247 [INFO] ✅ Generado: PLANTILLA_000000084282_Lady_Harlequin_6.csv (14 filas, 11 variables, col_G=14)
2026-08-18 11:13:50,251 [INFO] ✅ Generado: PLANTILLA_000000084295_Miss_Circus_Ringmaster_6.csv (13 filas, 10 variables, col_G=13)
2026-08-18 11:13:50,253 [INFO] ✅ Generado: PLANTILLA_000000084296_Miss_Circus_Ringmaster_6.csv (13 filas, 10 variables, col_G=13)
2026-08-18 11:13:50,255 [INFO] ✅ Generado: PLANTILLA_000000084297_Miss_Circus_Ringmaster_6.csv (13 filas, 10 variables, col_G=13)
2026-08-18 11:13:50,257 [INFO] ✅ Generado: PLANTILLA_000000084840_Spooky_Pumpkin_Scarecrow_6.csv (8 filas, 5 variables, col_G=8)
2026-08-18 11:13:50,258 [INFO] ✅ Generado: PLANTILLA_000000084841_Spooky_Pumpkin_Scarecrow_6.csv (8 filas, 5 variables, col_G=8)
2026-08-18 11:13:50,260 [INFO] ✅ Generado: PLANTILLA_000000084842_Spooky_Pumpkin_Scarecrow_6.csv (8 filas, 5 variables, col_G=8)
2026-08-18 11:13:50,262 [INFO] ✅ Generado: PLANTILLA_000000084835_Mont´s_Glowing_Clown_6.csv (13 filas, 10 variables, col_G=13)
2026-08-18 11:13:50,264 [INFO] ✅ Generado: PLANTILLA_000000084836_Mont´s_Glowing_Clown_6.csv (13 filas, 10 variables, col_G=13)
2026-08-18 11:13:50,266 [INFO] ✅ Generado: PLANTILLA_000000084837_Mont´s_Glowing_Clown_6.csv (13 filas, 10 variables, col_G=13)
2026-08-18 11:13:50,268 [INFO] ✅ Generado: PLANTILLA_000000084826_Kramper_Cape_6.csv (13 filas, 10 variables, col_G=13)
2026-08-18 11:13:50,270 [INFO] ✅ Generado: PLANTILLA_000000084822_Christmas_Grumpy_Monster_6.csv (15 filas, 12 variables, col_G=15)
2026-08-18 11:13:50,272 [INFO] ✅ Generado: PLANTILLA_000000084855_Grumpy_Monster_6.csv (11 filas, 8 variables, col_G=11)
2026-08-18 11:13:50,274 [INFO] ✅ Generado: PLANTILLA_000000084825_Sasquatch_Costume_6.csv (11 filas, 8 variables, col_G=11)
2026-08-18 11:13:50,276 [INFO] ✅ Generado: PLANTILLA_000000027898_Rotten_Sandwich_6.csv (3 filas, 0 variables, col_G=3)
2026-08-18 11:13:50,277 [INFO] ✅ Generado: PLANTILLA_000000027895_Disgusting_Hot_Dog_6.csv (3 filas, 0 variables, col_G=3)
2026-08-18 11:13:50,279 [INFO] ✅ Generado: PLANTILLA_000000027916_Nasty_Chinese_Food_6.csv (3 filas, 0 variables, col_G=3)
2026-08-18 11:13:50,282 [INFO] ✅ Generado: PLANTILLA_000000030149_Fiery_clown_13.csv (3 filas, 0 variables, col_G=3)
2026-08-18 11:13:50,284 [INFO] ✅ Generado: PLANTILLA_000000030138_Burger´s_Clown_13.csv (4 filas, 1 variables, col_G=4)
2026-08-18 11:13:50,286 [INFO] ✅ Generado: PLANTILLA_000000149113__Marinero_Creepy_6.csv (3 filas, 0 variables, col_G=3)
2026-08-18 11:13:50,288 [INFO] ✅ Generado: PLANTILLA_000000027976_Chocolate_Gigi_13.csv (5 filas, 2 variables, col_G=5)
2026-08-18 11:13:50,290 [INFO] ✅ Generado: PLANTILLA_000000027977_Fangsy_13.csv (5 filas, 2 variables, col_G=5)
2026-08-18 11:13:50,292 [INFO] ✅ Generado: PLANTILLA_000000030101_Jester_Clown_6.csv (6 filas, 3 variables, col_G=6)
2026-08-18 11:13:50,293 [INFO] ✅ Generado: PLANTILLA_000000030103_Clown_Smiles_6.csv (6 filas, 3 variables, col_G=6)
2026-08-18 11:13:50,295 [INFO] ✅ Generado: PLANTILLA_000000030141_Eyeball_Mask_6.csv (4 filas, 1 variables, col_G=4)
2026-08-18 11:13:50,297 [INFO] ✅ Generado: PLANTILLA_000000030135_Bram_6.csv (3 filas, 0 variables, col_G=3)
2026-08-18 11:13:50,299 [INFO] ✅ Generado: PLANTILLA_000000030136_Lilith_6.csv (5 filas, 2 variables, col_G=5)
2026-08-18 11:13:50,301 [INFO] ✅ Generado: PLANTILLA_000000030157_Ghoulish_Man_6.csv (4 filas, 1 variables, col_G=4)
2026-08-18 11:13:50,303 [INFO] ✅ Generado: PLANTILLA_000000030023_Possessed_samurai_6.csv (4 filas, 1 variables, col_G=4)
2026-08-18 11:13:50,305 [INFO] ✅ Generado: PLANTILLA_000000072202_Alien_Monster_6.csv (3 filas, 0 variables, col_G=3)
2026-08-18 11:13:50,306 [INFO] ✅ Generado: PLANTILLA_000000030009_Cosmic_king_6.csv (3 filas, 0 variables, col_G=3)
2026-08-18 11:13:50,308 [INFO] ✅ Generado: PLANTILLA_000000030128_Zombie_Pug_6.csv (3 filas, 0 variables, col_G=3)
2026-08-18 11:13:50,310 [INFO] ✅ Generado: PLANTILLA_000000027975_Sugar_Kiky_6.csv (5 filas, 2 variables, col_G=5)
2026-08-18 11:13:50,311 [INFO] ✅ Generado: PLANTILLA_000000027968_Nightshade_6.csv (5 filas, 2 variables, col_G=5)
2026-08-18 11:13:50,313 [INFO] ✅ Generado: PLANTILLA_000000027969_Snowbelle_6.csv (5 filas, 2 variables, col_G=5)
2026-08-18 11:13:50,316 [INFO] ✅ Generado: PLANTILLA_000000025838_Alien_Flesh_6.csv (4 filas, 1 variables, col_G=4)
2026-08-18 11:13:50,319 [INFO] ✅ Generado: PLANTILLA_000000030130_Sir_Thomas_6.csv (3 filas, 0 variables, col_G=3)
2026-08-18 11:13:50,321 [INFO] ✅ Generado: PLANTILLA_000000027993_Staffs__Witch_Green_6.csv (5 filas, 2 variables, col_G=5)
2026-08-18 11:13:50,322 [INFO] ✅ Generado: PLANTILLA_000000027797_Waxed_skull_6.csv (3 filas, 0 variables, col_G=3)
2026-08-18 11:13:50,324 [INFO] ✅ Generado: PLANTILLA_000200350005__Cthulu_Mug_6.csv (3 filas, 0 variables, col_G=3)
2026-08-18 11:13:50,326 [INFO] ✅ Generado: PLANTILLA_000200350007__Alien_Mug_6.csv (3 filas, 0 variables, col_G=3)
2026-08-18 11:13:50,328 [INFO] ✅ Generado: PLANTILLA_000200350003__Franky_Mug_6.csv (3 filas, 0 variables, col_G=3)
2026-08-18 11:13:50,330 [INFO] ✅ Generado: PLANTILLA_0000000335101_Skull_Wall_Panels_6.csv (3 filas, 0 variables, col_G=3)
2026-08-18 11:13:50,333 [INFO] ✅ Generado: PLANTILLA_000000027902_Pale_skin_bag_6.csv (4 filas, 1 variables, col_G=4)
2026-08-18 11:13:50,335 [INFO] ✅ Generado: PLANTILLA_000000027936_Finger_Keychain_6.csv (5 filas, 2 variables, col_G=5)
2026-08-18 11:13:50,337 [INFO] ✅ Generado: PLANTILLA_000000027937_Tongue_Keychain_6.csv (5 filas, 2 variables, col_G=5)
2026-08-18 11:13:50,339 [INFO] ✅ Generado: PLANTILLA_000000027938_Eye_Keychain_6.csv (5 filas, 2 variables, col_G=5)
2026-08-18 11:13:50,340 [INFO] ✅ Generado: PLANTILLA_000000027935_Nose_Keychain_6.csv (5 filas, 2 variables, col_G=5)
2026-08-18 11:13:50,342 [INFO] ✅ Generado: PLANTILLA_000000027939_Ear_Keychain_6.csv (5 filas, 2 variables, col_G=5)
2026-08-18 11:13:50,344 [INFO] ✅ Generado: PLANTILLA_000000029011_Yeti_Mega_Costume_6.csv (10 filas, 7 variables, col_G=10)
2026-08-18 11:13:50,344 [INFO] 
📊 Resumen final:
2026-08-18 11:13:50,345 [INFO]    ✅ Plantillas generadas: 187
2026-08-18 11:13:50,345 [INFO]    ⏭️ Omitidas (sin precio): 0
2026-08-18 11:13:50,345 [INFO]    ❌ Errores (inconsistencia de filas): 0
2026-08-18 11:13:50,345 [INFO]    📁 Carpeta: 'C:\Users\Dany\Desktop\Proyecto\output'
2026-08-18 11:13:50,346 [WARNING] ⚠️ Modelo duplicado detectado: 000000030149 Fiery clown - se elimina la segunda ocurrencia.
2026-08-18 11:13:50,346 [WARNING] ⚠️ Modelo duplicado detectado: 000000030138 Burger´s Clown - se elimina la segunda ocurrencia.
2026-08-18 11:13:50,346 [WARNING] ⚠️ Modelo duplicado detectado: 000000027976 Chocolate Gigi - se elimina la segunda ocurrencia.
2026-08-18 11:13:50,346 [WARNING] ⚠️ Modelo duplicado detectado: 000000027977 Fangsy - se elimina la segunda ocurrencia.
2026-08-18 11:13:50,346 [INFO] 🧹 Desduplicación: 187 → 183 modelos únicos.
2026-08-18 11:13:50,346 [INFO] 📦 183 modelos listos para el bot.
2026-08-18 11:13:50,347 [INFO] 📂 Estado cargado: 5 modelos ya procesados.
2026-08-18 11:13:50,347 [INFO] ⏭️ 5 modelos ya procesados o en fallos. Saltando.
2026-08-18 11:13:50,347 [INFO] 📦 178 modelos pendientes de 183 totales.
2026-08-18 11:13:51,261 [INFO] ✅ WebDriver inicializado.
2026-08-18 11:13:51,261 [INFO] 🌐 Navegando a la página de login de VUCEM...
2026-08-18 11:14:15,245 [INFO] ✅ Login verificado.
2026-08-18 11:14:15,246 [INFO] 🧭 Iniciando navegación real al formulario...
2026-08-18 11:14:16,431 [INFO] ✅ Click en 'Solicitudes nuevas'
2026-08-18 11:14:17,359 [INFO] ✅ Click en Secretaría de Economía
2026-08-18 11:14:20,631 [INFO] ✅ Click en trámite 110101 con selector: ('xpath', "//a[contains(@onclick,'110101')]")
2026-08-18 11:14:20,631 [INFO] 🔄 Configurando tratados...
2026-08-18 11:14:21,028 [INFO] ✅ Pestaña 'Tratados'
2026-08-18 11:14:21,220 [INFO] ✅ Unión Europea seleccionada
2026-08-18 11:14:21,372 [INFO] ✅ TLCUEM seleccionado
2026-08-18 11:14:21,574 [INFO] ✅ Criterio B seleccionado
2026-08-18 11:14:21,662 [INFO] ✅ Tratado agregado
2026-08-18 11:14:23,663 [INFO] ✅ Tratados configurados correctamente.
2026-08-18 11:14:24,321 [INFO] ✅ Pestaña 'Datos de la mercancía'
2026-08-18 11:14:24,335 [INFO] ✅ Navegación completada. Formulario listo.
2026-08-18 11:14:24,335 [INFO] ⏭️ 5 modelos ya procesados o en fallos. Saltando.
2026-08-18 11:14:42,321 [INFO] 📤 Procesando modelo 000000084296 Miss Circus Ringmaster
2026-08-18 11:14:42,328 [INFO] Esperando campo 'Nombre comercial'...
2026-08-18 11:14:48,773 [INFO] ✅ Texto leído: '000000084296 Miss Circus Ringmaster'
2026-08-18 11:14:48,935 [INFO] ✅ Excel: Fracción=62101001, Precio=102, Insumos=3
2026-08-18 11:14:49,118 [INFO] 🔍 Usando código del Excel: 000000084296 Miss Circus Ringmaster
2026-08-18 11:14:50,178 [INFO] 🔍 Buscando archivo para: '000000084296 Miss Circus Ringmaster' (normalizado: '000000084296_Miss_Circus_Ringmaster')
2026-08-18 11:14:50,178 [INFO]    📁 Carpeta: C:\Users\Dany\Desktop\Proyecto\output
2026-08-18 11:14:50,207 [INFO] ✅ Archivo CSV encontrado: PLANTILLA_000000084296_Miss_Circus_Ringmaster.csv
2026-08-18 11:14:50,231 [INFO] 📊 El archivo tiene 13 filas. Se esperaban 3.
2026-08-18 11:14:50,231 [WARNING] ⚠️ ADVERTENCIA: El número de insumos no coincide. Se subirá igual.
2026-08-18 11:14:50,252 [INFO] ✅ Archivo seleccionado en el campo.
2026-08-18 11:14:51,302 [INFO] ✅ Click en 'Enviar' realizado. Esperando procesamiento...
2026-08-18 11:14:58,697 [INFO] ✅ Modal de carga cerrado.
2026-08-18 11:37:45,487 [INFO] 🛑 Interrupción por usuario. Estado guardado.
2026-08-18 11:37:45,494 [WARNING] Retrying (Retry(total=2, connect=None, read=None, redirect=None, status=None)) after connection broken by 'ConnectionResetError(10054, 'Se ha forzado la interrupción de una conexión existente por el host remoto', None, 10054, None)': /session/4546b0c7cf5429c97d303d02d383f0a4
2026-08-18 12:17:50,898 [INFO] 🚀 Iniciando sistema automatizado de comercio exterior - VUCEM
2026-08-18 12:17:50,900 [INFO] Cargando proveedores desde BOM...
2026-08-18 12:17:51,924 [INFO] ✅ 3588 proveedores cargados.
2026-08-18 12:17:51,925 [INFO] Cargando insumos por modelo desde BOM (solo categorías al INICIO)...
2026-08-18 12:17:55,007 [INFO] ✅ 1614 modelos con insumos cargados.
2026-08-18 12:17:55,008 [INFO] Procesando archivo maestro (hoja '2026')...
2026-08-18 12:17:55,103 [INFO] ✅ Generado: PLANTILLA_000000024505_Assault_mask_7.csv (3 filas, 0 variables, col_G=3)
2026-08-18 12:17:55,106 [INFO] ✅ Generado: PLANTILLA_000000021292_Hockey_Killer_7.csv (5 filas, 2 variables, col_G=5)
2026-08-18 12:17:55,109 [INFO] ✅ Generado: PLANTILLA_000000022131_Apocalyptic_Mask_7.csv (3 filas, 0 variables, col_G=3)
2026-08-18 12:17:55,112 [INFO] ✅ Generado: PLANTILLA_000000021179_Brown_wolf_7.csv (3 filas, 0 variables, col_G=3)
2026-08-18 12:17:55,115 [INFO] ✅ Generado: PLANTILLA_000000021229_Brown_Dr._Peste_7.csv (5 filas, 2 variables, col_G=5)
2026-08-18 12:17:55,117 [INFO] ✅ Generado: PLANTILLA_000000021225_Crania_face_7.csv (5 filas, 2 variables, col_G=5)
2026-08-18 12:17:55,119 [INFO] ✅ Generado: PLANTILLA_000000021107_Jacko_7.csv (3 filas, 0 variables, col_G=3)
2026-08-18 12:17:55,121 [INFO] ✅ Generado: PLANTILLA_000000050122_Akasha_7.csv (4 filas, 1 variables, col_G=4)
2026-08-18 12:17:55,124 [INFO] ✅ Generado: PLANTILLA_000000050116_Alucard_7.csv (3 filas, 0 variables, col_G=3)
2026-08-18 12:17:55,126 [INFO] ✅ Generado: PLANTILLA_000000050118_Mr._Bones_Tan_7.csv (3 filas, 0 variables, col_G=3)
2026-08-18 12:17:55,129 [INFO] ✅ Generado: PLANTILLA_000000050117_Mr._Bones_7.csv (3 filas, 0 variables, col_G=3)
2026-08-18 12:17:55,132 [INFO] ✅ Generado: PLANTILLA_000000050120_Daffy_7.csv (4 filas, 1 variables, col_G=4)
2026-08-18 12:17:55,135 [INFO] ✅ Generado: PLANTILLA_000000050119_Soggy_7.csv (5 filas, 2 variables, col_G=5)
2026-08-18 12:17:55,140 [INFO] ✅ Generado: PLANTILLA_000000050121_Baba_Yaga_7.csv (3 filas, 0 variables, col_G=3)
2026-08-18 12:17:55,144 [INFO] ✅ Generado: PLANTILLA_000000350063__Rolan__Street_clown_7.csv (5 filas, 2 variables, col_G=5)
2026-08-18 12:17:55,149 [INFO] ✅ Generado: PLANTILLA_000000350064_Psychopathic_Clown_7.csv (7 filas, 4 variables, col_G=7)
2026-08-18 12:17:55,153 [INFO] ✅ Generado: PLANTILLA_000000350065_Rusty_the_Clown_7.csv (8 filas, 5 variables, col_G=8)
2026-08-18 12:17:55,156 [INFO] ✅ Generado: PLANTILLA_000000350061_Narmoga_7.csv (6 filas, 3 variables, col_G=6)
2026-08-18 12:17:55,158 [INFO] ✅ Generado: PLANTILLA_000000350062_Agnha_7.csv (7 filas, 4 variables, col_G=7)
2026-08-18 12:17:55,161 [INFO] ✅ Generado: PLANTILLA_000000350060_Nightstalker_7.csv (4 filas, 1 variables, col_G=4)
2026-08-18 12:17:55,166 [INFO] ✅ Generado: PLANTILLA_000000350059_Death_Walker_7.csv (4 filas, 1 variables, col_G=4)
2026-08-18 12:17:55,169 [INFO] ✅ Generado: PLANTILLA_000000030110_Night_Terror_7.csv (3 filas, 0 variables, col_G=3)
2026-08-18 12:17:55,173 [INFO] ✅ Generado: PLANTILLA_000000030111_Transplanted_7.csv (4 filas, 1 variables, col_G=4)
2026-08-18 12:17:55,177 [INFO] ✅ Generado: PLANTILLA_000000030109_Splitting_Headache_7.csv (3 filas, 0 variables, col_G=3)
2026-08-18 12:17:55,181 [INFO] ✅ Generado: PLANTILLA_000000030181_Camazotz_7.csv (3 filas, 0 variables, col_G=3)
2026-08-18 12:17:55,184 [INFO] ✅ Generado: PLANTILLA_000000030182_Silent_Death_7.csv (4 filas, 1 variables, col_G=4)
2026-08-18 12:17:55,187 [INFO] ✅ Generado: PLANTILLA_000000030180_Demon_Vampire_7.csv (3 filas, 0 variables, col_G=3)
2026-08-18 12:17:55,191 [INFO] ✅ Generado: PLANTILLA_000000030173_Pagliacci_7.csv (3 filas, 0 variables, col_G=3)
2026-08-18 12:17:55,193 [INFO] ✅ Generado: PLANTILLA_000000030116_Dusty_clown_7.csv (3 filas, 0 variables, col_G=3)
2026-08-18 12:17:55,196 [INFO] ✅ Generado: PLANTILLA_000000030166_Hellbell_clown_7.csv (6 filas, 3 variables, col_G=6)
2026-08-18 12:17:55,200 [INFO] ✅ Generado: PLANTILLA_000000030149_Fiery_clown_14.csv (3 filas, 0 variables, col_G=3)
2026-08-18 12:17:55,203 [INFO] ✅ Generado: PLANTILLA_000000030142_Sadistic_clown_7.csv (5 filas, 2 variables, col_G=5)
2026-08-18 12:17:55,208 [INFO] ✅ Generado: PLANTILLA_000000030100_Toothy_Clown_7.csv (6 filas, 3 variables, col_G=6)
2026-08-18 12:17:55,211 [INFO] ✅ Generado: PLANTILLA_000000030102_Creppy_Clown_smile_7.csv (5 filas, 2 variables, col_G=5)
2026-08-18 12:17:55,214 [INFO] ✅ Generado: PLANTILLA_000000030115_Fiendish_clown_7.csv (3 filas, 0 variables, col_G=3)
2026-08-18 12:17:55,218 [INFO] ✅ Generado: PLANTILLA_000000030117_Jezebel_7.csv (5 filas, 2 variables, col_G=5)
2026-08-18 12:17:55,220 [INFO] ✅ Generado: PLANTILLA_000000030118_Porky_the_clown_7.csv (8 filas, 5 variables, col_G=8)
2026-08-18 12:17:55,224 [INFO] ✅ Generado: PLANTILLA_000000030138_Burger´s_Clown_14.csv (4 filas, 1 variables, col_G=4)
2026-08-18 12:17:55,227 [INFO] ✅ Generado: PLANTILLA_000000030143_Zippy_7.csv (4 filas, 1 variables, col_G=4)
2026-08-18 12:17:55,230 [INFO] ✅ Generado: PLANTILLA_000000030122_Amuck_7.csv (4 filas, 1 variables, col_G=4)
2026-08-18 12:17:55,233 [INFO] ✅ Generado: PLANTILLA_000000030159_Upside_Grin_Clown_7.csv (3 filas, 0 variables, col_G=3)
2026-08-18 12:17:55,236 [INFO] ✅ Generado: PLANTILLA_000000030137_Thug_Clown_7.csv (4 filas, 1 variables, col_G=4)
2026-08-18 12:17:55,241 [INFO] ✅ Generado: PLANTILLA_000000030120_Crispy_7.csv (6 filas, 3 variables, col_G=6)
2026-08-18 12:17:55,244 [INFO] ✅ Generado: PLANTILLA_000000030134_Mad_Clown_Biker_7.csv (3 filas, 0 variables, col_G=3)
2026-08-18 12:17:55,248 [INFO] ✅ Generado: PLANTILLA_000000030167_Spawlown_7.csv (3 filas, 0 variables, col_G=3)
2026-08-18 12:17:55,250 [INFO] ✅ Generado: PLANTILLA_000000030121_Bumpy_7.csv (4 filas, 1 variables, col_G=4)
2026-08-18 12:17:55,253 [INFO] ✅ Generado: PLANTILLA_000000030153_Igor_7.csv (4 filas, 1 variables, col_G=4)
2026-08-18 12:17:55,255 [INFO] ✅ Generado: PLANTILLA_000000030145_Creepy_T.W._7.csv (4 filas, 1 variables, col_G=4)
2026-08-18 12:17:55,259 [INFO] ✅ Generado: PLANTILLA_000000030148_Creepy_P._7.csv (4 filas, 1 variables, col_G=4)
2026-08-18 12:17:55,261 [INFO] ✅ Generado: PLANTILLA_000000030146_Creepy_D._7.csv (4 filas, 1 variables, col_G=4)
2026-08-18 12:17:55,264 [INFO] ✅ Generado: PLANTILLA_000000030147_Creepy_L.L._7.csv (4 filas, 1 variables, col_G=4)
2026-08-18 12:17:55,268 [INFO] ✅ Generado: PLANTILLA_000000149113_Marinero_Creepy_7.csv (3 filas, 0 variables, col_G=3)
2026-08-18 12:17:55,272 [INFO] ✅ Generado: PLANTILLA_000000030131_Creepyboobu_7.csv (4 filas, 1 variables, col_G=4)
2026-08-18 12:17:55,277 [INFO] ✅ Generado: PLANTILLA_000000030151_Mothman_7.csv (5 filas, 2 variables, col_G=5)
2026-08-18 12:17:55,282 [INFO] ✅ Generado: PLANTILLA_000000030114_Creepy_Peter_7.csv (3 filas, 0 variables, col_G=3)
2026-08-18 12:17:55,285 [INFO] ✅ Generado: PLANTILLA_000000030174_Crazy_Auguste_7.csv (4 filas, 1 variables, col_G=4)
2026-08-18 12:17:55,290 [INFO] ✅ Generado: PLANTILLA_000000030176_Brickie_zombie_7.csv (3 filas, 0 variables, col_G=3)
2026-08-18 12:17:55,293 [INFO] ✅ Generado: PLANTILLA_000000030175_Killer_Identity_7.csv (3 filas, 0 variables, col_G=3)
2026-08-18 12:17:55,295 [INFO] ✅ Generado: PLANTILLA_000000030171_J_the_Slayer_7.csv (5 filas, 2 variables, col_G=5)
2026-08-18 12:17:55,299 [INFO] ✅ Generado: PLANTILLA_000000071542_Fleshless_mouth_7.csv (5 filas, 2 variables, col_G=5)
2026-08-18 12:17:55,303 [INFO] ✅ Generado: PLANTILLA_000000030177_Zombie_pilot_7.csv (4 filas, 1 variables, col_G=4)
2026-08-18 12:17:55,306 [INFO] ✅ Generado: PLANTILLA_000000030133_Chopper_Rider_7.csv (3 filas, 0 variables, col_G=3)
2026-08-18 12:17:55,310 [INFO] ✅ Generado: PLANTILLA_000000030178_The_lord_7.csv (3 filas, 0 variables, col_G=3)
2026-08-18 12:17:55,313 [INFO] ✅ Generado: PLANTILLA_000000030162_Big_Horns_Skull_7.csv (5 filas, 2 variables, col_G=5)
2026-08-18 12:17:55,317 [INFO] ✅ Generado: PLANTILLA_000000030161_Big_Horns_Skull_Neon_7.csv (6 filas, 3 variables, col_G=6)
2026-08-18 12:17:55,320 [INFO] ✅ Generado: PLANTILLA_000000030132_Patrol_Skull_7.csv (3 filas, 0 variables, col_G=3)
2026-08-18 12:17:55,323 [INFO] ✅ Generado: PLANTILLA_000000030160_Big_Horns_Devil_7.csv (5 filas, 2 variables, col_G=5)
2026-08-18 12:17:55,325 [INFO] ✅ Generado: PLANTILLA_000000030164_Malebranche_7.csv (4 filas, 1 variables, col_G=4)
2026-08-18 12:17:55,328 [INFO] ✅ Generado: PLANTILLA_000000030123_Possessed_nun_7.csv (7 filas, 4 variables, col_G=7)
2026-08-18 12:17:55,331 [INFO] ✅ Generado: PLANTILLA_000000030163_Big_Horns_alien_7.csv (5 filas, 2 variables, col_G=5)
2026-08-18 12:17:55,335 [INFO] ✅ Generado: PLANTILLA_000000072201_Alien_Creepy_7.csv (3 filas, 0 variables, col_G=3)
2026-08-18 12:17:55,338 [INFO] ✅ Generado: PLANTILLA_000000030152_Morak_7.csv (3 filas, 0 variables, col_G=3)
2026-08-18 12:17:55,343 [INFO] ✅ Generado: PLANTILLA_000000030158_Blind_Warden_7.csv (3 filas, 0 variables, col_G=3)
2026-08-18 12:17:55,347 [INFO] ✅ Generado: PLANTILLA_000000030179_Frankorned_7.csv (3 filas, 0 variables, col_G=3)
2026-08-18 12:17:55,353 [INFO] ✅ Generado: PLANTILLA_000000030168_Gorth_7.csv (5 filas, 2 variables, col_G=5)
2026-08-18 12:17:55,356 [INFO] ✅ Generado: PLANTILLA_000000030112_Old_Troll_7.csv (3 filas, 0 variables, col_G=3)
2026-08-18 12:17:55,358 [INFO] ✅ Generado: PLANTILLA_000000030113_Funny_Troll_7.csv (3 filas, 0 variables, col_G=3)
2026-08-18 12:17:55,361 [INFO] ✅ Generado: PLANTILLA_000000030144_Creepy_Voodoo_Master_7.csv (4 filas, 1 variables, col_G=4)
2026-08-18 12:17:55,364 [INFO] ✅ Generado: PLANTILLA_000000030150_Anciente_Priest_7.csv (3 filas, 0 variables, col_G=3)
2026-08-18 12:17:55,368 [INFO] ✅ Generado: PLANTILLA_000000030172_Voodoo_victim_7.csv (3 filas, 0 variables, col_G=3)
2026-08-18 12:17:55,371 [INFO] ✅ Generado: PLANTILLA_000000030165_Horned_Sorceress_7.csv (4 filas, 1 variables, col_G=4)
2026-08-18 12:17:55,375 [INFO] ✅ Generado: PLANTILLA_000000071535_Agatha_7.csv (6 filas, 3 variables, col_G=6)
2026-08-18 12:17:55,378 [INFO] ✅ Generado: PLANTILLA_000000027990_Staffs__Witch_7.csv (5 filas, 2 variables, col_G=5)
2026-08-18 12:17:55,381 [INFO] ✅ Generado: PLANTILLA_000000071544_Scar_wolf_7.csv (3 filas, 0 variables, col_G=3)
2026-08-18 12:17:55,384 [INFO] ✅ Generado: PLANTILLA_000000030139_Sack_Creature_7.csv (5 filas, 2 variables, col_G=5)
2026-08-18 12:17:55,387 [INFO] ✅ Generado: PLANTILLA_000000030124_Mangy_rat_7.csv (5 filas, 2 variables, col_G=5)
2026-08-18 12:17:55,390 [INFO] ✅ Generado: PLANTILLA_000000030125_Rabid_boar_7.csv (4 filas, 1 variables, col_G=4)
2026-08-18 12:17:55,392 [INFO] ✅ Generado: PLANTILLA_000000030127_Zombie_Cat_7.csv (5 filas, 2 variables, col_G=5)
2026-08-18 12:17:55,395 [INFO] ✅ Generado: PLANTILLA_000000030129_Zombie_Capybara_7.csv (3 filas, 0 variables, col_G=3)
2026-08-18 12:17:55,398 [INFO] ✅ Generado: PLANTILLA_000000030119_Rotten_Panda_7.csv (5 filas, 2 variables, col_G=5)
2026-08-18 12:17:55,401 [INFO] ✅ Generado: PLANTILLA_000000030169_Apenstein_7.csv (5 filas, 2 variables, col_G=5)
2026-08-18 12:17:55,404 [INFO] ✅ Generado: PLANTILLA_000000030170_Groaner_7.csv (3 filas, 0 variables, col_G=3)
2026-08-18 12:17:55,410 [INFO] ✅ Generado: PLANTILLA_000000030154_Evil_Nutcracker_7.csv (4 filas, 1 variables, col_G=4)
2026-08-18 12:17:55,415 [INFO] ✅ Generado: PLANTILLA_000000030155_Creepy_Happy_7.csv (6 filas, 3 variables, col_G=6)
2026-08-18 12:17:55,419 [INFO] ✅ Generado: PLANTILLA_000000030156_Creepy_Sad_7.csv (6 filas, 3 variables, col_G=6)
2026-08-18 12:17:55,422 [INFO] ✅ Generado: PLANTILLA_000000027985_Little_Abyss_7.csv (7 filas, 4 variables, col_G=7)
2026-08-18 12:17:55,424 [INFO] ✅ Generado: PLANTILLA_000000027984_Little_Ember_7.csv (7 filas, 4 variables, col_G=7)
2026-08-18 12:17:55,426 [INFO] ✅ Generado: PLANTILLA_000000027983_Little_Goo_7.csv (7 filas, 4 variables, col_G=7)
2026-08-18 12:17:55,430 [INFO] ✅ Generado: PLANTILLA_000000027982_Little_Greyson_7.csv (6 filas, 3 variables, col_G=6)
2026-08-18 12:17:55,433 [INFO] ✅ Generado: PLANTILLA_000000027981_Little_Fang_7.csv (7 filas, 4 variables, col_G=7)
2026-08-18 12:17:55,436 [INFO] ✅ Generado: PLANTILLA_000000027986_Little_Rotty_7.csv (6 filas, 3 variables, col_G=6)
2026-08-18 12:17:55,439 [INFO] ✅ Generado: PLANTILLA_000000027978_James_busted_7.csv (5 filas, 2 variables, col_G=5)
2026-08-18 12:17:55,444 [INFO] ✅ Generado: PLANTILLA_000000027979_Helen_Busted_7.csv (5 filas, 2 variables, col_G=5)
2026-08-18 12:17:55,447 [INFO] ✅ Generado: PLANTILLA_000000027980_William_Busted_7.csv (5 filas, 2 variables, col_G=5)
2026-08-18 12:17:55,450 [INFO] ✅ Generado: PLANTILLA_000000331008_Bloody_Curtains_7.csv (3 filas, 0 variables, col_G=3)
2026-08-18 12:17:55,452 [INFO] ✅ Generado: PLANTILLA_000000027994_Effigy_7.csv (3 filas, 0 variables, col_G=3)
2026-08-18 12:17:55,454 [INFO] ✅ Generado: PLANTILLA_000000027995_Pharaoh_7.csv (3 filas, 0 variables, col_G=3)
2026-08-18 12:17:55,456 [INFO] ✅ Generado: PLANTILLA_000000027991_Carnivorous_plant_garden_decor_7.csv (6 filas, 3 variables, col_G=6)
2026-08-18 12:17:55,458 [INFO] ✅ Generado: PLANTILLA_000000027992_Gnome_garden_decor_7.csv (3 filas, 0 variables, col_G=3)
2026-08-18 12:17:55,461 [INFO] ✅ Generado: PLANTILLA_000000028212_Earth_Dragon_Puppet_7.csv (3 filas, 0 variables, col_G=3)
2026-08-18 12:17:55,464 [INFO] ✅ Generado: PLANTILLA_000000028213_Fire_Dragon_Puppet_7.csv (3 filas, 0 variables, col_G=3)
2026-08-18 12:17:55,468 [INFO] ✅ Generado: PLANTILLA_000000028211_Demon_Puppet_7.csv (3 filas, 0 variables, col_G=3)
2026-08-18 12:17:55,474 [INFO] ✅ Generado: PLANTILLA_000000028214_Goat_Puppet_7.csv (3 filas, 0 variables, col_G=3)
2026-08-18 12:17:55,483 [INFO] ✅ Generado: PLANTILLA_000000028210_Gargoyle_Puppet_7.csv (3 filas, 0 variables, col_G=3)
2026-08-18 12:17:55,487 [INFO] ✅ Generado: PLANTILLA_000000028215_Wacky_Clown_Puppet_7.csv (3 filas, 0 variables, col_G=3)
2026-08-18 12:17:55,492 [INFO] ✅ Generado: PLANTILLA_000000028122_Hobby_Zombie_Unicorn_Stick_7.csv (7 filas, 4 variables, col_G=7)
2026-08-18 12:17:55,495 [INFO] ✅ Generado: PLANTILLA_000000028123_Hobby_Zombie_Horse_Stick_7.csv (7 filas, 4 variables, col_G=7)
2026-08-18 12:17:55,501 [INFO] ✅ Generado: PLANTILLA_000000027976_Chocolate_Gigi_14.csv (5 filas, 2 variables, col_G=5)
2026-08-18 12:17:55,505 [INFO] ✅ Generado: PLANTILLA_000000027970_Blady_7.csv (5 filas, 2 variables, col_G=5)
2026-08-18 12:17:55,509 [INFO] ✅ Generado: PLANTILLA_000000027966_Possessed_Elf_7.csv (5 filas, 2 variables, col_G=5)
2026-08-18 12:17:55,512 [INFO] ✅ Generado: PLANTILLA_000000027967_Mini_Troll_7.csv (6 filas, 3 variables, col_G=6)
2026-08-18 12:17:55,515 [INFO] ✅ Generado: PLANTILLA_000000027974_Centipede_7.csv (5 filas, 2 variables, col_G=5)
2026-08-18 12:17:55,519 [INFO] ✅ Generado: PLANTILLA_000000027977_Fangsy_14.csv (5 filas, 2 variables, col_G=5)
2026-08-18 12:17:55,521 [INFO] ✅ Generado: PLANTILLA_000000027971_Punky_7.csv (5 filas, 2 variables, col_G=5)
2026-08-18 12:17:55,524 [INFO] ✅ Generado: PLANTILLA_000000027972_Lil´Horns_7.csv (5 filas, 2 variables, col_G=5)
2026-08-18 12:17:55,526 [INFO] ✅ Generado: PLANTILLA_000000027973_BoohBlue_7.csv (5 filas, 2 variables, col_G=5)
2026-08-18 12:17:55,529 [INFO] ✅ Generado: PLANTILLA_000000668651_Midsummer_Horror_Clown_7.csv (5 filas, 2 variables, col_G=5)
2026-08-18 12:17:55,532 [INFO] ✅ Generado: PLANTILLA_000000028120_Liging_Severed_Hand_7.csv (6 filas, 3 variables, col_G=6)
2026-08-18 12:17:55,535 [INFO] ✅ Generado: PLANTILLA_000000028121_Living_Severed_Hand_2_7.csv (6 filas, 3 variables, col_G=6)
2026-08-18 12:17:55,539 [INFO] ✅ Generado: PLANTILLA_000000084812_Serial_Killer_Apron_7.csv (7 filas, 4 variables, col_G=7)
2026-08-18 12:17:55,543 [INFO] ✅ Generado: PLANTILLA_000000084811_Forrest_Killer_Apron_7.csv (6 filas, 3 variables, col_G=6)
2026-08-18 12:17:55,546 [INFO] ✅ Generado: PLANTILLA_000000084810_Butcher_Killer_Apron_7.csv (7 filas, 4 variables, col_G=7)
2026-08-18 12:17:55,549 [INFO] ✅ Generado: PLANTILLA_000000084285_Lord_jester_7.csv (13 filas, 10 variables, col_G=13)
2026-08-18 12:17:55,553 [INFO] ✅ Generado: PLANTILLA_000000084286_Lord_jester_7.csv (14 filas, 11 variables, col_G=14)
2026-08-18 12:17:55,555 [INFO] ✅ Generado: PLANTILLA_000000084287_Lord_jester_7.csv (14 filas, 11 variables, col_G=14)
2026-08-18 12:17:55,557 [INFO] ✅ Generado: PLANTILLA_000000084280_Lady_Harlequin_7.csv (14 filas, 11 variables, col_G=14)
2026-08-18 12:17:55,560 [INFO] ✅ Generado: PLANTILLA_000000084281_Lady_Harlequin_7.csv (14 filas, 11 variables, col_G=14)
2026-08-18 12:17:55,564 [INFO] ✅ Generado: PLANTILLA_000000084282_Lady_Harlequin_7.csv (14 filas, 11 variables, col_G=14)
2026-08-18 12:17:55,569 [INFO] ✅ Generado: PLANTILLA_000000084295_Miss_Circus_Ringmaster_7.csv (13 filas, 10 variables, col_G=13)
2026-08-18 12:17:55,572 [INFO] ✅ Generado: PLANTILLA_000000084296_Miss_Circus_Ringmaster_7.csv (13 filas, 10 variables, col_G=13)
2026-08-18 12:17:55,576 [INFO] ✅ Generado: PLANTILLA_000000084297_Miss_Circus_Ringmaster_7.csv (13 filas, 10 variables, col_G=13)
2026-08-18 12:17:55,580 [INFO] ✅ Generado: PLANTILLA_000000084840_Spooky_Pumpkin_Scarecrow_7.csv (8 filas, 5 variables, col_G=8)
2026-08-18 12:17:55,584 [INFO] ✅ Generado: PLANTILLA_000000084841_Spooky_Pumpkin_Scarecrow_7.csv (8 filas, 5 variables, col_G=8)
2026-08-18 12:17:55,587 [INFO] ✅ Generado: PLANTILLA_000000084842_Spooky_Pumpkin_Scarecrow_7.csv (8 filas, 5 variables, col_G=8)
2026-08-18 12:17:55,589 [INFO] ✅ Generado: PLANTILLA_000000084835_Mont´s_Glowing_Clown_7.csv (13 filas, 10 variables, col_G=13)
2026-08-18 12:17:55,592 [INFO] ✅ Generado: PLANTILLA_000000084836_Mont´s_Glowing_Clown_7.csv (13 filas, 10 variables, col_G=13)
2026-08-18 12:17:55,594 [INFO] ✅ Generado: PLANTILLA_000000084837_Mont´s_Glowing_Clown_7.csv (13 filas, 10 variables, col_G=13)
2026-08-18 12:17:55,597 [INFO] ✅ Generado: PLANTILLA_000000084826_Kramper_Cape_7.csv (13 filas, 10 variables, col_G=13)
2026-08-18 12:17:55,601 [INFO] ✅ Generado: PLANTILLA_000000084822_Christmas_Grumpy_Monster_7.csv (15 filas, 12 variables, col_G=15)
2026-08-18 12:17:55,604 [INFO] ✅ Generado: PLANTILLA_000000084855_Grumpy_Monster_7.csv (11 filas, 8 variables, col_G=11)
2026-08-18 12:17:55,609 [INFO] ✅ Generado: PLANTILLA_000000084825_Sasquatch_Costume_7.csv (11 filas, 8 variables, col_G=11)
2026-08-18 12:17:55,616 [INFO] ✅ Generado: PLANTILLA_000000027898_Rotten_Sandwich_7.csv (3 filas, 0 variables, col_G=3)
2026-08-18 12:17:55,622 [INFO] ✅ Generado: PLANTILLA_000000027895_Disgusting_Hot_Dog_7.csv (3 filas, 0 variables, col_G=3)
2026-08-18 12:17:55,625 [INFO] ✅ Generado: PLANTILLA_000000027916_Nasty_Chinese_Food_7.csv (3 filas, 0 variables, col_G=3)
2026-08-18 12:17:55,629 [INFO] ✅ Generado: PLANTILLA_000000030149_Fiery_clown_15.csv (3 filas, 0 variables, col_G=3)
2026-08-18 12:17:55,633 [INFO] ✅ Generado: PLANTILLA_000000030138_Burger´s_Clown_15.csv (4 filas, 1 variables, col_G=4)
2026-08-18 12:17:55,637 [INFO] ✅ Generado: PLANTILLA_000000149113__Marinero_Creepy_7.csv (3 filas, 0 variables, col_G=3)
2026-08-18 12:17:55,642 [INFO] ✅ Generado: PLANTILLA_000000027976_Chocolate_Gigi_15.csv (5 filas, 2 variables, col_G=5)
2026-08-18 12:17:55,649 [INFO] ✅ Generado: PLANTILLA_000000027977_Fangsy_15.csv (5 filas, 2 variables, col_G=5)
2026-08-18 12:17:55,653 [INFO] ✅ Generado: PLANTILLA_000000030101_Jester_Clown_7.csv (6 filas, 3 variables, col_G=6)
2026-08-18 12:17:55,657 [INFO] ✅ Generado: PLANTILLA_000000030103_Clown_Smiles_7.csv (6 filas, 3 variables, col_G=6)
2026-08-18 12:17:55,660 [INFO] ✅ Generado: PLANTILLA_000000030141_Eyeball_Mask_7.csv (4 filas, 1 variables, col_G=4)
2026-08-18 12:17:55,664 [INFO] ✅ Generado: PLANTILLA_000000030135_Bram_7.csv (3 filas, 0 variables, col_G=3)
2026-08-18 12:17:55,667 [INFO] ✅ Generado: PLANTILLA_000000030136_Lilith_7.csv (5 filas, 2 variables, col_G=5)
2026-08-18 12:17:55,670 [INFO] ✅ Generado: PLANTILLA_000000030157_Ghoulish_Man_7.csv (4 filas, 1 variables, col_G=4)
2026-08-18 12:17:55,673 [INFO] ✅ Generado: PLANTILLA_000000030023_Possessed_samurai_7.csv (4 filas, 1 variables, col_G=4)
2026-08-18 12:17:55,675 [INFO] ✅ Generado: PLANTILLA_000000072202_Alien_Monster_7.csv (3 filas, 0 variables, col_G=3)
2026-08-18 12:17:55,679 [INFO] ✅ Generado: PLANTILLA_000000030009_Cosmic_king_7.csv (3 filas, 0 variables, col_G=3)
2026-08-18 12:17:55,684 [INFO] ✅ Generado: PLANTILLA_000000030128_Zombie_Pug_7.csv (3 filas, 0 variables, col_G=3)
2026-08-18 12:17:55,688 [INFO] ✅ Generado: PLANTILLA_000000027975_Sugar_Kiky_7.csv (5 filas, 2 variables, col_G=5)
2026-08-18 12:17:55,693 [INFO] ✅ Generado: PLANTILLA_000000027968_Nightshade_7.csv (5 filas, 2 variables, col_G=5)
2026-08-18 12:17:55,698 [INFO] ✅ Generado: PLANTILLA_000000027969_Snowbelle_7.csv (5 filas, 2 variables, col_G=5)
2026-08-18 12:17:55,702 [INFO] ✅ Generado: PLANTILLA_000000025838_Alien_Flesh_7.csv (4 filas, 1 variables, col_G=4)
2026-08-18 12:17:55,707 [INFO] ✅ Generado: PLANTILLA_000000030130_Sir_Thomas_7.csv (3 filas, 0 variables, col_G=3)
2026-08-18 12:17:55,709 [INFO] ✅ Generado: PLANTILLA_000000027993_Staffs__Witch_Green_7.csv (5 filas, 2 variables, col_G=5)
2026-08-18 12:17:55,713 [INFO] ✅ Generado: PLANTILLA_000000027797_Waxed_skull_7.csv (3 filas, 0 variables, col_G=3)
2026-08-18 12:17:55,716 [INFO] ✅ Generado: PLANTILLA_000200350005__Cthulu_Mug_7.csv (3 filas, 0 variables, col_G=3)
2026-08-18 12:17:55,719 [INFO] ✅ Generado: PLANTILLA_000200350007__Alien_Mug_7.csv (3 filas, 0 variables, col_G=3)
2026-08-18 12:17:55,721 [INFO] ✅ Generado: PLANTILLA_000200350003__Franky_Mug_7.csv (3 filas, 0 variables, col_G=3)
2026-08-18 12:17:55,723 [INFO] ✅ Generado: PLANTILLA_0000000335101_Skull_Wall_Panels_7.csv (3 filas, 0 variables, col_G=3)
2026-08-18 12:17:55,726 [INFO] ✅ Generado: PLANTILLA_000000027902_Pale_skin_bag_7.csv (4 filas, 1 variables, col_G=4)
2026-08-18 12:17:55,730 [INFO] ✅ Generado: PLANTILLA_000000027936_Finger_Keychain_7.csv (5 filas, 2 variables, col_G=5)
2026-08-18 12:17:55,735 [INFO] ✅ Generado: PLANTILLA_000000027937_Tongue_Keychain_7.csv (5 filas, 2 variables, col_G=5)
2026-08-18 12:17:55,738 [INFO] ✅ Generado: PLANTILLA_000000027938_Eye_Keychain_7.csv (5 filas, 2 variables, col_G=5)
2026-08-18 12:17:55,745 [INFO] ✅ Generado: PLANTILLA_000000027935_Nose_Keychain_7.csv (5 filas, 2 variables, col_G=5)
2026-08-18 12:17:55,750 [INFO] ✅ Generado: PLANTILLA_000000027939_Ear_Keychain_7.csv (5 filas, 2 variables, col_G=5)
2026-08-18 12:17:55,754 [INFO] ✅ Generado: PLANTILLA_000000029011_Yeti_Mega_Costume_7.csv (10 filas, 7 variables, col_G=10)
2026-08-18 12:17:55,755 [INFO] 
📊 Resumen final:
2026-08-18 12:17:55,757 [INFO]    ✅ Plantillas generadas: 187
2026-08-18 12:17:55,757 [INFO]    ⏭️ Omitidas (sin precio): 0
2026-08-18 12:17:55,758 [INFO]    ❌ Errores (inconsistencia de filas): 0
2026-08-18 12:17:55,758 [INFO]    📁 Carpeta: 'C:\Users\Dany\Desktop\Proyecto\output'
2026-08-18 12:17:55,758 [WARNING] ⚠️ Modelo duplicado detectado: 000000030149 Fiery clown - se elimina la segunda ocurrencia.
2026-08-18 12:17:55,759 [WARNING] ⚠️ Modelo duplicado detectado: 000000030138 Burger´s Clown - se elimina la segunda ocurrencia.
2026-08-18 12:17:55,759 [WARNING] ⚠️ Modelo duplicado detectado: 000000027976 Chocolate Gigi - se elimina la segunda ocurrencia.
2026-08-18 12:17:55,759 [WARNING] ⚠️ Modelo duplicado detectado: 000000027977 Fangsy - se elimina la segunda ocurrencia.
2026-08-18 12:17:55,759 [INFO] 🧹 Desduplicación: 187 → 183 modelos únicos.
2026-08-18 12:17:55,760 [INFO] 📦 183 modelos listos para el bot.
2026-08-18 12:17:55,760 [INFO] 📂 Estado cargado: 5 modelos ya procesados.
2026-08-18 12:17:55,761 [INFO] ⏭️ 5 modelos ya procesados o en fallos. Saltando.
2026-08-18 12:17:55,761 [INFO] 📦 178 modelos pendientes de 183 totales.
2026-08-18 12:17:58,242 [INFO] ✅ WebDriver inicializado.
2026-08-18 12:17:58,243 [INFO] 🌐 Navegando a la página de login de VUCEM...
2026-08-18 12:18:29,826 [INFO] ✅ Login verificado.
2026-08-18 12:18:29,827 [INFO] 🧭 Iniciando navegación real al formulario...
2026-08-18 12:18:30,205 [INFO] ✅ Click en 'Solicitudes nuevas'
2026-08-18 12:18:32,267 [INFO] ✅ Click en Secretaría de Economía
2026-08-18 12:18:35,963 [INFO] ✅ Click en trámite 110101 con selector: ('xpath', "//a[contains(@onclick,'110101')]")
2026-08-18 12:18:35,965 [INFO] 🔄 Configurando tratados...
2026-08-18 12:18:36,389 [INFO] ✅ Pestaña 'Tratados'
2026-08-18 12:18:36,572 [INFO] ✅ Unión Europea seleccionada
2026-08-18 12:18:36,835 [INFO] ✅ TLCUEM seleccionado
2026-08-18 12:18:36,990 [INFO] ✅ Criterio B seleccionado
2026-08-18 12:18:37,132 [INFO] ✅ Tratado agregado
2026-08-18 12:18:39,133 [INFO] ✅ Tratados configurados correctamente.
2026-08-18 12:18:39,790 [INFO] ✅ Pestaña 'Datos de la mercancía'
2026-08-18 12:18:39,805 [INFO] ✅ Navegación completada. Formulario listo.
2026-08-18 12:18:39,805 [INFO] ⏭️ 5 modelos ya procesados o en fallos. Saltando.
2026-08-18 12:19:05,646 [INFO] 📤 Procesando modelo 000000084296 Miss Circus Ringmaster
2026-08-18 12:19:05,656 [INFO] Esperando campo 'Nombre comercial'...
2026-08-18 12:19:15,244 [INFO] ✅ Texto leído: '000000084296 Miss Circus Ringmaster'
2026-08-18 12:19:15,437 [INFO] ✅ Excel: Fracción=62101001, Precio=102, Insumos=3
2026-08-18 12:19:15,667 [INFO] 🔍 Usando código del Excel: 000000084296 Miss Circus Ringmaster
2026-08-18 12:19:16,735 [INFO] 🔍 Buscando archivo para: '000000084296 Miss Circus Ringmaster' (normalizado: '000000084296_Miss_Circus_Ringmaster')
2026-08-18 12:19:16,736 [INFO]    📁 Carpeta: C:\Users\Dany\Desktop\Proyecto\output
2026-08-18 12:19:16,771 [INFO] ✅ Archivo CSV encontrado: PLANTILLA_000000084296_Miss_Circus_Ringmaster.csv
2026-08-18 12:19:16,776 [INFO] 📊 El archivo tiene 13 filas. Se esperaban 3.
2026-08-18 12:19:16,776 [WARNING] ⚠️ ADVERTENCIA: El número de insumos no coincide. Se subirá igual.
2026-08-18 12:19:16,802 [INFO] ✅ Archivo seleccionado en el campo.
2026-08-18 12:19:17,849 [INFO] ✅ Click en 'Enviar' realizado. Esperando procesamiento...
2026-08-18 12:19:22,876 [INFO] ✅ Modal de carga cerrado.
2026-08-18 12:26:49,564 [INFO] 🛑 Interrupción por usuario. Estado guardado.
2026-08-18 12:26:49,567 [WARNING] Retrying (Retry(total=2, connect=None, read=None, redirect=None, status=None)) after connection broken by 'ConnectionResetError(10054, 'Se ha forzado la interrupción de una conexión existente por el host remoto', None, 10054, None)': /session/5a3ba8b89de9473f7f081a4996fa2a79
2026-08-18 12:26:53,660 [WARNING] Retrying (Retry(total=1, connect=None, read=None, redirect=None, status=None)) after connection broken by 'NewConnectionError("HTTPConnection(host='localhost', port=52289): Failed to establish a new connection: [WinError 10061] No se puede establecer una conexión ya que el equipo de destino denegó expresamente dicha conexión")': /session/5a3ba8b89de9473f7f081a4996fa2a79
2026-08-18 12:41:11,815 [INFO] 🚀 Iniciando sistema automatizado de comercio exterior - VUCEM
2026-08-18 12:41:11,817 [INFO] Cargando proveedores desde BOM...
2026-08-18 12:41:12,689 [INFO] ✅ 3588 proveedores cargados.
2026-08-18 12:41:12,689 [INFO] Cargando insumos por modelo desde BOM (solo categorías al INICIO)...
2026-08-18 12:41:15,340 [INFO] ✅ 1614 modelos con insumos cargados.
2026-08-18 12:41:15,340 [INFO] Procesando archivo maestro (hoja '2026')...
2026-08-18 12:41:15,424 [INFO] ✅ Generado: PLANTILLA_000000024505_Assault_mask_8.csv (3 filas, col_G=3, fracción=95059099)
2026-08-18 12:41:15,427 [INFO] ✅ Generado: PLANTILLA_000000021292_Hockey_Killer_8.csv (5 filas, col_G=5, fracción=95059099)
2026-08-18 12:41:15,429 [INFO] ✅ Generado: PLANTILLA_000000022131_Apocalyptic_Mask_8.csv (3 filas, col_G=3, fracción=95059099)
2026-08-18 12:41:15,432 [INFO] ✅ Generado: PLANTILLA_000000021179_Brown_wolf_8.csv (3 filas, col_G=3, fracción=95059099)
2026-08-18 12:41:15,434 [INFO] ✅ Generado: PLANTILLA_000000021229_Brown_Dr._Peste_8.csv (5 filas, col_G=5, fracción=95059099)
2026-08-18 12:41:15,436 [INFO] ✅ Generado: PLANTILLA_000000021225_Crania_face_8.csv (5 filas, col_G=5, fracción=95059099)
2026-08-18 12:41:15,438 [INFO] ✅ Generado: PLANTILLA_000000021107_Jacko_8.csv (3 filas, col_G=3, fracción=95059099)
2026-08-18 12:41:15,440 [INFO] ✅ Generado: PLANTILLA_000000050122_Akasha_8.csv (4 filas, col_G=4, fracción=95059099)
2026-08-18 12:41:15,441 [INFO] ✅ Generado: PLANTILLA_000000050116_Alucard_8.csv (3 filas, col_G=3, fracción=95059099)
2026-08-18 12:41:15,443 [INFO] ✅ Generado: PLANTILLA_000000050118_Mr._Bones_Tan_8.csv (3 filas, col_G=3, fracción=95059099)
2026-08-18 12:41:15,445 [INFO] ✅ Generado: PLANTILLA_000000050117_Mr._Bones_8.csv (3 filas, col_G=3, fracción=95059099)
2026-08-18 12:41:15,446 [INFO] ✅ Generado: PLANTILLA_000000050120_Daffy_8.csv (4 filas, col_G=4, fracción=95059099)
2026-08-18 12:41:15,450 [INFO] ✅ Generado: PLANTILLA_000000050119_Soggy_8.csv (5 filas, col_G=5, fracción=95059099)
2026-08-18 12:41:15,453 [INFO] ✅ Generado: PLANTILLA_000000050121_Baba_Yaga_8.csv (3 filas, col_G=3, fracción=95059099)
2026-08-18 12:41:15,456 [INFO] ✅ Generado: PLANTILLA_000000350063__Rolan__Street_clown_8.csv (5 filas, col_G=5, fracción=95059099)
2026-08-18 12:41:15,457 [ERROR] ❌ 000000350064 Psychopathic Clown: inconsistencia: 7 filas vs col_G=6. No se generará.
2026-08-18 12:41:15,458 [ERROR] ❌ 000000350065 Rusty the Clown: inconsistencia: 8 filas vs col_G=5. No se generará.
2026-08-18 12:41:15,461 [INFO] ✅ Generado: PLANTILLA_000000350061_Narmoga_8.csv (6 filas, col_G=6, fracción=95059099)
2026-08-18 12:41:15,463 [INFO] ✅ Generado: PLANTILLA_000000350062_Agnha_8.csv (7 filas, col_G=7, fracción=95059099)
2026-08-18 12:41:15,466 [INFO] ✅ Generado: PLANTILLA_000000350060_Nightstalker_8.csv (4 filas, col_G=4, fracción=95059099)
2026-08-18 12:41:15,469 [INFO] ✅ Generado: PLANTILLA_000000350059_Death_Walker_8.csv (4 filas, col_G=4, fracción=95059099)
2026-08-18 12:41:15,471 [INFO] ✅ Generado: PLANTILLA_000000030110_Night_Terror_8.csv (3 filas, col_G=3, fracción=95059099)
2026-08-18 12:41:15,473 [INFO] ✅ Generado: PLANTILLA_000000030111_Transplanted_8.csv (4 filas, col_G=4, fracción=95059099)
2026-08-18 12:41:15,475 [INFO] ✅ Generado: PLANTILLA_000000030109_Splitting_Headache_8.csv (3 filas, col_G=3, fracción=95059099)
2026-08-18 12:41:15,476 [INFO] ✅ Generado: PLANTILLA_000000030181_Camazotz_8.csv (3 filas, col_G=3, fracción=95059099)
2026-08-18 12:41:15,478 [INFO] ✅ Generado: PLANTILLA_000000030182_Silent_Death_8.csv (4 filas, col_G=4, fracción=95059099)
2026-08-18 12:41:15,481 [INFO] ✅ Generado: PLANTILLA_000000030180_Demon_Vampire_8.csv (3 filas, col_G=3, fracción=95059099)
2026-08-18 12:41:15,484 [INFO] ✅ Generado: PLANTILLA_000000030173_Pagliacci_8.csv (3 filas, col_G=3, fracción=95059099)
2026-08-18 12:41:15,486 [INFO] ✅ Generado: PLANTILLA_000000030116_Dusty_clown_8.csv (3 filas, col_G=3, fracción=95059099)
2026-08-18 12:41:15,487 [INFO] ✅ Generado: PLANTILLA_000000030166_Hellbell_clown_8.csv (6 filas, col_G=6, fracción=95059099)
2026-08-18 12:41:15,490 [INFO] ✅ Generado: PLANTILLA_000000030149_Fiery_clown_16.csv (3 filas, col_G=3, fracción=95059099)
2026-08-18 12:41:15,492 [INFO] ✅ Generado: PLANTILLA_000000030142_Sadistic_clown_8.csv (5 filas, col_G=5, fracción=95059099)
2026-08-18 12:41:15,494 [INFO] ✅ Generado: PLANTILLA_000000030100_Toothy_Clown_8.csv (6 filas, col_G=6, fracción=95059099)
2026-08-18 12:41:15,507 [INFO] ✅ Generado: PLANTILLA_000000030102_Creppy_Clown_smile_8.csv (5 filas, col_G=5, fracción=95059099)
2026-08-18 12:41:15,509 [INFO] ✅ Generado: PLANTILLA_000000030115_Fiendish_clown_8.csv (3 filas, col_G=3, fracción=95059099)
2026-08-18 12:41:15,512 [INFO] ✅ Generado: PLANTILLA_000000030117_Jezebel_8.csv (5 filas, col_G=5, fracción=95059099)
2026-08-18 12:41:15,512 [ERROR] ❌ 000000030118 Porky the clown: inconsistencia: 8 filas vs col_G=7. No se generará.
2026-08-18 12:41:15,516 [INFO] ✅ Generado: PLANTILLA_000000030138_Burger´s_Clown_16.csv (4 filas, col_G=4, fracción=95059099)
2026-08-18 12:41:15,519 [INFO] ✅ Generado: PLANTILLA_000000030143_Zippy_8.csv (4 filas, col_G=4, fracción=95059099)
2026-08-18 12:41:15,521 [INFO] ✅ Generado: PLANTILLA_000000030122_Amuck_8.csv (4 filas, col_G=4, fracción=95059099)
2026-08-18 12:41:15,523 [INFO] ✅ Generado: PLANTILLA_000000030159_Upside_Grin_Clown_8.csv (3 filas, col_G=3, fracción=95059099)
2026-08-18 12:41:15,525 [INFO] ✅ Generado: PLANTILLA_000000030137_Thug_Clown_8.csv (4 filas, col_G=4, fracción=95059099)
2026-08-18 12:41:15,525 [ERROR] ❌ 000000030120 Crispy: inconsistencia: 6 filas vs col_G=5. No se generará.
2026-08-18 12:41:15,528 [INFO] ✅ Generado: PLANTILLA_000000030134_Mad_Clown_Biker_8.csv (3 filas, col_G=3, fracción=95059099)
2026-08-18 12:41:15,530 [INFO] ✅ Generado: PLANTILLA_000000030167_Spawlown_8.csv (3 filas, col_G=3, fracción=95059099)
2026-08-18 12:41:15,533 [INFO] ✅ Generado: PLANTILLA_000000030121_Bumpy_8.csv (4 filas, col_G=4, fracción=95059099)
2026-08-18 12:41:15,536 [INFO] ✅ Generado: PLANTILLA_000000030153_Igor_8.csv (4 filas, col_G=4, fracción=95059099)
2026-08-18 12:41:15,538 [INFO] ✅ Generado: PLANTILLA_000000030145_Creepy_T.W._8.csv (4 filas, col_G=4, fracción=95059099)
2026-08-18 12:41:15,542 [INFO] ✅ Generado: PLANTILLA_000000030148_Creepy_P._8.csv (4 filas, col_G=4, fracción=95059099)
2026-08-18 12:41:15,545 [INFO] ✅ Generado: PLANTILLA_000000030146_Creepy_D._8.csv (4 filas, col_G=4, fracción=95059099)
2026-08-18 12:41:15,547 [INFO] ✅ Generado: PLANTILLA_000000030147_Creepy_L.L._8.csv (4 filas, col_G=4, fracción=95059099)
2026-08-18 12:41:15,550 [INFO] ✅ Generado: PLANTILLA_000000149113_Marinero_Creepy_8.csv (3 filas, col_G=3, fracción=95059099)
2026-08-18 12:41:15,553 [INFO] ✅ Generado: PLANTILLA_000000030131_Creepyboobu_8.csv (4 filas, col_G=4, fracción=95059099)
2026-08-18 12:41:15,555 [INFO] ✅ Generado: PLANTILLA_000000030151_Mothman_8.csv (5 filas, col_G=5, fracción=95059099)
2026-08-18 12:41:15,557 [INFO] ✅ Generado: PLANTILLA_000000030114_Creepy_Peter_8.csv (3 filas, col_G=3, fracción=95059099)
2026-08-18 12:41:15,559 [INFO] ✅ Generado: PLANTILLA_000000030174_Crazy_Auguste_8.csv (4 filas, col_G=4, fracción=95059099)
2026-08-18 12:41:15,561 [INFO] ✅ Generado: PLANTILLA_000000030176_Brickie_zombie_8.csv (3 filas, col_G=3, fracción=95059099)
2026-08-18 12:41:15,563 [INFO] ✅ Generado: PLANTILLA_000000030175_Killer_Identity_8.csv (3 filas, col_G=3, fracción=95059099)
2026-08-18 12:41:15,566 [INFO] ✅ Generado: PLANTILLA_000000030171_J_the_Slayer_8.csv (5 filas, col_G=5, fracción=95059099)
2026-08-18 12:41:15,568 [INFO] ✅ Generado: PLANTILLA_000000071542_Fleshless_mouth_8.csv (5 filas, col_G=5, fracción=95059099)
2026-08-18 12:41:15,571 [INFO] ✅ Generado: PLANTILLA_000000030177_Zombie_pilot_8.csv (4 filas, col_G=4, fracción=95059099)
2026-08-18 12:41:15,575 [INFO] ✅ Generado: PLANTILLA_000000030133_Chopper_Rider_8.csv (3 filas, col_G=3, fracción=95059099)
2026-08-18 12:41:15,577 [INFO] ✅ Generado: PLANTILLA_000000030178_The_lord_8.csv (3 filas, col_G=3, fracción=95059099)
2026-08-18 12:41:15,580 [INFO] ✅ Generado: PLANTILLA_000000030162_Big_Horns_Skull_8.csv (5 filas, col_G=5, fracción=95059099)
2026-08-18 12:41:15,582 [INFO] ✅ Generado: PLANTILLA_000000030161_Big_Horns_Skull_Neon_8.csv (6 filas, col_G=6, fracción=95059099)
2026-08-18 12:41:15,585 [INFO] ✅ Generado: PLANTILLA_000000030132_Patrol_Skull_8.csv (3 filas, col_G=3, fracción=95059099)
2026-08-18 12:41:15,587 [INFO] ✅ Generado: PLANTILLA_000000030160_Big_Horns_Devil_8.csv (5 filas, col_G=5, fracción=95059099)
2026-08-18 12:41:15,590 [INFO] ✅ Generado: PLANTILLA_000000030164_Malebranche_8.csv (4 filas, col_G=4, fracción=95059099)
2026-08-18 12:41:15,590 [ERROR] ❌ 000000030123 Possessed nun: inconsistencia: 7 filas vs col_G=5. No se generará.
2026-08-18 12:41:15,592 [INFO] ✅ Generado: PLANTILLA_000000030163_Big_Horns_alien_8.csv (5 filas, col_G=5, fracción=95059099)
2026-08-18 12:41:15,594 [INFO] ✅ Generado: PLANTILLA_000000072201_Alien_Creepy_8.csv (3 filas, col_G=3, fracción=95059099)
2026-08-18 12:41:15,596 [INFO] ✅ Generado: PLANTILLA_000000030152_Morak_8.csv (3 filas, col_G=3, fracción=95059099)
2026-08-18 12:41:15,598 [INFO] ✅ Generado: PLANTILLA_000000030158_Blind_Warden_8.csv (3 filas, col_G=3, fracción=95059099)
2026-08-18 12:41:15,601 [INFO] ✅ Generado: PLANTILLA_000000030179_Frankorned_8.csv (3 filas, col_G=3, fracción=95059099)
2026-08-18 12:41:15,603 [INFO] ✅ Generado: PLANTILLA_000000030168_Gorth_8.csv (5 filas, col_G=5, fracción=95059099)
2026-08-18 12:41:15,607 [INFO] ✅ Generado: PLANTILLA_000000030112_Old_Troll_8.csv (3 filas, col_G=3, fracción=95059099)
2026-08-18 12:41:15,610 [INFO] ✅ Generado: PLANTILLA_000000030113_Funny_Troll_8.csv (3 filas, col_G=3, fracción=95059099)
2026-08-18 12:41:15,612 [INFO] ✅ Generado: PLANTILLA_000000030144_Creepy_Voodoo_Master_8.csv (4 filas, col_G=4, fracción=95059099)
2026-08-18 12:41:15,614 [INFO] ✅ Generado: PLANTILLA_000000030150_Anciente_Priest_8.csv (3 filas, col_G=3, fracción=95059099)
2026-08-18 12:41:15,617 [INFO] ✅ Generado: PLANTILLA_000000030172_Voodoo_victim_8.csv (3 filas, col_G=3, fracción=95059099)
2026-08-18 12:41:15,620 [INFO] ✅ Generado: PLANTILLA_000000030165_Horned_Sorceress_8.csv (4 filas, col_G=4, fracción=95059099)
2026-08-18 12:41:15,623 [INFO] ✅ Generado: PLANTILLA_000000071535_Agatha_8.csv (6 filas, col_G=6, fracción=95059099)
2026-08-18 12:41:15,623 [ERROR] ❌ 000000027990 Staffs: Witch: inconsistencia: 5 filas vs col_G=4. No se generará.
2026-08-18 12:41:15,625 [INFO] ✅ Generado: PLANTILLA_000000071544_Scar_wolf_8.csv (3 filas, col_G=3, fracción=95059099)
2026-08-18 12:41:15,626 [INFO] ✅ Generado: PLANTILLA_000000030139_Sack_Creature_8.csv (5 filas, col_G=5, fracción=95059099)
2026-08-18 12:41:15,628 [INFO] ✅ Generado: PLANTILLA_000000030124_Mangy_rat_8.csv (5 filas, col_G=5, fracción=95059099)
2026-08-18 12:41:15,631 [INFO] ✅ Generado: PLANTILLA_000000030125_Rabid_boar_8.csv (4 filas, col_G=4, fracción=95059099)
2026-08-18 12:41:15,635 [INFO] ✅ Generado: PLANTILLA_000000030127_Zombie_Cat_8.csv (5 filas, col_G=5, fracción=95059099)
2026-08-18 12:41:15,638 [INFO] ✅ Generado: PLANTILLA_000000030129_Zombie_Capybara_8.csv (3 filas, col_G=3, fracción=95059099)
2026-08-18 12:41:15,641 [INFO] ✅ Generado: PLANTILLA_000000030119_Rotten_Panda_8.csv (5 filas, col_G=5, fracción=95059099)
2026-08-18 12:41:15,642 [ERROR] ❌ 000000030169 Apenstein: inconsistencia: 5 filas vs col_G=4. No se generará.
2026-08-18 12:41:15,644 [INFO] ✅ Generado: PLANTILLA_000000030170_Groaner_8.csv (3 filas, col_G=3, fracción=95059099)
2026-08-18 12:41:15,645 [INFO] ✅ Generado: PLANTILLA_000000030154_Evil_Nutcracker_8.csv (4 filas, col_G=4, fracción=95059099)
2026-08-18 12:41:15,648 [INFO] ✅ Generado: PLANTILLA_000000030155_Creepy_Happy_8.csv (6 filas, col_G=6, fracción=95059099)
2026-08-18 12:41:15,651 [INFO] ✅ Generado: PLANTILLA_000000030156_Creepy_Sad_8.csv (6 filas, col_G=6, fracción=95059099)
2026-08-18 12:41:15,654 [INFO] ✅ Generado: PLANTILLA_000000027985_Little_Abyss_8.csv (7 filas, col_G=7, fracción=95059099)
2026-08-18 12:41:15,656 [INFO] ✅ Generado: PLANTILLA_000000027984_Little_Ember_8.csv (7 filas, col_G=7, fracción=95059099)
2026-08-18 12:41:15,658 [INFO] ✅ Generado: PLANTILLA_000000027983_Little_Goo_8.csv (7 filas, col_G=7, fracción=95059099)
2026-08-18 12:41:15,660 [INFO] ✅ Generado: PLANTILLA_000000027982_Little_Greyson_8.csv (6 filas, col_G=6, fracción=95059099)
2026-08-18 12:41:15,661 [INFO] ✅ Generado: PLANTILLA_000000027981_Little_Fang_8.csv (7 filas, col_G=7, fracción=95059099)
2026-08-18 12:41:15,664 [INFO] ✅ Generado: PLANTILLA_000000027986_Little_Rotty_8.csv (6 filas, col_G=6, fracción=95059099)
2026-08-18 12:41:15,664 [ERROR] ❌ 000000027978 James busted: inconsistencia: 5 filas vs col_G=4. No se generará.
2026-08-18 12:41:15,665 [ERROR] ❌ 000000027979 Helen Busted: inconsistencia: 5 filas vs col_G=4. No se generará.
2026-08-18 12:41:15,665 [ERROR] ❌ 000000027980 William Busted: inconsistencia: 5 filas vs col_G=4. No se generará.
2026-08-18 12:41:15,668 [INFO] ✅ Generado: PLANTILLA_000000331008_Bloody_Curtains_8.csv (3 filas, col_G=3, fracción=95059099)
2026-08-18 12:41:15,671 [INFO] ✅ Generado: PLANTILLA_000000027994_Effigy_8.csv (3 filas, col_G=3, fracción=95059099)
2026-08-18 12:41:15,675 [INFO] ✅ Generado: PLANTILLA_000000027995_Pharaoh_8.csv (3 filas, col_G=3, fracción=95059099)
2026-08-18 12:41:15,675 [ERROR] ❌ 000000027991 Carnivorous plant garden decor: inconsistencia: 6 filas vs col_G=4. No se generará.
2026-08-18 12:41:15,677 [INFO] ✅ Generado: PLANTILLA_000000027992_Gnome_garden_decor_8.csv (3 filas, col_G=3, fracción=95059099)
2026-08-18 12:41:15,679 [INFO] ✅ Generado: PLANTILLA_000000028212_Earth_Dragon_Puppet_8.csv (3 filas, col_G=3, fracción=95059099)
2026-08-18 12:41:15,682 [INFO] ✅ Generado: PLANTILLA_000000028213_Fire_Dragon_Puppet_8.csv (3 filas, col_G=3, fracción=95059099)
2026-08-18 12:41:15,687 [INFO] ✅ Generado: PLANTILLA_000000028211_Demon_Puppet_8.csv (3 filas, col_G=3, fracción=95059099)
2026-08-18 12:41:15,690 [INFO] ✅ Generado: PLANTILLA_000000028214_Goat_Puppet_8.csv (3 filas, col_G=3, fracción=95059099)
2026-08-18 12:41:15,692 [INFO] ✅ Generado: PLANTILLA_000000028210_Gargoyle_Puppet_8.csv (3 filas, col_G=3, fracción=95059099)
2026-08-18 12:41:15,694 [INFO] ✅ Generado: PLANTILLA_000000028215_Wacky_Clown_Puppet_8.csv (3 filas, col_G=3, fracción=95059099)
2026-08-18 12:41:15,694 [ERROR] ❌ 000000028122 Hobby Zombie Unicorn Stick: inconsistencia: 7 filas vs col_G=5. No se generará.
2026-08-18 12:41:15,694 [ERROR] ❌ 000000028123 Hobby Zombie Horse Stick: inconsistencia: 7 filas vs col_G=5. No se generará.
2026-08-18 12:41:15,698 [INFO] ✅ Generado: PLANTILLA_000000027976_Chocolate_Gigi_16.csv (5 filas, col_G=5, fracción=95059099)
2026-08-18 12:41:15,701 [INFO] ✅ Generado: PLANTILLA_000000027970_Blady_8.csv (5 filas, col_G=5, fracción=95059099)
2026-08-18 12:41:15,704 [INFO] ✅ Generado: PLANTILLA_000000027966_Possessed_Elf_8.csv (5 filas, col_G=5, fracción=95059099)
2026-08-18 12:41:15,707 [INFO] ✅ Generado: PLANTILLA_000000027967_Mini_Troll_8.csv (6 filas, col_G=6, fracción=95059099)
2026-08-18 12:41:15,711 [INFO] ✅ Generado: PLANTILLA_000000027974_Centipede_8.csv (5 filas, col_G=5, fracción=95059099)
2026-08-18 12:41:15,715 [INFO] ✅ Generado: PLANTILLA_000000027977_Fangsy_16.csv (5 filas, col_G=5, fracción=95059099)
2026-08-18 12:41:15,717 [INFO] ✅ Generado: PLANTILLA_000000027971_Punky_8.csv (5 filas, col_G=5, fracción=95059099)
2026-08-18 12:41:15,719 [INFO] ✅ Generado: PLANTILLA_000000027972_Lil´Horns_8.csv (5 filas, col_G=5, fracción=95059099)
2026-08-18 12:41:15,721 [INFO] ✅ Generado: PLANTILLA_000000027973_BoohBlue_8.csv (5 filas, col_G=5, fracción=95059099)
2026-08-18 12:41:15,723 [INFO] ✅ Generado: PLANTILLA_000000668651_Midsummer_Horror_Clown_8.csv (5 filas, col_G=5, fracción=95059099)
2026-08-18 12:41:15,725 [INFO] ✅ Generado: PLANTILLA_000000028120_Liging_Severed_Hand_8.csv (6 filas, col_G=6, fracción=95059099)
2026-08-18 12:41:15,727 [INFO] ✅ Generado: PLANTILLA_000000028121_Living_Severed_Hand_2_8.csv (6 filas, col_G=6, fracción=95059099)
2026-08-18 12:41:15,727 [ERROR] ❌ 000000084812 Serial Killer Apron: inconsistencia: 7 filas vs col_G=6. No se generará.
2026-08-18 12:41:15,727 [ERROR] ❌ 000000084811 Forrest Killer Apron: inconsistencia: 6 filas vs col_G=5. No se generará.
2026-08-18 12:41:15,728 [ERROR] ❌ 000000084810 Butcher Killer Apron: inconsistencia: 7 filas vs col_G=5. No se generará.
2026-08-18 12:41:15,728 [ERROR] ❌ 000000084285 Lord jester: inconsistencia: 13 filas vs col_G=4. No se generará.
2026-08-18 12:41:15,728 [ERROR] ❌ 000000084286 Lord jester: inconsistencia: 14 filas vs col_G=4. No se generará.
2026-08-18 12:41:15,728 [ERROR] ❌ 000000084287 Lord jester: inconsistencia: 14 filas vs col_G=4. No se generará.
2026-08-18 12:41:15,728 [ERROR] ❌ 000000084280 Lady Harlequin: inconsistencia: 14 filas vs col_G=4. No se generará.
2026-08-18 12:41:15,729 [ERROR] ❌ 000000084281 Lady Harlequin: inconsistencia: 14 filas vs col_G=4. No se generará.
2026-08-18 12:41:15,729 [ERROR] ❌ 000000084282 Lady Harlequin: inconsistencia: 14 filas vs col_G=4. No se generará.
2026-08-18 12:41:15,729 [ERROR] ❌ 000000084295 Miss Circus Ringmaster: inconsistencia: 13 filas vs col_G=4. No se generará.
2026-08-18 12:41:15,730 [ERROR] ❌ 000000084296 Miss Circus Ringmaster: inconsistencia: 13 filas vs col_G=4. No se generará.
2026-08-18 12:41:15,730 [ERROR] ❌ 000000084297 Miss Circus Ringmaster: inconsistencia: 13 filas vs col_G=4. No se generará.
2026-08-18 12:41:15,730 [ERROR] ❌ 000000084840 Spooky Pumpkin Scarecrow: inconsistencia: 8 filas vs col_G=3. No se generará.
2026-08-18 12:41:15,731 [ERROR] ❌ 000000084841 Spooky Pumpkin Scarecrow: inconsistencia: 8 filas vs col_G=3. No se generará.
2026-08-18 12:41:15,731 [ERROR] ❌ 000000084842 Spooky Pumpkin Scarecrow: inconsistencia: 8 filas vs col_G=3. No se generará.
2026-08-18 12:41:15,731 [ERROR] ❌ 000000084835 Mont´s Glowing Clown: inconsistencia: 13 filas vs col_G=4. No se generará.
2026-08-18 12:41:15,731 [ERROR] ❌ 000000084836 Mont´s Glowing Clown: inconsistencia: 13 filas vs col_G=4. No se generará.
2026-08-18 12:41:15,731 [ERROR] ❌ 000000084837 Mont´s Glowing Clown: inconsistencia: 13 filas vs col_G=4. No se generará.
2026-08-18 12:41:15,732 [ERROR] ❌ 000000084826 Kramper Cape: inconsistencia: 13 filas vs col_G=5. No se generará.
2026-08-18 12:41:15,732 [ERROR] ❌ 000000084822 Christmas Grumpy Monster: inconsistencia: 15 filas vs col_G=5. No se generará.
2026-08-18 12:41:15,732 [ERROR] ❌ 000000084855 Grumpy Monster: inconsistencia: 11 filas vs col_G=4. No se generará.
2026-08-18 12:41:15,732 [ERROR] ❌ 000000084825 Sasquatch Costume: inconsistencia: 11 filas vs col_G=4. No se generará.
2026-08-18 12:41:15,735 [INFO] ✅ Generado: PLANTILLA_000000027898_Rotten_Sandwich_8.csv (3 filas, col_G=3, fracción=95059099)
2026-08-18 12:41:15,738 [INFO] ✅ Generado: PLANTILLA_000000027895_Disgusting_Hot_Dog_8.csv (3 filas, col_G=3, fracción=95059099)
2026-08-18 12:41:15,741 [INFO] ✅ Generado: PLANTILLA_000000027916_Nasty_Chinese_Food_8.csv (3 filas, col_G=3, fracción=95059099)
2026-08-18 12:41:15,744 [INFO] ✅ Generado: PLANTILLA_000000030149_Fiery_clown_17.csv (3 filas, col_G=3, fracción=95059099)
2026-08-18 12:41:15,748 [INFO] ✅ Generado: PLANTILLA_000000030138_Burger´s_Clown_17.csv (4 filas, col_G=4, fracción=95059099)
2026-08-18 12:41:15,751 [INFO] ✅ Generado: PLANTILLA_000000149113__Marinero_Creepy_8.csv (3 filas, col_G=3, fracción=95059099)
2026-08-18 12:41:15,754 [INFO] ✅ Generado: PLANTILLA_000000027976_Chocolate_Gigi_17.csv (5 filas, col_G=5, fracción=95059099)
2026-08-18 12:41:15,756 [INFO] ✅ Generado: PLANTILLA_000000027977_Fangsy_17.csv (5 filas, col_G=5, fracción=95059099)
2026-08-18 12:41:15,758 [INFO] ✅ Generado: PLANTILLA_000000030101_Jester_Clown_8.csv (6 filas, col_G=6, fracción=95059099)
2026-08-18 12:41:15,760 [INFO] ✅ Generado: PLANTILLA_000000030103_Clown_Smiles_8.csv (6 filas, col_G=6, fracción=95059099)
2026-08-18 12:41:15,763 [INFO] ✅ Generado: PLANTILLA_000000030141_Eyeball_Mask_8.csv (4 filas, col_G=4, fracción=95059099)
2026-08-18 12:41:15,766 [INFO] ✅ Generado: PLANTILLA_000000030135_Bram_8.csv (3 filas, col_G=3, fracción=95059099)
2026-08-18 12:41:15,769 [INFO] ✅ Generado: PLANTILLA_000000030136_Lilith_8.csv (5 filas, col_G=5, fracción=95059099)
2026-08-18 12:41:15,772 [INFO] ✅ Generado: PLANTILLA_000000030157_Ghoulish_Man_8.csv (4 filas, col_G=4, fracción=95059099)
2026-08-18 12:41:15,776 [INFO] ✅ Generado: PLANTILLA_000000030023_Possessed_samurai_8.csv (4 filas, col_G=4, fracción=95059099)
2026-08-18 12:41:15,778 [INFO] ✅ Generado: PLANTILLA_000000072202_Alien_Monster_8.csv (3 filas, col_G=3, fracción=95059099)
2026-08-18 12:41:15,781 [INFO] ✅ Generado: PLANTILLA_000000030009_Cosmic_king_8.csv (3 filas, col_G=3, fracción=95059099)
2026-08-18 12:41:15,783 [INFO] ✅ Generado: PLANTILLA_000000030128_Zombie_Pug_8.csv (3 filas, col_G=3, fracción=95059099)
2026-08-18 12:41:15,785 [INFO] ✅ Generado: PLANTILLA_000000027975_Sugar_Kiky_8.csv (5 filas, col_G=5, fracción=95059099)
2026-08-18 12:41:15,788 [INFO] ✅ Generado: PLANTILLA_000000027968_Nightshade_8.csv (5 filas, col_G=5, fracción=95059099)
2026-08-18 12:41:15,790 [INFO] ✅ Generado: PLANTILLA_000000027969_Snowbelle_8.csv (5 filas, col_G=5, fracción=95059099)
2026-08-18 12:41:15,792 [INFO] ✅ Generado: PLANTILLA_000000025838_Alien_Flesh_8.csv (4 filas, col_G=4, fracción=95059099)
2026-08-18 12:41:15,794 [INFO] ✅ Generado: PLANTILLA_000000030130_Sir_Thomas_8.csv (3 filas, col_G=3, fracción=95059099)
2026-08-18 12:41:15,794 [ERROR] ❌ 000000027993 Staffs: Witch Green: inconsistencia: 5 filas vs col_G=4. No se generará.
2026-08-18 12:41:15,796 [INFO] ✅ Generado: PLANTILLA_000000027797_Waxed_skull_8.csv (3 filas, col_G=3, fracción=95059099)
2026-08-18 12:41:15,798 [INFO] ✅ Generado: PLANTILLA_000200350005__Cthulu_Mug_8.csv (3 filas, col_G=3, fracción=69139099)
2026-08-18 12:41:15,801 [INFO] ✅ Generado: PLANTILLA_000200350007__Alien_Mug_8.csv (3 filas, col_G=3, fracción=69139099)
2026-08-18 12:41:15,804 [INFO] ✅ Generado: PLANTILLA_000200350003__Franky_Mug_8.csv (3 filas, col_G=3, fracción=69139099)
2026-08-18 12:41:15,807 [INFO] ✅ Generado: PLANTILLA_0000000335101_Skull_Wall_Panels_8.csv (3 filas, col_G=3, fracción=None)
2026-08-18 12:41:15,810 [INFO] ✅ Generado: PLANTILLA_000000027902_Pale_skin_bag_8.csv (4 filas, col_G=4, fracción=9505.90.99)
2026-08-18 12:41:15,811 [ERROR] ❌ 000000029011 Yeti Mega Costume: inconsistencia: 10 filas vs col_G=5. No se generará.
2026-08-18 12:41:15,811 [INFO] 
📊 Resumen final:
2026-08-18 12:41:15,811 [INFO]    ✅ Plantillas generadas: 145
2026-08-18 12:41:15,811 [INFO]    ⏭️ Omitidas (sin precio): 0
2026-08-18 12:41:15,811 [INFO]    ❌ Errores (inconsistencia de filas): 37
2026-08-18 12:41:15,811 [INFO]    📁 Carpeta: 'C:\Users\Dany\Desktop\Proyecto\output'
2026-08-18 12:41:15,812 [WARNING] ⚠️ Modelo duplicado detectado: 000000030149 Fiery clown - se elimina la segunda ocurrencia.
2026-08-18 12:41:15,812 [WARNING] ⚠️ Modelo duplicado detectado: 000000030138 Burger´s Clown - se elimina la segunda ocurrencia.
2026-08-18 12:41:15,812 [WARNING] ⚠️ Modelo duplicado detectado: 000000027976 Chocolate Gigi - se elimina la segunda ocurrencia.
2026-08-18 12:41:15,812 [WARNING] ⚠️ Modelo duplicado detectado: 000000027977 Fangsy - se elimina la segunda ocurrencia.
2026-08-18 12:41:15,813 [INFO] 🧹 Desduplicación: 145 → 141 modelos únicos.
2026-08-18 12:41:15,813 [INFO] 📦 141 modelos listos para el bot.
2026-08-18 12:41:15,814 [INFO] 📂 Estado cargado: 5 modelos ya procesados.
2026-08-18 12:41:15,814 [INFO] ⏭️ 3 modelos ya procesados o en fallos. Saltando.
2026-08-18 12:41:15,815 [INFO] 📦 138 modelos pendientes de 141 totales.
2026-08-18 12:41:17,418 [INFO] ✅ WebDriver inicializado.
2026-08-18 12:41:17,438 [INFO] 🌐 Navegando a la página de login de VUCEM...
2026-08-18 12:41:42,882 [INFO] ✅ Login verificado.
2026-08-18 12:41:42,883 [INFO] 🧭 Iniciando navegación real al formulario...
2026-08-18 12:41:43,852 [INFO] ✅ Click en 'Solicitudes nuevas'
2026-08-18 12:41:44,016 [INFO] ✅ Click en Secretaría de Economía
2026-08-18 12:41:55,179 [INFO] ✅ Click en trámite 110101 con selector: ('xpath', "//a[contains(@onclick,'110101')]")
2026-08-18 12:41:55,180 [INFO] 🔄 Configurando tratados...
2026-08-18 12:41:55,587 [INFO] ✅ Pestaña 'Tratados'
2026-08-18 12:41:55,775 [INFO] ✅ Unión Europea seleccionada
2026-08-18 12:41:55,943 [INFO] ✅ TLCUEM seleccionado
2026-08-18 12:41:56,122 [INFO] ✅ Criterio B seleccionado
2026-08-18 12:41:56,247 [INFO] ✅ Tratado agregado
2026-08-18 12:41:58,248 [INFO] ✅ Tratados configurados correctamente.
2026-08-18 12:41:58,907 [INFO] ✅ Pestaña 'Datos de la mercancía'
2026-08-18 12:41:58,921 [INFO] ✅ Navegación completada. Formulario listo.
2026-08-18 12:41:58,921 [INFO] ⏭️ 3 modelos ya procesados o en fallos. Saltando.
2026-08-18 15:08:24,019 [INFO] 🚀 Iniciando sistema automatizado de comercio exterior - VUCEM
2026-08-18 15:08:24,024 [INFO] Cargando proveedores desde BOM...
2026-08-18 15:08:26,055 [INFO] ✅ 3588 proveedores cargados.
2026-08-18 15:08:26,094 [INFO] Cargando insumos por modelo desde BOM (solo categorías al INICIO)...
2026-08-18 15:08:32,912 [INFO] ✅ 1614 modelos con insumos cargados.
2026-08-18 15:08:32,919 [INFO] Procesando archivo maestro (hoja '2026')...
2026-08-18 15:08:33,332 [INFO] ✅ Generado: PLANTILLA_000000024505_Assault_mask_9.csv (3 filas, col_G=3, fracción=95059099)
2026-08-18 15:08:33,364 [INFO] ✅ Generado: PLANTILLA_000000021292_Hockey_Killer_9.csv (5 filas, col_G=5, fracción=95059099)
2026-08-18 15:08:33,381 [INFO] ✅ Generado: PLANTILLA_000000022131_Apocalyptic_Mask_9.csv (3 filas, col_G=3, fracción=95059099)
2026-08-18 15:08:33,433 [INFO] ✅ Generado: PLANTILLA_000000021179_Brown_wolf_9.csv (3 filas, col_G=3, fracción=95059099)
2026-08-18 15:08:33,545 [INFO] ✅ Generado: PLANTILLA_000000021229_Brown_Dr._Peste_9.csv (5 filas, col_G=5, fracción=95059099)
2026-08-18 15:08:33,557 [INFO] ✅ Generado: PLANTILLA_000000021225_Crania_face_9.csv (5 filas, col_G=5, fracción=95059099)
2026-08-18 15:08:33,569 [INFO] ✅ Generado: PLANTILLA_000000021107_Jacko_9.csv (3 filas, col_G=3, fracción=95059099)
2026-08-18 15:08:33,608 [INFO] ✅ Generado: PLANTILLA_000000050122_Akasha_9.csv (4 filas, col_G=4, fracción=95059099)
2026-08-18 15:08:33,691 [INFO] ✅ Generado: PLANTILLA_000000050116_Alucard_9.csv (3 filas, col_G=3, fracción=95059099)
2026-08-18 15:08:33,737 [INFO] ✅ Generado: PLANTILLA_000000050118_Mr._Bones_Tan_9.csv (3 filas, col_G=3, fracción=95059099)
2026-08-18 15:08:33,782 [INFO] ✅ Generado: PLANTILLA_000000050117_Mr._Bones_9.csv (3 filas, col_G=3, fracción=95059099)
2026-08-18 15:08:33,831 [INFO] ✅ Generado: PLANTILLA_000000050120_Daffy_9.csv (4 filas, col_G=4, fracción=95059099)
2026-08-18 15:08:33,884 [INFO] ✅ Generado: PLANTILLA_000000050119_Soggy_9.csv (5 filas, col_G=5, fracción=95059099)
2026-08-18 15:08:33,938 [INFO] ✅ Generado: PLANTILLA_000000050121_Baba_Yaga_9.csv (3 filas, col_G=3, fracción=95059099)
2026-08-18 15:08:33,973 [INFO] ✅ Generado: PLANTILLA_000000350063__Rolan__Street_clown_9.csv (5 filas, col_G=5, fracción=95059099)
2026-08-18 15:08:34,024 [INFO] ✅ Generado: PLANTILLA_000000350064_Psychopathic_Clown_8.csv (6 filas, col_G=6, fracción=95059099)
2026-08-18 15:08:34,062 [INFO] ✅ Generado: PLANTILLA_000000350065_Rusty_the_Clown_8.csv (5 filas, col_G=5, fracción=95059099)
2026-08-18 15:08:34,114 [INFO] ✅ Generado: PLANTILLA_000000350061_Narmoga_9.csv (6 filas, col_G=6, fracción=95059099)
2026-08-18 15:08:34,150 [INFO] ✅ Generado: PLANTILLA_000000350062_Agnha_9.csv (7 filas, col_G=7, fracción=95059099)
2026-08-18 15:08:34,173 [INFO] ✅ Generado: PLANTILLA_000000350060_Nightstalker_9.csv (4 filas, col_G=4, fracción=95059099)
2026-08-18 15:08:34,236 [INFO] ✅ Generado: PLANTILLA_000000350059_Death_Walker_9.csv (4 filas, col_G=4, fracción=95059099)
2026-08-18 15:08:34,283 [INFO] ✅ Generado: PLANTILLA_000000030110_Night_Terror_9.csv (3 filas, col_G=3, fracción=95059099)
2026-08-18 15:08:34,313 [INFO] ✅ Generado: PLANTILLA_000000030111_Transplanted_9.csv (4 filas, col_G=4, fracción=95059099)
2026-08-18 15:08:34,377 [INFO] ✅ Generado: PLANTILLA_000000030109_Splitting_Headache_9.csv (3 filas, col_G=3, fracción=95059099)
2026-08-18 15:08:34,410 [INFO] ✅ Generado: PLANTILLA_000000030181_Camazotz_9.csv (3 filas, col_G=3, fracción=95059099)
2026-08-18 15:08:34,434 [INFO] ✅ Generado: PLANTILLA_000000030182_Silent_Death_9.csv (4 filas, col_G=4, fracción=95059099)
2026-08-18 15:08:34,472 [INFO] ✅ Generado: PLANTILLA_000000030180_Demon_Vampire_9.csv (3 filas, col_G=3, fracción=95059099)
2026-08-18 15:08:34,518 [INFO] ✅ Generado: PLANTILLA_000000030173_Pagliacci_9.csv (3 filas, col_G=3, fracción=95059099)
2026-08-18 15:08:34,546 [INFO] ✅ Generado: PLANTILLA_000000030116_Dusty_clown_9.csv (3 filas, col_G=3, fracción=95059099)
2026-08-18 15:08:34,577 [INFO] ✅ Generado: PLANTILLA_000000030166_Hellbell_clown_9.csv (6 filas, col_G=6, fracción=95059099)
2026-08-18 15:08:34,627 [INFO] ✅ Generado: PLANTILLA_000000030149_Fiery_clown_18.csv (3 filas, col_G=3, fracción=95059099)
2026-08-18 15:08:34,718 [INFO] ✅ Generado: PLANTILLA_000000030142_Sadistic_clown_9.csv (5 filas, col_G=5, fracción=95059099)
2026-08-18 15:08:34,813 [INFO] ✅ Generado: PLANTILLA_000000030100_Toothy_Clown_9.csv (6 filas, col_G=6, fracción=95059099)
2026-08-18 15:08:34,888 [INFO] ✅ Generado: PLANTILLA_000000030102_Creppy_Clown_smile_9.csv (5 filas, col_G=5, fracción=95059099)
2026-08-18 15:08:34,936 [INFO] ✅ Generado: PLANTILLA_000000030115_Fiendish_clown_9.csv (3 filas, col_G=3, fracción=95059099)
2026-08-18 15:08:34,988 [INFO] ✅ Generado: PLANTILLA_000000030117_Jezebel_9.csv (5 filas, col_G=5, fracción=95059099)
2026-08-18 15:08:35,045 [INFO] ✅ Generado: PLANTILLA_000000030118_Porky_the_clown_8.csv (7 filas, col_G=7, fracción=95059099)
2026-08-18 15:08:35,091 [INFO] ✅ Generado: PLANTILLA_000000030138_Burger´s_Clown_18.csv (4 filas, col_G=4, fracción=95059099)
2026-08-18 15:08:35,146 [INFO] ✅ Generado: PLANTILLA_000000030143_Zippy_9.csv (4 filas, col_G=4, fracción=95059099)
2026-08-18 15:08:35,185 [INFO] ✅ Generado: PLANTILLA_000000030122_Amuck_9.csv (4 filas, col_G=4, fracción=95059099)
2026-08-18 15:08:35,212 [INFO] ✅ Generado: PLANTILLA_000000030159_Upside_Grin_Clown_9.csv (3 filas, col_G=3, fracción=95059099)
2026-08-18 15:08:35,242 [INFO] ✅ Generado: PLANTILLA_000000030137_Thug_Clown_9.csv (4 filas, col_G=4, fracción=95059099)
2026-08-18 15:08:35,287 [INFO] ✅ Generado: PLANTILLA_000000030120_Crispy_8.csv (5 filas, col_G=5, fracción=95059099)
2026-08-18 15:08:35,303 [INFO] ✅ Generado: PLANTILLA_000000030134_Mad_Clown_Biker_9.csv (3 filas, col_G=3, fracción=95059099)
2026-08-18 15:08:35,352 [INFO] ✅ Generado: PLANTILLA_000000030167_Spawlown_9.csv (3 filas, col_G=3, fracción=95059099)
2026-08-18 15:08:35,380 [INFO] ✅ Generado: PLANTILLA_000000030121_Bumpy_9.csv (4 filas, col_G=4, fracción=95059099)
2026-08-18 15:08:35,413 [INFO] ✅ Generado: PLANTILLA_000000030153_Igor_9.csv (4 filas, col_G=4, fracción=95059099)
2026-08-18 15:08:35,462 [INFO] ✅ Generado: PLANTILLA_000000030145_Creepy_T.W._9.csv (4 filas, col_G=4, fracción=95059099)
2026-08-18 15:08:35,502 [INFO] ✅ Generado: PLANTILLA_000000030148_Creepy_P._9.csv (4 filas, col_G=4, fracción=95059099)
2026-08-18 15:08:35,542 [INFO] ✅ Generado: PLANTILLA_000000030146_Creepy_D._9.csv (4 filas, col_G=4, fracción=95059099)
2026-08-18 15:08:35,558 [INFO] ✅ Generado: PLANTILLA_000000030147_Creepy_L.L._9.csv (4 filas, col_G=4, fracción=95059099)
2026-08-18 15:08:35,579 [INFO] ✅ Generado: PLANTILLA_000000149113_Marinero_Creepy_9.csv (3 filas, col_G=3, fracción=95059099)
2026-08-18 15:08:35,613 [INFO] ✅ Generado: PLANTILLA_000000030131_Creepyboobu_9.csv (4 filas, col_G=4, fracción=95059099)
2026-08-18 15:08:35,637 [INFO] ✅ Generado: PLANTILLA_000000030151_Mothman_9.csv (5 filas, col_G=5, fracción=95059099)
2026-08-18 15:08:35,680 [INFO] ✅ Generado: PLANTILLA_000000030114_Creepy_Peter_9.csv (3 filas, col_G=3, fracción=95059099)
2026-08-18 15:08:35,712 [INFO] ✅ Generado: PLANTILLA_000000030174_Crazy_Auguste_9.csv (4 filas, col_G=4, fracción=95059099)
2026-08-18 15:08:35,754 [INFO] ✅ Generado: PLANTILLA_000000030176_Brickie_zombie_9.csv (3 filas, col_G=3, fracción=95059099)
2026-08-18 15:08:35,802 [INFO] ✅ Generado: PLANTILLA_000000030175_Killer_Identity_9.csv (3 filas, col_G=3, fracción=95059099)
2026-08-18 15:08:35,836 [INFO] ✅ Generado: PLANTILLA_000000030171_J_the_Slayer_9.csv (5 filas, col_G=5, fracción=95059099)
2026-08-18 15:08:35,860 [INFO] ✅ Generado: PLANTILLA_000000071542_Fleshless_mouth_9.csv (5 filas, col_G=5, fracción=95059099)
2026-08-18 15:08:35,881 [INFO] ✅ Generado: PLANTILLA_000000030177_Zombie_pilot_9.csv (4 filas, col_G=4, fracción=95059099)
2026-08-18 15:08:35,901 [INFO] ✅ Generado: PLANTILLA_000000030133_Chopper_Rider_9.csv (3 filas, col_G=3, fracción=95059099)
2026-08-18 15:08:35,946 [INFO] ✅ Generado: PLANTILLA_000000030178_The_lord_9.csv (3 filas, col_G=3, fracción=95059099)
2026-08-18 15:08:35,977 [INFO] ✅ Generado: PLANTILLA_000000030162_Big_Horns_Skull_9.csv (5 filas, col_G=5, fracción=95059099)
2026-08-18 15:08:36,021 [INFO] ✅ Generado: PLANTILLA_000000030161_Big_Horns_Skull_Neon_9.csv (6 filas, col_G=6, fracción=95059099)
2026-08-18 15:08:36,058 [INFO] ✅ Generado: PLANTILLA_000000030132_Patrol_Skull_9.csv (3 filas, col_G=3, fracción=95059099)
2026-08-18 15:08:36,085 [INFO] ✅ Generado: PLANTILLA_000000030160_Big_Horns_Devil_9.csv (5 filas, col_G=5, fracción=95059099)
2026-08-18 15:08:36,171 [INFO] ✅ Generado: PLANTILLA_000000030164_Malebranche_9.csv (4 filas, col_G=4, fracción=95059099)
2026-08-18 15:08:36,208 [INFO] ✅ Generado: PLANTILLA_000000030123_Possessed_nun_8.csv (5 filas, col_G=5, fracción=95059099)
2026-08-18 15:08:36,267 [INFO] ✅ Generado: PLANTILLA_000000030163_Big_Horns_alien_9.csv (5 filas, col_G=5, fracción=95059099)
2026-08-18 15:08:36,360 [INFO] ✅ Generado: PLANTILLA_000000072201_Alien_Creepy_9.csv (3 filas, col_G=3, fracción=95059099)
2026-08-18 15:08:36,385 [INFO] ✅ Generado: PLANTILLA_000000030152_Morak_9.csv (3 filas, col_G=3, fracción=95059099)
2026-08-18 15:08:36,461 [INFO] ✅ Generado: PLANTILLA_000000030158_Blind_Warden_9.csv (3 filas, col_G=3, fracción=95059099)
2026-08-18 15:08:36,491 [INFO] ✅ Generado: PLANTILLA_000000030179_Frankorned_9.csv (3 filas, col_G=3, fracción=95059099)
2026-08-18 15:08:36,587 [INFO] ✅ Generado: PLANTILLA_000000030168_Gorth_9.csv (5 filas, col_G=5, fracción=95059099)
2026-08-18 15:08:36,618 [INFO] ✅ Generado: PLANTILLA_000000030112_Old_Troll_9.csv (3 filas, col_G=3, fracción=95059099)
2026-08-18 15:08:36,696 [INFO] ✅ Generado: PLANTILLA_000000030113_Funny_Troll_9.csv (3 filas, col_G=3, fracción=95059099)
2026-08-18 15:08:36,823 [INFO] ✅ Generado: PLANTILLA_000000030144_Creepy_Voodoo_Master_9.csv (4 filas, col_G=4, fracción=95059099)
2026-08-18 15:08:36,842 [INFO] ✅ Generado: PLANTILLA_000000030150_Anciente_Priest_9.csv (3 filas, col_G=3, fracción=95059099)
2026-08-18 15:08:36,906 [INFO] ✅ Generado: PLANTILLA_000000030172_Voodoo_victim_9.csv (3 filas, col_G=3, fracción=95059099)
2026-08-18 15:08:36,992 [INFO] ✅ Generado: PLANTILLA_000000030165_Horned_Sorceress_9.csv (4 filas, col_G=4, fracción=95059099)
2026-08-18 15:08:37,033 [INFO] ✅ Generado: PLANTILLA_000000071535_Agatha_9.csv (6 filas, col_G=6, fracción=95059099)
2026-08-18 15:08:37,108 [INFO] ✅ Generado: PLANTILLA_000000027990_Staffs__Witch_8.csv (4 filas, col_G=4, fracción=95059099)
2026-08-18 15:08:37,142 [INFO] ✅ Generado: PLANTILLA_000000071544_Scar_wolf_9.csv (3 filas, col_G=3, fracción=95059099)
2026-08-18 15:08:37,207 [INFO] ✅ Generado: PLANTILLA_000000030139_Sack_Creature_9.csv (5 filas, col_G=5, fracción=95059099)
2026-08-18 15:08:37,239 [INFO] ✅ Generado: PLANTILLA_000000030124_Mangy_rat_9.csv (5 filas, col_G=5, fracción=95059099)
2026-08-18 15:08:37,269 [INFO] ✅ Generado: PLANTILLA_000000030125_Rabid_boar_9.csv (4 filas, col_G=4, fracción=95059099)
2026-08-18 15:08:37,336 [INFO] ✅ Generado: PLANTILLA_000000030127_Zombie_Cat_9.csv (5 filas, col_G=5, fracción=95059099)
2026-08-18 15:08:37,403 [INFO] ✅ Generado: PLANTILLA_000000030129_Zombie_Capybara_9.csv (3 filas, col_G=3, fracción=95059099)
2026-08-18 15:08:37,450 [INFO] ✅ Generado: PLANTILLA_000000030119_Rotten_Panda_9.csv (5 filas, col_G=5, fracción=95059099)
2026-08-18 15:08:37,524 [INFO] ✅ Generado: PLANTILLA_000000030169_Apenstein_8.csv (4 filas, col_G=4, fracción=95059099)
2026-08-18 15:08:37,541 [INFO] ✅ Generado: PLANTILLA_000000030170_Groaner_9.csv (3 filas, col_G=3, fracción=95059099)
2026-08-18 15:08:37,556 [INFO] ✅ Generado: PLANTILLA_000000030154_Evil_Nutcracker_9.csv (4 filas, col_G=4, fracción=95059099)
2026-08-18 15:08:37,616 [INFO] ✅ Generado: PLANTILLA_000000030155_Creepy_Happy_9.csv (6 filas, col_G=6, fracción=95059099)
2026-08-18 15:08:37,705 [INFO] ✅ Generado: PLANTILLA_000000030156_Creepy_Sad_9.csv (6 filas, col_G=6, fracción=95059099)
2026-08-18 15:08:37,761 [INFO] ✅ Generado: PLANTILLA_000000027985_Little_Abyss_9.csv (7 filas, col_G=7, fracción=95059099)
2026-08-18 15:08:37,842 [INFO] ✅ Generado: PLANTILLA_000000027984_Little_Ember_9.csv (7 filas, col_G=7, fracción=95059099)
2026-08-18 15:08:37,887 [INFO] ✅ Generado: PLANTILLA_000000027983_Little_Goo_9.csv (7 filas, col_G=7, fracción=95059099)
2026-08-18 15:08:37,902 [INFO] ✅ Generado: PLANTILLA_000000027982_Little_Greyson_9.csv (6 filas, col_G=6, fracción=95059099)
2026-08-18 15:08:37,931 [INFO] ✅ Generado: PLANTILLA_000000027981_Little_Fang_9.csv (7 filas, col_G=7, fracción=95059099)
2026-08-18 15:08:37,973 [INFO] ✅ Generado: PLANTILLA_000000027986_Little_Rotty_9.csv (6 filas, col_G=6, fracción=95059099)
2026-08-18 15:08:37,996 [INFO] ✅ Generado: PLANTILLA_000000027978_James_busted_8.csv (4 filas, col_G=4, fracción=95059099)
2026-08-18 15:08:38,052 [INFO] ✅ Generado: PLANTILLA_000000027979_Helen_Busted_8.csv (4 filas, col_G=4, fracción=95059099)
2026-08-18 15:08:38,089 [INFO] ✅ Generado: PLANTILLA_000000027980_William_Busted_8.csv (4 filas, col_G=4, fracción=95059099)
2026-08-18 15:08:38,119 [INFO] ✅ Generado: PLANTILLA_000000331008_Bloody_Curtains_9.csv (3 filas, col_G=3, fracción=95059099)
2026-08-18 15:08:38,154 [INFO] ✅ Generado: PLANTILLA_000000027994_Effigy_9.csv (3 filas, col_G=3, fracción=95059099)
2026-08-18 15:08:38,190 [INFO] ✅ Generado: PLANTILLA_000000027995_Pharaoh_9.csv (3 filas, col_G=3, fracción=95059099)
2026-08-18 15:08:38,231 [INFO] ✅ Generado: PLANTILLA_000000027991_Carnivorous_plant_garden_decor_8.csv (4 filas, col_G=4, fracción=95059099)
2026-08-18 15:08:38,244 [INFO] ✅ Generado: PLANTILLA_000000027992_Gnome_garden_decor_9.csv (3 filas, col_G=3, fracción=95059099)
2026-08-18 15:08:38,281 [INFO] ✅ Generado: PLANTILLA_000000028212_Earth_Dragon_Puppet_9.csv (3 filas, col_G=3, fracción=95059099)
2026-08-18 15:08:38,300 [INFO] ✅ Generado: PLANTILLA_000000028213_Fire_Dragon_Puppet_9.csv (3 filas, col_G=3, fracción=95059099)
2026-08-18 15:08:38,334 [INFO] ✅ Generado: PLANTILLA_000000028211_Demon_Puppet_9.csv (3 filas, col_G=3, fracción=95059099)
2026-08-18 15:08:38,431 [INFO] ✅ Generado: PLANTILLA_000000028214_Goat_Puppet_9.csv (3 filas, col_G=3, fracción=95059099)
2026-08-18 15:08:38,460 [INFO] ✅ Generado: PLANTILLA_000000028210_Gargoyle_Puppet_9.csv (3 filas, col_G=3, fracción=95059099)
2026-08-18 15:08:38,526 [INFO] ✅ Generado: PLANTILLA_000000028215_Wacky_Clown_Puppet_9.csv (3 filas, col_G=3, fracción=95059099)
2026-08-18 15:08:38,593 [INFO] ✅ Generado: PLANTILLA_000000028122_Hobby_Zombie_Unicorn_Stick_8.csv (5 filas, col_G=5, fracción=95059099)
2026-08-18 15:08:38,656 [INFO] ✅ Generado: PLANTILLA_000000028123_Hobby_Zombie_Horse_Stick_8.csv (5 filas, col_G=5, fracción=95059099)
2026-08-18 15:08:38,673 [INFO] ✅ Generado: PLANTILLA_000000027976_Chocolate_Gigi_18.csv (5 filas, col_G=5, fracción=95059099)
2026-08-18 15:08:38,706 [INFO] ✅ Generado: PLANTILLA_000000027970_Blady_9.csv (5 filas, col_G=5, fracción=95059099)
2026-08-18 15:08:38,749 [INFO] ✅ Generado: PLANTILLA_000000027966_Possessed_Elf_9.csv (5 filas, col_G=5, fracción=95059099)
2026-08-18 15:08:38,768 [INFO] ✅ Generado: PLANTILLA_000000027967_Mini_Troll_9.csv (6 filas, col_G=6, fracción=95059099)
2026-08-18 15:08:38,822 [INFO] ✅ Generado: PLANTILLA_000000027974_Centipede_9.csv (5 filas, col_G=5, fracción=95059099)
2026-08-18 15:08:38,887 [INFO] ✅ Generado: PLANTILLA_000000027977_Fangsy_18.csv (5 filas, col_G=5, fracción=95059099)
2026-08-18 15:08:38,933 [INFO] ✅ Generado: PLANTILLA_000000027971_Punky_9.csv (5 filas, col_G=5, fracción=95059099)
2026-08-18 15:08:38,970 [INFO] ✅ Generado: PLANTILLA_000000027972_Lil´Horns_9.csv (5 filas, col_G=5, fracción=95059099)
2026-08-18 15:08:39,001 [INFO] ✅ Generado: PLANTILLA_000000027973_BoohBlue_9.csv (5 filas, col_G=5, fracción=95059099)
2026-08-18 15:08:39,072 [INFO] ✅ Generado: PLANTILLA_000000668651_Midsummer_Horror_Clown_9.csv (5 filas, col_G=5, fracción=95059099)
2026-08-18 15:08:39,125 [INFO] ✅ Generado: PLANTILLA_000000028120_Liging_Severed_Hand_9.csv (6 filas, col_G=6, fracción=95059099)
2026-08-18 15:08:39,173 [INFO] ✅ Generado: PLANTILLA_000000028121_Living_Severed_Hand_2_9.csv (6 filas, col_G=6, fracción=95059099)
2026-08-18 15:08:39,220 [INFO] ✅ Generado: PLANTILLA_000000084812_Serial_Killer_Apron_8.csv (6 filas, col_G=6, fracción=95059099)
2026-08-18 15:08:39,259 [INFO] ✅ Generado: PLANTILLA_000000084811_Forrest_Killer_Apron_8.csv (5 filas, col_G=5, fracción=95059099)
2026-08-18 15:08:39,300 [INFO] ✅ Generado: PLANTILLA_000000084810_Butcher_Killer_Apron_8.csv (5 filas, col_G=5, fracción=95059099)
2026-08-18 15:08:39,332 [INFO] ✅ Generado: PLANTILLA_000000084285_Lord_jester_8.csv (4 filas, col_G=4, fracción=62101001)
2026-08-18 15:08:39,365 [INFO] ✅ Generado: PLANTILLA_000000084286_Lord_jester_8.csv (4 filas, col_G=4, fracción=62101001)
2026-08-18 15:08:39,430 [INFO] ✅ Generado: PLANTILLA_000000084287_Lord_jester_8.csv (4 filas, col_G=4, fracción=62101001)
2026-08-18 15:08:39,462 [INFO] ✅ Generado: PLANTILLA_000000084280_Lady_Harlequin_8.csv (4 filas, col_G=4, fracción=62101001)
2026-08-18 15:08:39,503 [INFO] ✅ Generado: PLANTILLA_000000084281_Lady_Harlequin_8.csv (4 filas, col_G=4, fracción=62101001)
2026-08-18 15:08:39,554 [INFO] ✅ Generado: PLANTILLA_000000084282_Lady_Harlequin_8.csv (4 filas, col_G=4, fracción=62101001)
2026-08-18 15:08:39,605 [INFO] ✅ Generado: PLANTILLA_000000084295_Miss_Circus_Ringmaster_8.csv (4 filas, col_G=4, fracción=62101001)
2026-08-18 15:08:39,687 [INFO] ✅ Generado: PLANTILLA_000000084296_Miss_Circus_Ringmaster_8.csv (4 filas, col_G=4, fracción=62101001)
2026-08-18 15:08:39,734 [INFO] ✅ Generado: PLANTILLA_000000084297_Miss_Circus_Ringmaster_8.csv (4 filas, col_G=4, fracción=62101001)
2026-08-18 15:08:39,791 [INFO] ✅ Generado: PLANTILLA_000000084840_Spooky_Pumpkin_Scarecrow_8.csv (3 filas, col_G=3, fracción=62101001)
2026-08-18 15:08:39,925 [INFO] ✅ Generado: PLANTILLA_000000084841_Spooky_Pumpkin_Scarecrow_8.csv (3 filas, col_G=3, fracción=62101001)
2026-08-18 15:08:39,992 [INFO] ✅ Generado: PLANTILLA_000000084842_Spooky_Pumpkin_Scarecrow_8.csv (3 filas, col_G=3, fracción=62101001)
2026-08-18 15:08:40,063 [INFO] ✅ Generado: PLANTILLA_000000084835_Mont´s_Glowing_Clown_8.csv (4 filas, col_G=4, fracción=62101001)
2026-08-18 15:08:40,105 [INFO] ✅ Generado: PLANTILLA_000000084836_Mont´s_Glowing_Clown_8.csv (4 filas, col_G=4, fracción=62101001)
2026-08-18 15:08:40,140 [INFO] ✅ Generado: PLANTILLA_000000084837_Mont´s_Glowing_Clown_8.csv (4 filas, col_G=4, fracción=62101001)
2026-08-18 15:08:40,179 [INFO] ✅ Generado: PLANTILLA_000000084826_Kramper_Cape_8.csv (5 filas, col_G=5, fracción=62101001)
2026-08-18 15:08:40,295 [INFO] ✅ Generado: PLANTILLA_000000084822_Christmas_Grumpy_Monster_8.csv (5 filas, col_G=5, fracción=62101001)
2026-08-18 15:08:40,363 [INFO] ✅ Generado: PLANTILLA_000000084855_Grumpy_Monster_8.csv (4 filas, col_G=4, fracción=62101001)
2026-08-18 15:08:40,416 [INFO] ✅ Generado: PLANTILLA_000000084825_Sasquatch_Costume_8.csv (4 filas, col_G=4, fracción=62101001)
2026-08-18 15:08:40,470 [INFO] ✅ Generado: PLANTILLA_000000027898_Rotten_Sandwich_9.csv (3 filas, col_G=3, fracción=95059099)
2026-08-18 15:08:40,513 [INFO] ✅ Generado: PLANTILLA_000000027895_Disgusting_Hot_Dog_9.csv (3 filas, col_G=3, fracción=95059099)
2026-08-18 15:08:40,573 [INFO] ✅ Generado: PLANTILLA_000000027916_Nasty_Chinese_Food_9.csv (3 filas, col_G=3, fracción=95059099)
2026-08-18 15:08:40,639 [INFO] ✅ Generado: PLANTILLA_000000030149_Fiery_clown_19.csv (3 filas, col_G=3, fracción=95059099)
2026-08-18 15:08:40,682 [INFO] ✅ Generado: PLANTILLA_000000030138_Burger´s_Clown_19.csv (4 filas, col_G=4, fracción=95059099)
2026-08-18 15:08:40,807 [INFO] ✅ Generado: PLANTILLA_000000149113__Marinero_Creepy_9.csv (3 filas, col_G=3, fracción=95059099)
2026-08-18 15:08:40,836 [INFO] ✅ Generado: PLANTILLA_000000027976_Chocolate_Gigi_19.csv (5 filas, col_G=5, fracción=95059099)
2026-08-18 15:08:40,915 [INFO] ✅ Generado: PLANTILLA_000000027977_Fangsy_19.csv (5 filas, col_G=5, fracción=95059099)
2026-08-18 15:08:40,956 [INFO] ✅ Generado: PLANTILLA_000000030101_Jester_Clown_9.csv (6 filas, col_G=6, fracción=95059099)
2026-08-18 15:08:41,003 [INFO] ✅ Generado: PLANTILLA_000000030103_Clown_Smiles_9.csv (6 filas, col_G=6, fracción=95059099)
2026-08-18 15:08:41,039 [INFO] ✅ Generado: PLANTILLA_000000030141_Eyeball_Mask_9.csv (4 filas, col_G=4, fracción=95059099)
2026-08-18 15:08:41,076 [INFO] ✅ Generado: PLANTILLA_000000030135_Bram_9.csv (3 filas, col_G=3, fracción=95059099)
2026-08-18 15:08:41,110 [INFO] ✅ Generado: PLANTILLA_000000030136_Lilith_9.csv (5 filas, col_G=5, fracción=95059099)
2026-08-18 15:08:41,131 [INFO] ✅ Generado: PLANTILLA_000000030157_Ghoulish_Man_9.csv (4 filas, col_G=4, fracción=95059099)
2026-08-18 15:08:41,153 [INFO] ✅ Generado: PLANTILLA_000000030023_Possessed_samurai_9.csv (4 filas, col_G=4, fracción=95059099)
2026-08-18 15:08:41,172 [INFO] ✅ Generado: PLANTILLA_000000072202_Alien_Monster_9.csv (3 filas, col_G=3, fracción=95059099)
2026-08-18 15:08:41,205 [INFO] ✅ Generado: PLANTILLA_000000030009_Cosmic_king_9.csv (3 filas, col_G=3, fracción=95059099)
2026-08-18 15:08:41,232 [INFO] ✅ Generado: PLANTILLA_000000030128_Zombie_Pug_9.csv (3 filas, col_G=3, fracción=95059099)
2026-08-18 15:08:41,279 [INFO] ✅ Generado: PLANTILLA_000000027975_Sugar_Kiky_9.csv (5 filas, col_G=5, fracción=95059099)
2026-08-18 15:08:41,298 [INFO] ✅ Generado: PLANTILLA_000000027968_Nightshade_9.csv (5 filas, col_G=5, fracción=95059099)
2026-08-18 15:08:41,328 [INFO] ✅ Generado: PLANTILLA_000000027969_Snowbelle_9.csv (5 filas, col_G=5, fracción=95059099)
2026-08-18 15:08:41,364 [INFO] ✅ Generado: PLANTILLA_000000025838_Alien_Flesh_9.csv (4 filas, col_G=4, fracción=95059099)
2026-08-18 15:08:41,411 [INFO] ✅ Generado: PLANTILLA_000000030130_Sir_Thomas_9.csv (3 filas, col_G=3, fracción=95059099)
2026-08-18 15:08:41,509 [INFO] ✅ Generado: PLANTILLA_000000027993_Staffs__Witch_Green_8.csv (4 filas, col_G=4, fracción=95059099)
2026-08-18 15:08:41,551 [INFO] ✅ Generado: PLANTILLA_000000027797_Waxed_skull_9.csv (3 filas, col_G=3, fracción=95059099)
2026-08-18 15:08:41,589 [INFO] ✅ Generado: PLANTILLA_000200350005__Cthulu_Mug_9.csv (3 filas, col_G=3, fracción=69139099)
2026-08-18 15:08:41,622 [INFO] ✅ Generado: PLANTILLA_000200350007__Alien_Mug_9.csv (3 filas, col_G=3, fracción=69139099)
2026-08-18 15:08:41,657 [INFO] ✅ Generado: PLANTILLA_000200350003__Franky_Mug_9.csv (3 filas, col_G=3, fracción=69139099)
2026-08-18 15:08:41,688 [INFO] ✅ Generado: PLANTILLA_0000000335101_Skull_Wall_Panels_9.csv (3 filas, col_G=3, fracción=None)
2026-08-18 15:08:41,717 [INFO] ✅ Generado: PLANTILLA_000000027902_Pale_skin_bag_9.csv (4 filas, col_G=4, fracción=9505.90.99)
2026-08-18 15:08:41,755 [INFO] ✅ Generado: PLANTILLA_000000029011_Yeti_Mega_Costume_8.csv (5 filas, col_G=5, fracción=62101001)
2026-08-18 15:08:41,771 [INFO] 
📊 Resumen final:
2026-08-18 15:08:41,789 [INFO]    ✅ Plantillas generadas: 182
2026-08-18 15:08:41,803 [INFO]    ⏭️ Omitidas (sin precio): 0
2026-08-18 15:08:41,821 [INFO]    ❌ Errores (inconsistencia de filas): 0
2026-08-18 15:08:41,830 [INFO]    📁 Carpeta: 'C:\Users\Dany\Desktop\Proyecto\output'
2026-08-18 15:08:41,849 [WARNING] ⚠️ Modelo duplicado detectado: 000000030149 Fiery clown - se elimina la segunda ocurrencia.
2026-08-18 15:08:41,863 [WARNING] ⚠️ Modelo duplicado detectado: 000000030138 Burger´s Clown - se elimina la segunda ocurrencia.
2026-08-18 15:08:41,880 [WARNING] ⚠️ Modelo duplicado detectado: 000000027976 Chocolate Gigi - se elimina la segunda ocurrencia.
2026-08-18 15:08:41,887 [WARNING] ⚠️ Modelo duplicado detectado: 000000027977 Fangsy - se elimina la segunda ocurrencia.
2026-08-18 15:08:41,913 [INFO] 🧹 Desduplicación: 182 → 178 modelos únicos.
2026-08-18 15:08:41,927 [INFO] 📦 178 modelos listos para el bot.
2026-08-18 15:08:41,988 [INFO] 📂 Estado cargado: 5 modelos ya procesados.
2026-08-18 15:08:41,994 [INFO] ⏭️ 5 modelos ya procesados o en fallos. Saltando.
2026-08-18 15:08:42,006 [INFO] 📦 173 modelos pendientes de 178 totales.
2026-08-18 15:08:46,224 [INFO] ✅ WebDriver inicializado.
2026-08-18 15:08:46,225 [INFO] 🌐 Navegando a la página de login de VUCEM...
2026-08-18 15:09:18,632 [INFO] ✅ Login verificado.
2026-08-18 15:09:18,633 [INFO] 🧭 Iniciando navegación real al formulario...
2026-08-18 15:09:19,373 [INFO] ✅ Click en 'Solicitudes nuevas'
2026-08-18 15:09:21,180 [INFO] ✅ Click en Secretaría de Economía
2026-08-18 15:09:25,730 [INFO] ✅ Click en trámite 110101 con selector: ('xpath', "//a[contains(@onclick,'110101')]")
2026-08-18 15:09:25,735 [INFO] 🔄 Configurando tratados...
2026-08-18 15:09:26,267 [INFO] ✅ Pestaña 'Tratados'
2026-08-18 15:09:26,728 [INFO] ✅ Unión Europea seleccionada
2026-08-18 15:09:27,042 [INFO] ✅ TLCUEM seleccionado
2026-08-18 15:09:27,286 [INFO] ✅ Criterio B seleccionado
2026-08-18 15:09:27,551 [INFO] ✅ Tratado agregado
2026-08-18 15:09:29,552 [INFO] ✅ Tratados configurados correctamente.
2026-08-18 15:09:30,261 [INFO] ✅ Pestaña 'Datos de la mercancía'
2026-08-18 15:09:30,282 [INFO] ✅ Navegación completada. Formulario listo.
2026-08-18 15:09:30,283 [INFO] ⏭️ 5 modelos ya procesados o en fallos. Saltando.
2026-08-18 15:09:36,359 [INFO] 📤 Procesando modelo 000000084296 Miss Circus Ringmaster
2026-08-18 15:09:36,374 [INFO] Esperando campo 'Nombre comercial'...
2026-08-18 15:09:47,838 [INFO] ✅ Texto leído: '000000084296 Miss Circus Ringmaster'
2026-08-18 15:09:48,353 [INFO] ✅ Excel: Fracción=62101001, Precio=102, Insumos=0
2026-08-18 15:09:48,875 [INFO] 🔍 Usando código del Excel: 000000084296 Miss Circus Ringmaster
2026-08-18 15:09:49,992 [INFO] 🔍 Buscando archivo para: '000000084296 Miss Circus Ringmaster' (normalizado: '000000084296_Miss_Circus_Ringmaster')
2026-08-18 15:09:49,992 [INFO]    📁 Carpeta: C:\Users\Dany\Desktop\Proyecto\output
2026-08-18 15:09:50,061 [INFO] ✅ Archivo CSV encontrado: PLANTILLA_000000084296_Miss_Circus_Ringmaster.csv
2026-08-18 15:09:50,093 [INFO] 📊 El archivo tiene 13 filas. Se esperaban 0.
2026-08-18 15:09:50,096 [WARNING] ⚠️ ADVERTENCIA: El número de insumos no coincide. Se subirá igual.
2026-08-18 15:09:50,133 [INFO] ✅ Archivo seleccionado en el campo.
2026-08-18 15:09:51,200 [INFO] ✅ Click en 'Enviar' realizado. Esperando procesamiento...
2026-08-18 15:09:56,235 [INFO] ✅ Modal de carga cerrado.
2026-08-18 15:57:01,414 [INFO] 🚀 Iniciando sistema automatizado de comercio exterior - VUCEM
2026-08-18 15:57:01,420 [INFO] Cargando proveedores desde BOM...
2026-08-18 15:57:03,009 [INFO] ✅ 3588 proveedores cargados.
2026-08-18 15:57:03,010 [INFO] Cargando insumos por modelo desde BOM (solo categorías al INICIO)...
2026-08-18 15:57:08,047 [INFO] ✅ 1614 modelos con insumos cargados.
2026-08-18 15:57:08,047 [INFO] Procesando archivo maestro (hoja '2026')...
2026-08-18 15:57:08,222 [INFO] ✅ Generado: PLANTILLA_000000024505_Assault_mask_10.csv (3 filas, col_G=3, fracción=95059099)
2026-08-18 15:57:08,227 [INFO] ✅ Generado: PLANTILLA_000000021292_Hockey_Killer_10.csv (5 filas, col_G=5, fracción=95059099)
2026-08-18 15:57:08,232 [INFO] ✅ Generado: PLANTILLA_000000022131_Apocalyptic_Mask_10.csv (3 filas, col_G=3, fracción=95059099)
2026-08-18 15:57:08,237 [INFO] ✅ Generado: PLANTILLA_000000021179_Brown_wolf_10.csv (3 filas, col_G=3, fracción=95059099)
2026-08-18 15:57:08,241 [INFO] ✅ Generado: PLANTILLA_000000021229_Brown_Dr._Peste_10.csv (5 filas, col_G=5, fracción=95059099)
2026-08-18 15:57:08,246 [INFO] ✅ Generado: PLANTILLA_000000021225_Crania_face_10.csv (5 filas, col_G=5, fracción=95059099)
2026-08-18 15:57:08,254 [INFO] ✅ Generado: PLANTILLA_000000021107_Jacko_10.csv (3 filas, col_G=3, fracción=95059099)
2026-08-18 15:57:08,261 [INFO] ✅ Generado: PLANTILLA_000000050122_Akasha_10.csv (4 filas, col_G=4, fracción=95059099)
2026-08-18 15:57:08,269 [INFO] ✅ Generado: PLANTILLA_000000050116_Alucard_10.csv (3 filas, col_G=3, fracción=95059099)
2026-08-18 15:57:08,274 [INFO] ✅ Generado: PLANTILLA_000000050118_Mr._Bones_Tan_10.csv (3 filas, col_G=3, fracción=95059099)
2026-08-18 15:57:08,279 [INFO] ✅ Generado: PLANTILLA_000000050117_Mr._Bones_10.csv (3 filas, col_G=3, fracción=95059099)
2026-08-18 15:57:08,283 [INFO] ✅ Generado: PLANTILLA_000000050120_Daffy_10.csv (4 filas, col_G=4, fracción=95059099)
2026-08-18 15:57:08,289 [INFO] ✅ Generado: PLANTILLA_000000050119_Soggy_10.csv (5 filas, col_G=5, fracción=95059099)
2026-08-18 15:57:08,295 [INFO] ✅ Generado: PLANTILLA_000000050121_Baba_Yaga_10.csv (3 filas, col_G=3, fracción=95059099)
2026-08-18 15:57:08,310 [INFO] ✅ Generado: PLANTILLA_000000350063__Rolan__Street_clown_10.csv (5 filas, col_G=5, fracción=95059099)
2026-08-18 15:57:08,321 [INFO] ✅ Generado: PLANTILLA_000000350064_Psychopathic_Clown_9.csv (6 filas, col_G=6, fracción=95059099)
2026-08-18 15:57:08,325 [INFO] ✅ Generado: PLANTILLA_000000350065_Rusty_the_Clown_9.csv (5 filas, col_G=5, fracción=95059099)
2026-08-18 15:57:08,330 [INFO] ✅ Generado: PLANTILLA_000000350061_Narmoga_10.csv (6 filas, col_G=6, fracción=95059099)
2026-08-18 15:57:08,340 [INFO] ✅ Generado: PLANTILLA_000000350062_Agnha_10.csv (7 filas, col_G=7, fracción=95059099)
2026-08-18 15:57:08,344 [INFO] ✅ Generado: PLANTILLA_000000350060_Nightstalker_10.csv (4 filas, col_G=4, fracción=95059099)
2026-08-18 15:57:08,347 [INFO] ✅ Generado: PLANTILLA_000000350059_Death_Walker_10.csv (4 filas, col_G=4, fracción=95059099)
2026-08-18 15:57:08,350 [INFO] ✅ Generado: PLANTILLA_000000030110_Night_Terror_10.csv (3 filas, col_G=3, fracción=95059099)
2026-08-18 15:57:08,356 [INFO] ✅ Generado: PLANTILLA_000000030111_Transplanted_10.csv (4 filas, col_G=4, fracción=95059099)
2026-08-18 15:57:08,362 [INFO] ✅ Generado: PLANTILLA_000000030109_Splitting_Headache_10.csv (3 filas, col_G=3, fracción=95059099)
2026-08-18 15:57:08,372 [INFO] ✅ Generado: PLANTILLA_000000030181_Camazotz_10.csv (3 filas, col_G=3, fracción=95059099)
2026-08-18 15:57:08,376 [INFO] ✅ Generado: PLANTILLA_000000030182_Silent_Death_10.csv (4 filas, col_G=4, fracción=95059099)
2026-08-18 15:57:08,379 [INFO] ✅ Generado: PLANTILLA_000000030180_Demon_Vampire_10.csv (3 filas, col_G=3, fracción=95059099)
2026-08-18 15:57:08,383 [INFO] ✅ Generado: PLANTILLA_000000030173_Pagliacci_10.csv (3 filas, col_G=3, fracción=95059099)
2026-08-18 15:57:08,387 [INFO] ✅ Generado: PLANTILLA_000000030116_Dusty_clown_10.csv (3 filas, col_G=3, fracción=95059099)
2026-08-18 15:57:08,390 [INFO] ✅ Generado: PLANTILLA_000000030166_Hellbell_clown_10.csv (6 filas, col_G=6, fracción=95059099)
2026-08-18 15:57:08,394 [INFO] ✅ Generado: PLANTILLA_000000030149_Fiery_clown_20.csv (3 filas, col_G=3, fracción=95059099)
2026-08-18 15:57:08,398 [INFO] ✅ Generado: PLANTILLA_000000030142_Sadistic_clown_10.csv (5 filas, col_G=5, fracción=95059099)
2026-08-18 15:57:08,403 [INFO] ✅ Generado: PLANTILLA_000000030100_Toothy_Clown_10.csv (6 filas, col_G=6, fracción=95059099)
2026-08-18 15:57:08,406 [INFO] ✅ Generado: PLANTILLA_000000030102_Creppy_Clown_smile_10.csv (5 filas, col_G=5, fracción=95059099)
2026-08-18 15:57:08,413 [INFO] ✅ Generado: PLANTILLA_000000030115_Fiendish_clown_10.csv (3 filas, col_G=3, fracción=95059099)
2026-08-18 15:57:08,417 [INFO] ✅ Generado: PLANTILLA_000000030117_Jezebel_10.csv (5 filas, col_G=5, fracción=95059099)
2026-08-18 15:57:08,422 [INFO] ✅ Generado: PLANTILLA_000000030118_Porky_the_clown_9.csv (7 filas, col_G=7, fracción=95059099)
2026-08-18 15:57:08,429 [INFO] ✅ Generado: PLANTILLA_000000030138_Burger´s_Clown_20.csv (4 filas, col_G=4, fracción=95059099)
2026-08-18 15:57:08,433 [INFO] ✅ Generado: PLANTILLA_000000030143_Zippy_10.csv (4 filas, col_G=4, fracción=95059099)
2026-08-18 15:57:08,437 [INFO] ✅ Generado: PLANTILLA_000000030122_Amuck_10.csv (4 filas, col_G=4, fracción=95059099)
2026-08-18 15:57:08,442 [INFO] ✅ Generado: PLANTILLA_000000030159_Upside_Grin_Clown_10.csv (3 filas, col_G=3, fracción=95059099)
2026-08-18 15:57:08,448 [INFO] ✅ Generado: PLANTILLA_000000030137_Thug_Clown_10.csv (4 filas, col_G=4, fracción=95059099)
2026-08-18 15:57:08,454 [INFO] ✅ Generado: PLANTILLA_000000030120_Crispy_9.csv (5 filas, col_G=5, fracción=95059099)
2026-08-18 15:57:08,458 [INFO] ✅ Generado: PLANTILLA_000000030134_Mad_Clown_Biker_10.csv (3 filas, col_G=3, fracción=95059099)
2026-08-18 15:57:08,463 [INFO] ✅ Generado: PLANTILLA_000000030167_Spawlown_10.csv (3 filas, col_G=3, fracción=95059099)
2026-08-18 15:57:08,467 [INFO] ✅ Generado: PLANTILLA_000000030121_Bumpy_10.csv (4 filas, col_G=4, fracción=95059099)
2026-08-18 15:57:08,473 [INFO] ✅ Generado: PLANTILLA_000000030153_Igor_10.csv (4 filas, col_G=4, fracción=95059099)
2026-08-18 15:57:08,478 [INFO] ✅ Generado: PLANTILLA_000000030145_Creepy_T.W._10.csv (4 filas, col_G=4, fracción=95059099)
2026-08-18 15:57:08,482 [INFO] ✅ Generado: PLANTILLA_000000030148_Creepy_P._10.csv (4 filas, col_G=4, fracción=95059099)
2026-08-18 15:57:08,485 [INFO] ✅ Generado: PLANTILLA_000000030146_Creepy_D._10.csv (4 filas, col_G=4, fracción=95059099)
2026-08-18 15:57:08,489 [INFO] ✅ Generado: PLANTILLA_000000030147_Creepy_L.L._10.csv (4 filas, col_G=4, fracción=95059099)
2026-08-18 15:57:08,494 [INFO] ✅ Generado: PLANTILLA_000000149113_Marinero_Creepy_10.csv (3 filas, col_G=3, fracción=95059099)
2026-08-18 15:57:08,499 [INFO] ✅ Generado: PLANTILLA_000000030131_Creepyboobu_10.csv (4 filas, col_G=4, fracción=95059099)
2026-08-18 15:57:08,504 [INFO] ✅ Generado: PLANTILLA_000000030151_Mothman_10.csv (5 filas, col_G=5, fracción=95059099)
2026-08-18 15:57:08,509 [INFO] ✅ Generado: PLANTILLA_000000030114_Creepy_Peter_10.csv (3 filas, col_G=3, fracción=95059099)
2026-08-18 15:57:08,512 [INFO] ✅ Generado: PLANTILLA_000000030174_Crazy_Auguste_10.csv (4 filas, col_G=4, fracción=95059099)
2026-08-18 15:57:08,515 [INFO] ✅ Generado: PLANTILLA_000000030176_Brickie_zombie_10.csv (3 filas, col_G=3, fracción=95059099)
2026-08-18 15:57:08,521 [INFO] ✅ Generado: PLANTILLA_000000030175_Killer_Identity_10.csv (3 filas, col_G=3, fracción=95059099)
2026-08-18 15:57:08,526 [INFO] ✅ Generado: PLANTILLA_000000030171_J_the_Slayer_10.csv (5 filas, col_G=5, fracción=95059099)
2026-08-18 15:57:08,529 [INFO] ✅ Generado: PLANTILLA_000000071542_Fleshless_mouth_10.csv (5 filas, col_G=5, fracción=95059099)
2026-08-18 15:57:08,535 [INFO] ✅ Generado: PLANTILLA_000000030177_Zombie_pilot_10.csv (4 filas, col_G=4, fracción=95059099)
2026-08-18 15:57:08,539 [INFO] ✅ Generado: PLANTILLA_000000030133_Chopper_Rider_10.csv (3 filas, col_G=3, fracción=95059099)
2026-08-18 15:57:08,542 [INFO] ✅ Generado: PLANTILLA_000000030178_The_lord_10.csv (3 filas, col_G=3, fracción=95059099)
2026-08-18 15:57:08,545 [INFO] ✅ Generado: PLANTILLA_000000030162_Big_Horns_Skull_10.csv (5 filas, col_G=5, fracción=95059099)
2026-08-18 15:57:08,548 [INFO] ✅ Generado: PLANTILLA_000000030161_Big_Horns_Skull_Neon_10.csv (6 filas, col_G=6, fracción=95059099)
2026-08-18 15:57:08,551 [INFO] ✅ Generado: PLANTILLA_000000030132_Patrol_Skull_10.csv (3 filas, col_G=3, fracción=95059099)
2026-08-18 15:57:08,557 [INFO] ✅ Generado: PLANTILLA_000000030160_Big_Horns_Devil_10.csv (5 filas, col_G=5, fracción=95059099)
2026-08-18 15:57:08,566 [INFO] ✅ Generado: PLANTILLA_000000030164_Malebranche_10.csv (4 filas, col_G=4, fracción=95059099)
2026-08-18 15:57:08,592 [INFO] ✅ Generado: PLANTILLA_000000030123_Possessed_nun_9.csv (5 filas, col_G=5, fracción=95059099)
2026-08-18 15:57:08,604 [INFO] ✅ Generado: PLANTILLA_000000030163_Big_Horns_alien_10.csv (5 filas, col_G=5, fracción=95059099)
2026-08-18 15:57:08,615 [INFO] ✅ Generado: PLANTILLA_000000072201_Alien_Creepy_10.csv (3 filas, col_G=3, fracción=95059099)
2026-08-18 15:57:08,620 [INFO] ✅ Generado: PLANTILLA_000000030152_Morak_10.csv (3 filas, col_G=3, fracción=95059099)
2026-08-18 15:57:08,625 [INFO] ✅ Generado: PLANTILLA_000000030158_Blind_Warden_10.csv (3 filas, col_G=3, fracción=95059099)
2026-08-18 15:57:08,630 [INFO] ✅ Generado: PLANTILLA_000000030179_Frankorned_10.csv (3 filas, col_G=3, fracción=95059099)
2026-08-18 15:57:08,639 [INFO] ✅ Generado: PLANTILLA_000000030168_Gorth_10.csv (5 filas, col_G=5, fracción=95059099)
2026-08-18 15:57:08,645 [INFO] ✅ Generado: PLANTILLA_000000030112_Old_Troll_10.csv (3 filas, col_G=3, fracción=95059099)
2026-08-18 15:57:08,649 [INFO] ✅ Generado: PLANTILLA_000000030113_Funny_Troll_10.csv (3 filas, col_G=3, fracción=95059099)
2026-08-18 15:57:08,653 [INFO] ✅ Generado: PLANTILLA_000000030144_Creepy_Voodoo_Master_10.csv (4 filas, col_G=4, fracción=95059099)
2026-08-18 15:57:08,657 [INFO] ✅ Generado: PLANTILLA_000000030150_Anciente_Priest_10.csv (3 filas, col_G=3, fracción=95059099)
2026-08-18 15:57:08,661 [INFO] ✅ Generado: PLANTILLA_000000030172_Voodoo_victim_10.csv (3 filas, col_G=3, fracción=95059099)
2026-08-18 15:57:08,664 [INFO] ✅ Generado: PLANTILLA_000000030165_Horned_Sorceress_10.csv (4 filas, col_G=4, fracción=95059099)
2026-08-18 15:57:08,668 [INFO] ✅ Generado: PLANTILLA_000000071535_Agatha_10.csv (6 filas, col_G=6, fracción=95059099)
2026-08-18 15:57:08,673 [INFO] ✅ Generado: PLANTILLA_000000027990_Staffs__Witch_9.csv (4 filas, col_G=4, fracción=95059099)
2026-08-18 15:57:08,677 [INFO] ✅ Generado: PLANTILLA_000000071544_Scar_wolf_10.csv (3 filas, col_G=3, fracción=95059099)
2026-08-18 15:57:08,682 [INFO] ✅ Generado: PLANTILLA_000000030139_Sack_Creature_10.csv (5 filas, col_G=5, fracción=95059099)
2026-08-18 15:57:08,688 [INFO] ✅ Generado: PLANTILLA_000000030124_Mangy_rat_10.csv (5 filas, col_G=5, fracción=95059099)
2026-08-18 15:57:08,692 [INFO] ✅ Generado: PLANTILLA_000000030125_Rabid_boar_10.csv (4 filas, col_G=4, fracción=95059099)
2026-08-18 15:57:08,697 [INFO] ✅ Generado: PLANTILLA_000000030127_Zombie_Cat_10.csv (5 filas, col_G=5, fracción=95059099)
2026-08-18 15:57:08,700 [INFO] ✅ Generado: PLANTILLA_000000030129_Zombie_Capybara_10.csv (3 filas, col_G=3, fracción=95059099)
2026-08-18 15:57:08,706 [INFO] ✅ Generado: PLANTILLA_000000030119_Rotten_Panda_10.csv (5 filas, col_G=5, fracción=95059099)
2026-08-18 15:57:08,711 [INFO] ✅ Generado: PLANTILLA_000000030169_Apenstein_9.csv (4 filas, col_G=4, fracción=95059099)
2026-08-18 15:57:08,715 [INFO] ✅ Generado: PLANTILLA_000000030170_Groaner_10.csv (3 filas, col_G=3, fracción=95059099)
2026-08-18 15:57:08,720 [INFO] ✅ Generado: PLANTILLA_000000030154_Evil_Nutcracker_10.csv (4 filas, col_G=4, fracción=95059099)
2026-08-18 15:57:08,726 [INFO] ✅ Generado: PLANTILLA_000000030155_Creepy_Happy_10.csv (6 filas, col_G=6, fracción=95059099)
2026-08-18 15:57:08,735 [INFO] ✅ Generado: PLANTILLA_000000030156_Creepy_Sad_10.csv (6 filas, col_G=6, fracción=95059099)
2026-08-18 15:57:08,741 [INFO] ✅ Generado: PLANTILLA_000000027985_Little_Abyss_10.csv (7 filas, col_G=7, fracción=95059099)
2026-08-18 15:57:08,745 [INFO] ✅ Generado: PLANTILLA_000000027984_Little_Ember_10.csv (7 filas, col_G=7, fracción=95059099)
2026-08-18 15:57:08,748 [INFO] ✅ Generado: PLANTILLA_000000027983_Little_Goo_10.csv (7 filas, col_G=7, fracción=95059099)
2026-08-18 15:57:08,752 [INFO] ✅ Generado: PLANTILLA_000000027982_Little_Greyson_10.csv (6 filas, col_G=6, fracción=95059099)
2026-08-18 15:57:08,758 [INFO] ✅ Generado: PLANTILLA_000000027981_Little_Fang_10.csv (7 filas, col_G=7, fracción=95059099)
2026-08-18 15:57:08,763 [INFO] ✅ Generado: PLANTILLA_000000027986_Little_Rotty_10.csv (6 filas, col_G=6, fracción=95059099)
2026-08-18 15:57:08,769 [INFO] ✅ Generado: PLANTILLA_000000027978_James_busted_9.csv (4 filas, col_G=4, fracción=95059099)
2026-08-18 15:57:08,774 [INFO] ✅ Generado: PLANTILLA_000000027979_Helen_Busted_9.csv (4 filas, col_G=4, fracción=95059099)
2026-08-18 15:57:08,777 [INFO] ✅ Generado: PLANTILLA_000000027980_William_Busted_9.csv (4 filas, col_G=4, fracción=95059099)
2026-08-18 15:57:08,780 [INFO] ✅ Generado: PLANTILLA_000000331008_Bloody_Curtains_10.csv (3 filas, col_G=3, fracción=95059099)
2026-08-18 15:57:08,783 [INFO] ✅ Generado: PLANTILLA_000000027994_Effigy_10.csv (3 filas, col_G=3, fracción=95059099)
2026-08-18 15:57:08,789 [INFO] ✅ Generado: PLANTILLA_000000027995_Pharaoh_10.csv (3 filas, col_G=3, fracción=95059099)
2026-08-18 15:57:08,794 [INFO] ✅ Generado: PLANTILLA_000000027991_Carnivorous_plant_garden_decor_9.csv (4 filas, col_G=4, fracción=95059099)
2026-08-18 15:57:08,799 [INFO] ✅ Generado: PLANTILLA_000000027992_Gnome_garden_decor_10.csv (3 filas, col_G=3, fracción=95059099)
2026-08-18 15:57:08,806 [INFO] ✅ Generado: PLANTILLA_000000028212_Earth_Dragon_Puppet_10.csv (3 filas, col_G=3, fracción=95059099)
2026-08-18 15:57:08,809 [INFO] ✅ Generado: PLANTILLA_000000028213_Fire_Dragon_Puppet_10.csv (3 filas, col_G=3, fracción=95059099)
2026-08-18 15:57:08,813 [INFO] ✅ Generado: PLANTILLA_000000028211_Demon_Puppet_10.csv (3 filas, col_G=3, fracción=95059099)
2026-08-18 15:57:08,816 [INFO] ✅ Generado: PLANTILLA_000000028214_Goat_Puppet_10.csv (3 filas, col_G=3, fracción=95059099)
2026-08-18 15:57:08,823 [INFO] ✅ Generado: PLANTILLA_000000028210_Gargoyle_Puppet_10.csv (3 filas, col_G=3, fracción=95059099)
2026-08-18 15:57:08,829 [INFO] ✅ Generado: PLANTILLA_000000028215_Wacky_Clown_Puppet_10.csv (3 filas, col_G=3, fracción=95059099)
2026-08-18 15:57:08,838 [INFO] ✅ Generado: PLANTILLA_000000028122_Hobby_Zombie_Unicorn_Stick_9.csv (5 filas, col_G=5, fracción=95059099)
2026-08-18 15:57:08,843 [INFO] ✅ Generado: PLANTILLA_000000028123_Hobby_Zombie_Horse_Stick_9.csv (5 filas, col_G=5, fracción=95059099)
2026-08-18 15:57:08,849 [INFO] ✅ Generado: PLANTILLA_000000027976_Chocolate_Gigi_20.csv (5 filas, col_G=5, fracción=95059099)
2026-08-18 15:57:08,853 [INFO] ✅ Generado: PLANTILLA_000000027970_Blady_10.csv (5 filas, col_G=5, fracción=95059099)
2026-08-18 15:57:08,857 [INFO] ✅ Generado: PLANTILLA_000000027966_Possessed_Elf_10.csv (5 filas, col_G=5, fracción=95059099)
2026-08-18 15:57:08,861 [INFO] ✅ Generado: PLANTILLA_000000027967_Mini_Troll_10.csv (6 filas, col_G=6, fracción=95059099)
2026-08-18 15:57:08,866 [INFO] ✅ Generado: PLANTILLA_000000027974_Centipede_10.csv (5 filas, col_G=5, fracción=95059099)
2026-08-18 15:57:08,873 [INFO] ✅ Generado: PLANTILLA_000000027977_Fangsy_20.csv (5 filas, col_G=5, fracción=95059099)
2026-08-18 15:57:08,877 [INFO] ✅ Generado: PLANTILLA_000000027971_Punky_10.csv (5 filas, col_G=5, fracción=95059099)
2026-08-18 15:57:08,879 [INFO] ✅ Generado: PLANTILLA_000000027972_Lil´Horns_10.csv (5 filas, col_G=5, fracción=95059099)
2026-08-18 15:57:08,882 [INFO] ✅ Generado: PLANTILLA_000000027973_BoohBlue_10.csv (5 filas, col_G=5, fracción=95059099)
2026-08-18 15:57:08,888 [INFO] ✅ Generado: PLANTILLA_000000668651_Midsummer_Horror_Clown_10.csv (5 filas, col_G=5, fracción=95059099)
2026-08-18 15:57:08,895 [INFO] ✅ Generado: PLANTILLA_000000028120_Liging_Severed_Hand_10.csv (6 filas, col_G=6, fracción=95059099)
2026-08-18 15:57:08,904 [INFO] ✅ Generado: PLANTILLA_000000028121_Living_Severed_Hand_2_10.csv (6 filas, col_G=6, fracción=95059099)
2026-08-18 15:57:08,909 [INFO] ✅ Generado: PLANTILLA_000000084812_Serial_Killer_Apron_9.csv (6 filas, col_G=6, fracción=95059099)
2026-08-18 15:57:08,912 [INFO] ✅ Generado: PLANTILLA_000000084811_Forrest_Killer_Apron_9.csv (5 filas, col_G=5, fracción=95059099)
2026-08-18 15:57:08,919 [INFO] ✅ Generado: PLANTILLA_000000084810_Butcher_Killer_Apron_9.csv (5 filas, col_G=5, fracción=95059099)
2026-08-18 15:57:08,928 [INFO] ✅ Generado: PLANTILLA_000000084285_Lord_jester_9.csv (4 filas, col_G=4, fracción=62101001)
2026-08-18 15:57:08,936 [INFO] ✅ Generado: PLANTILLA_000000084286_Lord_jester_9.csv (4 filas, col_G=4, fracción=62101001)
2026-08-18 15:57:08,946 [INFO] ✅ Generado: PLANTILLA_000000084287_Lord_jester_9.csv (4 filas, col_G=4, fracción=62101001)
2026-08-18 15:57:08,956 [INFO] ✅ Generado: PLANTILLA_000000084280_Lady_Harlequin_9.csv (4 filas, col_G=4, fracción=62101001)
2026-08-18 15:57:08,962 [INFO] ✅ Generado: PLANTILLA_000000084281_Lady_Harlequin_9.csv (4 filas, col_G=4, fracción=62101001)
2026-08-18 15:57:08,967 [INFO] ✅ Generado: PLANTILLA_000000084282_Lady_Harlequin_9.csv (4 filas, col_G=4, fracción=62101001)
2026-08-18 15:57:08,977 [INFO] ✅ Generado: PLANTILLA_000000084295_Miss_Circus_Ringmaster_9.csv (4 filas, col_G=4, fracción=62101001)
2026-08-18 15:57:09,017 [INFO] ✅ Generado: PLANTILLA_000000084296_Miss_Circus_Ringmaster_9.csv (4 filas, col_G=4, fracción=62101001)
2026-08-18 15:57:09,046 [INFO] ✅ Generado: PLANTILLA_000000084297_Miss_Circus_Ringmaster_9.csv (4 filas, col_G=4, fracción=62101001)
2026-08-18 15:57:09,060 [INFO] ✅ Generado: PLANTILLA_000000084840_Spooky_Pumpkin_Scarecrow_9.csv (3 filas, col_G=3, fracción=62101001)
2026-08-18 15:57:09,063 [INFO] ✅ Generado: PLANTILLA_000000084841_Spooky_Pumpkin_Scarecrow_9.csv (3 filas, col_G=3, fracción=62101001)
2026-08-18 15:57:09,066 [INFO] ✅ Generado: PLANTILLA_000000084842_Spooky_Pumpkin_Scarecrow_9.csv (3 filas, col_G=3, fracción=62101001)
2026-08-18 15:57:09,071 [INFO] ✅ Generado: PLANTILLA_000000084835_Mont´s_Glowing_Clown_9.csv (4 filas, col_G=4, fracción=62101001)
2026-08-18 15:57:09,077 [INFO] ✅ Generado: PLANTILLA_000000084836_Mont´s_Glowing_Clown_9.csv (4 filas, col_G=4, fracción=62101001)
2026-08-18 15:57:09,083 [INFO] ✅ Generado: PLANTILLA_000000084837_Mont´s_Glowing_Clown_9.csv (4 filas, col_G=4, fracción=62101001)
2026-08-18 15:57:09,089 [INFO] ✅ Generado: PLANTILLA_000000084826_Kramper_Cape_9.csv (5 filas, col_G=5, fracción=62101001)
2026-08-18 15:57:09,095 [INFO] ✅ Generado: PLANTILLA_000000084822_Christmas_Grumpy_Monster_9.csv (5 filas, col_G=5, fracción=62101001)
2026-08-18 15:57:09,098 [INFO] ✅ Generado: PLANTILLA_000000084855_Grumpy_Monster_9.csv (4 filas, col_G=4, fracción=62101001)
2026-08-18 15:57:09,103 [INFO] ✅ Generado: PLANTILLA_000000084825_Sasquatch_Costume_9.csv (4 filas, col_G=4, fracción=62101001)
2026-08-18 15:57:09,107 [INFO] ✅ Generado: PLANTILLA_000000027898_Rotten_Sandwich_10.csv (3 filas, col_G=3, fracción=95059099)
2026-08-18 15:57:09,112 [INFO] ✅ Generado: PLANTILLA_000000027895_Disgusting_Hot_Dog_10.csv (3 filas, col_G=3, fracción=95059099)
2026-08-18 15:57:09,119 [INFO] ✅ Generado: PLANTILLA_000000027916_Nasty_Chinese_Food_10.csv (3 filas, col_G=3, fracción=95059099)
2026-08-18 15:57:09,127 [INFO] ✅ Generado: PLANTILLA_000000030149_Fiery_clown_21.csv (3 filas, col_G=3, fracción=95059099)
2026-08-18 15:57:09,132 [INFO] ✅ Generado: PLANTILLA_000000030138_Burger´s_Clown_21.csv (4 filas, col_G=4, fracción=95059099)
2026-08-18 15:57:09,137 [INFO] ✅ Generado: PLANTILLA_000000149113__Marinero_Creepy_10.csv (3 filas, col_G=3, fracción=95059099)
2026-08-18 15:57:09,145 [INFO] ✅ Generado: PLANTILLA_000000027976_Chocolate_Gigi_21.csv (5 filas, col_G=5, fracción=95059099)
2026-08-18 15:57:09,156 [INFO] ✅ Generado: PLANTILLA_000000027977_Fangsy_21.csv (5 filas, col_G=5, fracción=95059099)
2026-08-18 15:57:09,161 [INFO] ✅ Generado: PLANTILLA_000000030101_Jester_Clown_10.csv (6 filas, col_G=6, fracción=95059099)
2026-08-18 15:57:09,164 [INFO] ✅ Generado: PLANTILLA_000000030103_Clown_Smiles_10.csv (6 filas, col_G=6, fracción=95059099)
2026-08-18 15:57:09,170 [INFO] ✅ Generado: PLANTILLA_000000030141_Eyeball_Mask_10.csv (4 filas, col_G=4, fracción=95059099)
2026-08-18 15:57:09,175 [INFO] ✅ Generado: PLANTILLA_000000030135_Bram_10.csv (3 filas, col_G=3, fracción=95059099)
2026-08-18 15:57:09,180 [INFO] ✅ Generado: PLANTILLA_000000030136_Lilith_10.csv (5 filas, col_G=5, fracción=95059099)
2026-08-18 15:57:09,188 [INFO] ✅ Generado: PLANTILLA_000000030157_Ghoulish_Man_10.csv (4 filas, col_G=4, fracción=95059099)
2026-08-18 15:57:09,196 [INFO] ✅ Generado: PLANTILLA_000000030023_Possessed_samurai_10.csv (4 filas, col_G=4, fracción=95059099)
2026-08-18 15:57:09,200 [INFO] ✅ Generado: PLANTILLA_000000072202_Alien_Monster_10.csv (3 filas, col_G=3, fracción=95059099)
2026-08-18 15:57:09,207 [INFO] ✅ Generado: PLANTILLA_000000030009_Cosmic_king_10.csv (3 filas, col_G=3, fracción=95059099)
2026-08-18 15:57:09,212 [INFO] ✅ Generado: PLANTILLA_000000030128_Zombie_Pug_10.csv (3 filas, col_G=3, fracción=95059099)
2026-08-18 15:57:09,221 [INFO] ✅ Generado: PLANTILLA_000000027975_Sugar_Kiky_10.csv (5 filas, col_G=5, fracción=95059099)
2026-08-18 15:57:09,228 [INFO] ✅ Generado: PLANTILLA_000000027968_Nightshade_10.csv (5 filas, col_G=5, fracción=95059099)
2026-08-18 15:57:09,232 [INFO] ✅ Generado: PLANTILLA_000000027969_Snowbelle_10.csv (5 filas, col_G=5, fracción=95059099)
2026-08-18 15:57:09,241 [INFO] ✅ Generado: PLANTILLA_000000025838_Alien_Flesh_10.csv (4 filas, col_G=4, fracción=95059099)
2026-08-18 15:57:09,250 [INFO] ✅ Generado: PLANTILLA_000000030130_Sir_Thomas_10.csv (3 filas, col_G=3, fracción=95059099)
2026-08-18 15:57:09,259 [INFO] ✅ Generado: PLANTILLA_000000027993_Staffs__Witch_Green_9.csv (4 filas, col_G=4, fracción=95059099)
2026-08-18 15:57:09,263 [INFO] ✅ Generado: PLANTILLA_000000027797_Waxed_skull_10.csv (3 filas, col_G=3, fracción=95059099)
2026-08-18 15:57:09,270 [INFO] ✅ Generado: PLANTILLA_000200350005__Cthulu_Mug_10.csv (3 filas, col_G=3, fracción=69139099)
2026-08-18 15:57:09,276 [INFO] ✅ Generado: PLANTILLA_000200350007__Alien_Mug_10.csv (3 filas, col_G=3, fracción=69139099)
2026-08-18 15:57:09,286 [INFO] ✅ Generado: PLANTILLA_000200350003__Franky_Mug_10.csv (3 filas, col_G=3, fracción=69139099)
2026-08-18 15:57:09,294 [INFO] ✅ Generado: PLANTILLA_0000000335101_Skull_Wall_Panels_10.csv (3 filas, col_G=3, fracción=None)
2026-08-18 15:57:09,298 [INFO] ✅ Generado: PLANTILLA_000000027902_Pale_skin_bag_10.csv (4 filas, col_G=4, fracción=9505.90.99)
2026-08-18 15:57:09,302 [INFO] ✅ Generado: PLANTILLA_000000029011_Yeti_Mega_Costume_9.csv (5 filas, col_G=5, fracción=62101001)
2026-08-18 15:57:09,303 [INFO] 
📊 Resumen final:
2026-08-18 15:57:09,303 [INFO]    ✅ Plantillas generadas: 182
2026-08-18 15:57:09,305 [INFO]    ⏭️ Omitidas (sin precio): 0
2026-08-18 15:57:09,305 [INFO]    ❌ Errores (inconsistencia de filas): 0
2026-08-18 15:57:09,306 [INFO]    📁 Carpeta: 'C:\Users\Dany\Desktop\Proyecto\output'
2026-08-18 15:57:09,306 [WARNING] ⚠️ Modelo duplicado detectado: 000000030149 Fiery clown - se elimina la segunda ocurrencia.
2026-08-18 15:57:09,307 [WARNING] ⚠️ Modelo duplicado detectado: 000000030138 Burger´s Clown - se elimina la segunda ocurrencia.
2026-08-18 15:57:09,307 [WARNING] ⚠️ Modelo duplicado detectado: 000000027976 Chocolate Gigi - se elimina la segunda ocurrencia.
2026-08-18 15:57:09,307 [WARNING] ⚠️ Modelo duplicado detectado: 000000027977 Fangsy - se elimina la segunda ocurrencia.
2026-08-18 15:57:09,307 [INFO] 🧹 Desduplicación: 182 → 178 modelos únicos.
2026-08-18 15:57:09,308 [INFO] 📦 178 modelos listos para el bot.
2026-08-18 15:57:09,327 [INFO] 📂 Estado cargado: 5 modelos ya procesados.
2026-08-18 15:57:09,328 [INFO] ⏭️ 5 modelos ya procesados o en fallos. Saltando.
2026-08-18 15:57:09,328 [INFO] 📦 173 modelos pendientes de 178 totales.
2026-08-18 15:57:12,192 [INFO] ✅ WebDriver inicializado.
2026-08-18 15:57:12,212 [INFO] 🌐 Navegando a la página de login de VUCEM...
2026-08-18 15:57:56,281 [INFO] ✅ Login verificado.
2026-08-18 15:57:56,283 [INFO] 🧭 Iniciando navegación real al formulario...
2026-08-18 15:58:02,298 [INFO] ✅ Click en 'Solicitudes nuevas'
2026-08-18 15:58:04,702 [INFO] ✅ Click en Secretaría de Economía
2026-08-18 15:58:18,759 [INFO] ✅ Click en trámite 110101 con selector: ('xpath', "//a[contains(@onclick,'110101')]")
2026-08-18 15:58:18,766 [INFO] 🔄 Configurando tratados...
2026-08-18 15:58:19,232 [INFO] ✅ Pestaña 'Tratados'
2026-08-18 15:58:19,976 [INFO] ✅ Unión Europea seleccionada
2026-08-18 15:58:20,513 [INFO] ✅ TLCUEM seleccionado
2026-08-18 15:58:20,785 [INFO] ✅ Criterio B seleccionado
2026-08-18 15:58:21,052 [INFO] ✅ Tratado agregado
2026-08-18 15:58:23,053 [INFO] ✅ Tratados configurados correctamente.
2026-08-18 15:58:23,771 [INFO] ✅ Pestaña 'Datos de la mercancía'
2026-08-18 15:58:23,795 [INFO] ✅ Navegación completada. Formulario listo.
2026-08-18 15:58:23,797 [INFO] ⏭️ 5 modelos ya procesados o en fallos. Saltando.
2026-08-18 15:58:38,488 [INFO] 📤 Procesando modelo 000000084296 Miss Circus Ringmaster
2026-08-18 15:58:38,512 [INFO] Esperando campo 'Nombre comercial'...
2026-08-18 15:58:47,055 [INFO] ✅ Texto leído: '000000084296 Miss Circus Ringmaster'
2026-08-18 15:58:47,522 [INFO] ✅ Excel: Fracción=62101001, Precio=102, Insumos=0
2026-08-18 15:58:48,042 [INFO] 🔍 Usando código del Excel: 000000084296 Miss Circus Ringmaster
2026-08-18 15:58:49,172 [INFO] 🔍 Buscando archivo para: '000000084296 Miss Circus Ringmaster' (normalizado: '000000084296_Miss_Circus_Ringmaster')
2026-08-18 15:58:49,173 [INFO]    📁 Carpeta: C:\Users\Dany\Desktop\Proyecto\output
2026-08-18 15:58:49,273 [INFO] ✅ Archivo CSV encontrado: PLANTILLA_000000084296_Miss_Circus_Ringmaster.csv
2026-08-18 15:58:49,349 [INFO] 📊 El archivo tiene 13 filas. Se esperaban 0.
2026-08-18 15:58:49,350 [WARNING] ⚠️ ADVERTENCIA: El número de insumos no coincide. Se subirá igual.
2026-08-18 15:58:49,412 [INFO] ✅ Archivo seleccionado en el campo.
2026-08-18 15:58:50,510 [INFO] ✅ Click en 'Enviar' realizado. Esperando procesamiento...
2026-08-18 15:58:55,544 [INFO] ✅ Modal de carga cerrado.
2026-08-18 16:15:18,287 [INFO] 🛑 Interrupción por usuario. Estado guardado.
2026-08-18 16:15:18,294 [WARNING] Retrying (Retry(total=2, connect=None, read=None, redirect=None, status=None)) after connection broken by 'ConnectionResetError(10054, 'Se ha forzado la interrupción de una conexión existente por el host remoto', None, 10054, None)': /session/cbcdd1e624d3e8900e71d7ab2947aa67
2026-08-18 16:51:58,893 [INFO] 🚀 Iniciando sistema automatizado de comercio exterior - VUCEM
2026-08-18 16:51:58,895 [INFO] Cargando proveedores desde BOM...
2026-08-18 16:51:59,820 [INFO] ✅ 3588 proveedores cargados.
2026-08-18 16:51:59,821 [INFO] Cargando insumos por modelo desde BOM (solo categorías al INICIO)...
2026-08-18 16:52:02,737 [INFO] ✅ 1614 modelos con insumos cargados.
2026-08-18 16:52:02,738 [INFO] Procesando archivo maestro (hoja '2026')...
2026-08-18 16:52:02,827 [INFO] ✅ Generado: PLANTILLA_000000024505_Assault_mask.csv (3 filas, col_G=3, fracción=95059099)
2026-08-18 16:52:02,829 [INFO] ✅ Generado: PLANTILLA_000000021292_Hockey_Killer.csv (5 filas, col_G=5, fracción=95059099)
2026-08-18 16:52:02,831 [INFO] ✅ Generado: PLANTILLA_000000022131_Apocalyptic_Mask.csv (3 filas, col_G=3, fracción=95059099)
2026-08-18 16:52:02,832 [INFO] ✅ Generado: PLANTILLA_000000021179_Brown_wolf.csv (3 filas, col_G=3, fracción=95059099)
2026-08-18 16:52:02,834 [INFO] ✅ Generado: PLANTILLA_000000021229_Brown_Dr._Peste.csv (5 filas, col_G=5, fracción=95059099)
2026-08-18 16:52:02,835 [INFO] ✅ Generado: PLANTILLA_000000021225_Crania_face.csv (5 filas, col_G=5, fracción=95059099)
2026-08-18 16:52:02,837 [INFO] ✅ Generado: PLANTILLA_000000021107_Jacko.csv (3 filas, col_G=3, fracción=95059099)
2026-08-18 16:52:02,838 [INFO] ✅ Generado: PLANTILLA_000000050122_Akasha.csv (4 filas, col_G=4, fracción=95059099)
2026-08-18 16:52:02,839 [INFO] ✅ Generado: PLANTILLA_000000050116_Alucard.csv (3 filas, col_G=3, fracción=95059099)
2026-08-18 16:52:02,840 [INFO] ✅ Generado: PLANTILLA_000000050118_Mr._Bones_Tan.csv (3 filas, col_G=3, fracción=95059099)
2026-08-18 16:52:02,842 [INFO] ✅ Generado: PLANTILLA_000000050117_Mr._Bones.csv (3 filas, col_G=3, fracción=95059099)
2026-08-18 16:52:02,843 [INFO] ✅ Generado: PLANTILLA_000000050120_Daffy.csv (4 filas, col_G=4, fracción=95059099)
2026-08-18 16:52:02,844 [INFO] ✅ Generado: PLANTILLA_000000050119_Soggy.csv (5 filas, col_G=5, fracción=95059099)
2026-08-18 16:52:02,846 [INFO] ✅ Generado: PLANTILLA_000000050121_Baba_Yaga.csv (3 filas, col_G=3, fracción=95059099)
2026-08-18 16:52:02,847 [INFO] ✅ Generado: PLANTILLA_000000350063__Rolan__Street_clown.csv (5 filas, col_G=5, fracción=95059099)
2026-08-18 16:52:02,849 [INFO] ✅ Generado: PLANTILLA_000000350064_Psychopathic_Clown.csv (6 filas, col_G=6, fracción=95059099)
2026-08-18 16:52:02,851 [INFO] ✅ Generado: PLANTILLA_000000350065_Rusty_the_Clown.csv (5 filas, col_G=5, fracción=95059099)
2026-08-18 16:52:02,853 [INFO] ✅ Generado: PLANTILLA_000000350061_Narmoga.csv (6 filas, col_G=6, fracción=95059099)
2026-08-18 16:52:02,855 [INFO] ✅ Generado: PLANTILLA_000000350062_Agnha.csv (7 filas, col_G=7, fracción=95059099)
2026-08-18 16:52:02,858 [INFO] ✅ Generado: PLANTILLA_000000350060_Nightstalker.csv (4 filas, col_G=4, fracción=95059099)
2026-08-18 16:52:02,861 [INFO] ✅ Generado: PLANTILLA_000000350059_Death_Walker.csv (4 filas, col_G=4, fracción=95059099)
2026-08-18 16:52:02,863 [INFO] ✅ Generado: PLANTILLA_000000030110_Night_Terror.csv (3 filas, col_G=3, fracción=95059099)
2026-08-18 16:52:02,865 [INFO] ✅ Generado: PLANTILLA_000000030111_Transplanted.csv (4 filas, col_G=4, fracción=95059099)
2026-08-18 16:52:02,867 [INFO] ✅ Generado: PLANTILLA_000000030109_Splitting_Headache.csv (3 filas, col_G=3, fracción=95059099)
2026-08-18 16:52:02,870 [INFO] ✅ Generado: PLANTILLA_000000030181_Camazotz.csv (3 filas, col_G=3, fracción=95059099)
2026-08-18 16:52:02,873 [INFO] ✅ Generado: PLANTILLA_000000030182_Silent_Death.csv (4 filas, col_G=4, fracción=95059099)
2026-08-18 16:52:02,875 [INFO] ✅ Generado: PLANTILLA_000000030180_Demon_Vampire.csv (3 filas, col_G=3, fracción=95059099)
2026-08-18 16:52:02,876 [INFO] ✅ Generado: PLANTILLA_000000030173_Pagliacci.csv (3 filas, col_G=3, fracción=95059099)
2026-08-18 16:52:02,878 [INFO] ✅ Generado: PLANTILLA_000000030116_Dusty_clown.csv (3 filas, col_G=3, fracción=95059099)
2026-08-18 16:52:02,879 [INFO] ✅ Generado: PLANTILLA_000000030166_Hellbell_clown.csv (6 filas, col_G=6, fracción=95059099)
2026-08-18 16:52:02,880 [INFO] ✅ Generado: PLANTILLA_000000030149_Fiery_clown.csv (3 filas, col_G=3, fracción=95059099)
2026-08-18 16:52:02,882 [INFO] ✅ Generado: PLANTILLA_000000030142_Sadistic_clown.csv (5 filas, col_G=5, fracción=95059099)
2026-08-18 16:52:02,884 [INFO] ✅ Generado: PLANTILLA_000000030100_Toothy_Clown.csv (6 filas, col_G=6, fracción=95059099)
2026-08-18 16:52:02,886 [INFO] ✅ Generado: PLANTILLA_000000030102_Creppy_Clown_smile.csv (5 filas, col_G=5, fracción=95059099)
2026-08-18 16:52:02,889 [INFO] ✅ Generado: PLANTILLA_000000030115_Fiendish_clown.csv (3 filas, col_G=3, fracción=95059099)
2026-08-18 16:52:02,891 [INFO] ✅ Generado: PLANTILLA_000000030117_Jezebel.csv (5 filas, col_G=5, fracción=95059099)
2026-08-18 16:52:02,894 [INFO] ✅ Generado: PLANTILLA_000000030118_Porky_the_clown.csv (7 filas, col_G=7, fracción=95059099)
2026-08-18 16:52:02,897 [INFO] ✅ Generado: PLANTILLA_000000030138_Burger´s_Clown.csv (4 filas, col_G=4, fracción=95059099)
2026-08-18 16:52:02,899 [INFO] ✅ Generado: PLANTILLA_000000030143_Zippy.csv (4 filas, col_G=4, fracción=95059099)
2026-08-18 16:52:02,903 [INFO] ✅ Generado: PLANTILLA_000000030122_Amuck.csv (4 filas, col_G=4, fracción=95059099)
2026-08-18 16:52:02,905 [INFO] ✅ Generado: PLANTILLA_000000030159_Upside_Grin_Clown.csv (3 filas, col_G=3, fracción=95059099)
2026-08-18 16:52:02,907 [INFO] ✅ Generado: PLANTILLA_000000030137_Thug_Clown.csv (4 filas, col_G=4, fracción=95059099)
2026-08-18 16:52:02,908 [INFO] ✅ Generado: PLANTILLA_000000030120_Crispy.csv (5 filas, col_G=5, fracción=95059099)
2026-08-18 16:52:02,910 [INFO] ✅ Generado: PLANTILLA_000000030134_Mad_Clown_Biker.csv (3 filas, col_G=3, fracción=95059099)
2026-08-18 16:52:02,911 [INFO] ✅ Generado: PLANTILLA_000000030167_Spawlown.csv (3 filas, col_G=3, fracción=95059099)
2026-08-18 16:52:02,913 [INFO] ✅ Generado: PLANTILLA_000000030121_Bumpy.csv (4 filas, col_G=4, fracción=95059099)
2026-08-18 16:52:02,914 [INFO] ✅ Generado: PLANTILLA_000000030153_Igor.csv (4 filas, col_G=4, fracción=95059099)
2026-08-18 16:52:02,917 [INFO] ✅ Generado: PLANTILLA_000000030145_Creepy_T.W..csv (4 filas, col_G=4, fracción=95059099)
2026-08-18 16:52:02,919 [INFO] ✅ Generado: PLANTILLA_000000030148_Creepy_P..csv (4 filas, col_G=4, fracción=95059099)
2026-08-18 16:52:02,923 [INFO] ✅ Generado: PLANTILLA_000000030146_Creepy_D..csv (4 filas, col_G=4, fracción=95059099)
2026-08-18 16:52:02,926 [INFO] ✅ Generado: PLANTILLA_000000030147_Creepy_L.L..csv (4 filas, col_G=4, fracción=95059099)
2026-08-18 16:52:02,928 [INFO] ✅ Generado: PLANTILLA_000000149113_Marinero_Creepy.csv (3 filas, col_G=3, fracción=95059099)
2026-08-18 16:52:02,931 [INFO] ✅ Generado: PLANTILLA_000000030131_Creepyboobu.csv (4 filas, col_G=4, fracción=95059099)
2026-08-18 16:52:02,936 [INFO] ✅ Generado: PLANTILLA_000000030151_Mothman.csv (5 filas, col_G=5, fracción=95059099)
2026-08-18 16:52:02,938 [INFO] ✅ Generado: PLANTILLA_000000030114_Creepy_Peter.csv (3 filas, col_G=3, fracción=95059099)
2026-08-18 16:52:02,940 [INFO] ✅ Generado: PLANTILLA_000000030174_Crazy_Auguste.csv (4 filas, col_G=4, fracción=95059099)
2026-08-18 16:52:02,942 [INFO] ✅ Generado: PLANTILLA_000000030176_Brickie_zombie.csv (3 filas, col_G=3, fracción=95059099)
2026-08-18 16:52:02,944 [INFO] ✅ Generado: PLANTILLA_000000030175_Killer_Identity.csv (3 filas, col_G=3, fracción=95059099)
2026-08-18 16:52:02,945 [INFO] ✅ Generado: PLANTILLA_000000030171_J_the_Slayer.csv (5 filas, col_G=5, fracción=95059099)
2026-08-18 16:52:02,946 [INFO] ✅ Generado: PLANTILLA_000000071542_Fleshless_mouth.csv (5 filas, col_G=5, fracción=95059099)
2026-08-18 16:52:02,948 [INFO] ✅ Generado: PLANTILLA_000000030177_Zombie_pilot.csv (4 filas, col_G=4, fracción=95059099)
2026-08-18 16:52:02,951 [INFO] ✅ Generado: PLANTILLA_000000030133_Chopper_Rider.csv (3 filas, col_G=3, fracción=95059099)
2026-08-18 16:52:02,954 [INFO] ✅ Generado: PLANTILLA_000000030178_The_lord.csv (3 filas, col_G=3, fracción=95059099)
2026-08-18 16:52:02,956 [INFO] ✅ Generado: PLANTILLA_000000030162_Big_Horns_Skull.csv (5 filas, col_G=5, fracción=95059099)
2026-08-18 16:52:02,959 [INFO] ✅ Generado: PLANTILLA_000000030161_Big_Horns_Skull_Neon.csv (6 filas, col_G=6, fracción=95059099)
2026-08-18 16:52:02,961 [INFO] ✅ Generado: PLANTILLA_000000030132_Patrol_Skull.csv (3 filas, col_G=3, fracción=95059099)
2026-08-18 16:52:02,966 [INFO] ✅ Generado: PLANTILLA_000000030160_Big_Horns_Devil.csv (5 filas, col_G=5, fracción=95059099)
2026-08-18 16:52:02,968 [INFO] ✅ Generado: PLANTILLA_000000030164_Malebranche.csv (4 filas, col_G=4, fracción=95059099)
2026-08-18 16:52:02,972 [INFO] ✅ Generado: PLANTILLA_000000030123_Possessed_nun.csv (5 filas, col_G=5, fracción=95059099)
2026-08-18 16:52:02,974 [INFO] ✅ Generado: PLANTILLA_000000030163_Big_Horns_alien.csv (5 filas, col_G=5, fracción=95059099)
2026-08-18 16:52:02,976 [INFO] ✅ Generado: PLANTILLA_000000072201_Alien_Creepy.csv (3 filas, col_G=3, fracción=95059099)
2026-08-18 16:52:02,977 [INFO] ✅ Generado: PLANTILLA_000000030152_Morak.csv (3 filas, col_G=3, fracción=95059099)
2026-08-18 16:52:02,979 [INFO] ✅ Generado: PLANTILLA_000000030158_Blind_Warden.csv (3 filas, col_G=3, fracción=95059099)
2026-08-18 16:52:02,981 [INFO] ✅ Generado: PLANTILLA_000000030179_Frankorned.csv (3 filas, col_G=3, fracción=95059099)
2026-08-18 16:52:02,983 [INFO] ✅ Generado: PLANTILLA_000000030168_Gorth.csv (5 filas, col_G=5, fracción=95059099)
2026-08-18 16:52:02,985 [INFO] ✅ Generado: PLANTILLA_000000030112_Old_Troll.csv (3 filas, col_G=3, fracción=95059099)
2026-08-18 16:52:02,988 [INFO] ✅ Generado: PLANTILLA_000000030113_Funny_Troll.csv (3 filas, col_G=3, fracción=95059099)
2026-08-18 16:52:02,989 [INFO] ✅ Generado: PLANTILLA_000000030144_Creepy_Voodoo_Master.csv (4 filas, col_G=4, fracción=95059099)
2026-08-18 16:52:02,992 [INFO] ✅ Generado: PLANTILLA_000000030150_Anciente_Priest.csv (3 filas, col_G=3, fracción=95059099)
2026-08-18 16:52:02,994 [INFO] ✅ Generado: PLANTILLA_000000030172_Voodoo_victim.csv (3 filas, col_G=3, fracción=95059099)
2026-08-18 16:52:02,997 [INFO] ✅ Generado: PLANTILLA_000000030165_Horned_Sorceress.csv (4 filas, col_G=4, fracción=95059099)
2026-08-18 16:52:02,999 [INFO] ✅ Generado: PLANTILLA_000000071535_Agatha.csv (6 filas, col_G=6, fracción=95059099)
2026-08-18 16:52:03,001 [INFO] ✅ Generado: PLANTILLA_000000027990_Staffs__Witch.csv (4 filas, col_G=4, fracción=95059099)
2026-08-18 16:52:03,004 [INFO] ✅ Generado: PLANTILLA_000000071544_Scar_wolf.csv (3 filas, col_G=3, fracción=95059099)
2026-08-18 16:52:03,005 [INFO] ✅ Generado: PLANTILLA_000000030139_Sack_Creature.csv (5 filas, col_G=5, fracción=95059099)
2026-08-18 16:52:03,007 [INFO] ✅ Generado: PLANTILLA_000000030124_Mangy_rat.csv (5 filas, col_G=5, fracción=95059099)
2026-08-18 16:52:03,009 [INFO] ✅ Generado: PLANTILLA_000000030125_Rabid_boar.csv (4 filas, col_G=4, fracción=95059099)
2026-08-18 16:52:03,010 [INFO] ✅ Generado: PLANTILLA_000000030127_Zombie_Cat.csv (5 filas, col_G=5, fracción=95059099)
2026-08-18 16:52:03,011 [INFO] ✅ Generado: PLANTILLA_000000030129_Zombie_Capybara.csv (3 filas, col_G=3, fracción=95059099)
2026-08-18 16:52:03,013 [INFO] ✅ Generado: PLANTILLA_000000030119_Rotten_Panda.csv (5 filas, col_G=5, fracción=95059099)
2026-08-18 16:52:03,014 [INFO] ✅ Generado: PLANTILLA_000000030169_Apenstein.csv (4 filas, col_G=4, fracción=95059099)
2026-08-18 16:52:03,016 [INFO] ✅ Generado: PLANTILLA_000000030170_Groaner.csv (3 filas, col_G=3, fracción=95059099)
2026-08-18 16:52:03,018 [INFO] ✅ Generado: PLANTILLA_000000030154_Evil_Nutcracker.csv (4 filas, col_G=4, fracción=95059099)
2026-08-18 16:52:03,020 [INFO] ✅ Generado: PLANTILLA_000000030155_Creepy_Happy.csv (6 filas, col_G=6, fracción=95059099)
2026-08-18 16:52:03,022 [INFO] ✅ Generado: PLANTILLA_000000030156_Creepy_Sad.csv (6 filas, col_G=6, fracción=95059099)
2026-08-18 16:52:03,025 [INFO] ✅ Generado: PLANTILLA_000000027985_Little_Abyss.csv (7 filas, col_G=7, fracción=95059099)
2026-08-18 16:52:03,028 [INFO] ✅ Generado: PLANTILLA_000000027984_Little_Ember.csv (7 filas, col_G=7, fracción=95059099)
2026-08-18 16:52:03,033 [INFO] ✅ Generado: PLANTILLA_000000027983_Little_Goo.csv (7 filas, col_G=7, fracción=95059099)
2026-08-18 16:52:03,036 [INFO] ✅ Generado: PLANTILLA_000000027982_Little_Greyson.csv (6 filas, col_G=6, fracción=95059099)
2026-08-18 16:52:03,038 [INFO] ✅ Generado: PLANTILLA_000000027981_Little_Fang.csv (7 filas, col_G=7, fracción=95059099)
2026-08-18 16:52:03,041 [INFO] ✅ Generado: PLANTILLA_000000027986_Little_Rotty.csv (6 filas, col_G=6, fracción=95059099)
2026-08-18 16:52:03,043 [INFO] ✅ Generado: PLANTILLA_000000027978_James_busted.csv (4 filas, col_G=4, fracción=95059099)
2026-08-18 16:52:03,045 [INFO] ✅ Generado: PLANTILLA_000000027979_Helen_Busted.csv (4 filas, col_G=4, fracción=95059099)
2026-08-18 16:52:03,046 [INFO] ✅ Generado: PLANTILLA_000000027980_William_Busted.csv (4 filas, col_G=4, fracción=95059099)
2026-08-18 16:52:03,047 [INFO] ✅ Generado: PLANTILLA_000000331008_Bloody_Curtains.csv (3 filas, col_G=3, fracción=95059099)
2026-08-18 16:52:03,049 [INFO] ✅ Generado: PLANTILLA_000000027994_Effigy.csv (3 filas, col_G=3, fracción=95059099)
2026-08-18 16:52:03,051 [INFO] ✅ Generado: PLANTILLA_000000027995_Pharaoh.csv (3 filas, col_G=3, fracción=95059099)
2026-08-18 16:52:03,053 [INFO] ✅ Generado: PLANTILLA_000000027991_Carnivorous_plant_garden_decor.csv (4 filas, col_G=4, fracción=95059099)
2026-08-18 16:52:03,055 [INFO] ✅ Generado: PLANTILLA_000000027992_Gnome_garden_decor.csv (3 filas, col_G=3, fracción=95059099)
2026-08-18 16:52:03,056 [INFO] ✅ Generado: PLANTILLA_000000028212_Earth_Dragon_Puppet.csv (3 filas, col_G=3, fracción=95059099)
2026-08-18 16:52:03,057 [INFO] ✅ Generado: PLANTILLA_000000028213_Fire_Dragon_Puppet.csv (3 filas, col_G=3, fracción=95059099)
2026-08-18 16:52:03,059 [INFO] ✅ Generado: PLANTILLA_000000028211_Demon_Puppet.csv (3 filas, col_G=3, fracción=95059099)
2026-08-18 16:52:03,060 [INFO] ✅ Generado: PLANTILLA_000000028214_Goat_Puppet.csv (3 filas, col_G=3, fracción=95059099)
2026-08-18 16:52:03,061 [INFO] ✅ Generado: PLANTILLA_000000028210_Gargoyle_Puppet.csv (3 filas, col_G=3, fracción=95059099)
2026-08-18 16:52:03,063 [INFO] ✅ Generado: PLANTILLA_000000028215_Wacky_Clown_Puppet.csv (3 filas, col_G=3, fracción=95059099)
2026-08-18 16:52:03,065 [INFO] ✅ Generado: PLANTILLA_000000028122_Hobby_Zombie_Unicorn_Stick.csv (5 filas, col_G=5, fracción=95059099)
2026-08-18 16:52:03,067 [INFO] ✅ Generado: PLANTILLA_000000028123_Hobby_Zombie_Horse_Stick.csv (5 filas, col_G=5, fracción=95059099)
2026-08-18 16:52:03,068 [INFO] ✅ Generado: PLANTILLA_000000027976_Chocolate_Gigi.csv (5 filas, col_G=5, fracción=95059099)
2026-08-18 16:52:03,071 [INFO] ✅ Generado: PLANTILLA_000000027970_Blady.csv (5 filas, col_G=5, fracción=95059099)
2026-08-18 16:52:03,072 [INFO] ✅ Generado: PLANTILLA_000000027966_Possessed_Elf.csv (5 filas, col_G=5, fracción=95059099)
2026-08-18 16:52:03,075 [INFO] ✅ Generado: PLANTILLA_000000027967_Mini_Troll.csv (6 filas, col_G=6, fracción=95059099)
2026-08-18 16:52:03,078 [INFO] ✅ Generado: PLANTILLA_000000027974_Centipede.csv (5 filas, col_G=5, fracción=95059099)
2026-08-18 16:52:03,080 [INFO] ✅ Generado: PLANTILLA_000000027977_Fangsy.csv (5 filas, col_G=5, fracción=95059099)
2026-08-18 16:52:03,082 [INFO] ✅ Generado: PLANTILLA_000000027971_Punky.csv (5 filas, col_G=5, fracción=95059099)
2026-08-18 16:52:03,084 [INFO] ✅ Generado: PLANTILLA_000000027972_Lil´Horns.csv (5 filas, col_G=5, fracción=95059099)
2026-08-18 16:52:03,086 [INFO] ✅ Generado: PLANTILLA_000000027973_BoohBlue.csv (5 filas, col_G=5, fracción=95059099)
2026-08-18 16:52:03,088 [INFO] ✅ Generado: PLANTILLA_000000668651_Midsummer_Horror_Clown.csv (5 filas, col_G=5, fracción=95059099)
2026-08-18 16:52:03,090 [INFO] ✅ Generado: PLANTILLA_000000028120_Liging_Severed_Hand.csv (6 filas, col_G=6, fracción=95059099)
2026-08-18 16:52:03,092 [INFO] ✅ Generado: PLANTILLA_000000028121_Living_Severed_Hand_2.csv (6 filas, col_G=6, fracción=95059099)
2026-08-18 16:52:03,094 [INFO] ✅ Generado: PLANTILLA_000000084812_Serial_Killer_Apron.csv (6 filas, col_G=6, fracción=95059099)
2026-08-18 16:52:03,095 [INFO] ✅ Generado: PLANTILLA_000000084811_Forrest_Killer_Apron.csv (5 filas, col_G=5, fracción=95059099)
2026-08-18 16:52:03,096 [INFO] ✅ Generado: PLANTILLA_000000084810_Butcher_Killer_Apron.csv (5 filas, col_G=5, fracción=95059099)
2026-08-18 16:52:03,098 [INFO] ✅ Generado: PLANTILLA_000000084285_Lord_jester.csv (4 filas, col_G=4, fracción=62101001)
2026-08-18 16:52:03,100 [INFO] ✅ Generado: PLANTILLA_000000084286_Lord_jester.csv (4 filas, col_G=4, fracción=62101001)
2026-08-18 16:52:03,102 [INFO] ✅ Generado: PLANTILLA_000000084287_Lord_jester.csv (4 filas, col_G=4, fracción=62101001)
2026-08-18 16:52:03,103 [INFO] ✅ Generado: PLANTILLA_000000084280_Lady_Harlequin.csv (4 filas, col_G=4, fracción=62101001)
2026-08-18 16:52:03,105 [INFO] ✅ Generado: PLANTILLA_000000084281_Lady_Harlequin.csv (4 filas, col_G=4, fracción=62101001)
2026-08-18 16:52:03,106 [INFO] ✅ Generado: PLANTILLA_000000084282_Lady_Harlequin.csv (4 filas, col_G=4, fracción=62101001)
2026-08-18 16:52:03,107 [INFO] ✅ Generado: PLANTILLA_000000084295_Miss_Circus_Ringmaster.csv (4 filas, col_G=4, fracción=62101001)
2026-08-18 16:52:03,108 [INFO] ✅ Generado: PLANTILLA_000000084296_Miss_Circus_Ringmaster.csv (4 filas, col_G=4, fracción=62101001)
2026-08-18 16:52:03,110 [INFO] ✅ Generado: PLANTILLA_000000084297_Miss_Circus_Ringmaster.csv (4 filas, col_G=4, fracción=62101001)
2026-08-18 16:52:03,111 [INFO] ✅ Generado: PLANTILLA_000000084840_Spooky_Pumpkin_Scarecrow.csv (3 filas, col_G=3, fracción=62101001)
2026-08-18 16:52:03,113 [INFO] ✅ Generado: PLANTILLA_000000084841_Spooky_Pumpkin_Scarecrow.csv (3 filas, col_G=3, fracción=62101001)
2026-08-18 16:52:03,114 [INFO] ✅ Generado: PLANTILLA_000000084842_Spooky_Pumpkin_Scarecrow.csv (3 filas, col_G=3, fracción=62101001)
2026-08-18 16:52:03,116 [INFO] ✅ Generado: PLANTILLA_000000084835_Mont´s_Glowing_Clown.csv (4 filas, col_G=4, fracción=62101001)
2026-08-18 16:52:03,118 [INFO] ✅ Generado: PLANTILLA_000000084836_Mont´s_Glowing_Clown.csv (4 filas, col_G=4, fracción=62101001)
2026-08-18 16:52:03,119 [INFO] ✅ Generado: PLANTILLA_000000084837_Mont´s_Glowing_Clown.csv (4 filas, col_G=4, fracción=62101001)
2026-08-18 16:52:03,121 [INFO] ✅ Generado: PLANTILLA_000000084826_Kramper_Cape.csv (5 filas, col_G=5, fracción=62101001)
2026-08-18 16:52:03,124 [INFO] ✅ Generado: PLANTILLA_000000084822_Christmas_Grumpy_Monster.csv (5 filas, col_G=5, fracción=62101001)
2026-08-18 16:52:03,128 [INFO] ✅ Generado: PLANTILLA_000000084855_Grumpy_Monster.csv (4 filas, col_G=4, fracción=62101001)
2026-08-18 16:52:03,131 [INFO] ✅ Generado: PLANTILLA_000000084825_Sasquatch_Costume.csv (4 filas, col_G=4, fracción=62101001)
2026-08-18 16:52:03,135 [INFO] ✅ Generado: PLANTILLA_000000027898_Rotten_Sandwich.csv (3 filas, col_G=3, fracción=95059099)
2026-08-18 16:52:03,137 [INFO] ✅ Generado: PLANTILLA_000000027895_Disgusting_Hot_Dog.csv (3 filas, col_G=3, fracción=95059099)
2026-08-18 16:52:03,140 [INFO] ✅ Generado: PLANTILLA_000000027916_Nasty_Chinese_Food.csv (3 filas, col_G=3, fracción=95059099)
2026-08-18 16:52:03,142 [INFO] ✅ Generado: PLANTILLA_000000030149_Fiery_clown.csv (3 filas, col_G=3, fracción=95059099)
2026-08-18 16:52:03,143 [INFO] ✅ Generado: PLANTILLA_000000030138_Burger´s_Clown.csv (4 filas, col_G=4, fracción=95059099)
2026-08-18 16:52:03,145 [INFO] ✅ Generado: PLANTILLA_000000149113__Marinero_Creepy.csv (3 filas, col_G=3, fracción=95059099)
2026-08-18 16:52:03,146 [INFO] ✅ Generado: PLANTILLA_000000027976_Chocolate_Gigi.csv (5 filas, col_G=5, fracción=95059099)
2026-08-18 16:52:03,148 [INFO] ✅ Generado: PLANTILLA_000000027977_Fangsy.csv (5 filas, col_G=5, fracción=95059099)
2026-08-18 16:52:03,149 [INFO] ✅ Generado: PLANTILLA_000000030101_Jester_Clown.csv (6 filas, col_G=6, fracción=95059099)
2026-08-18 16:52:03,151 [INFO] ✅ Generado: PLANTILLA_000000030103_Clown_Smiles.csv (6 filas, col_G=6, fracción=95059099)
2026-08-18 16:52:03,154 [INFO] ✅ Generado: PLANTILLA_000000030141_Eyeball_Mask.csv (4 filas, col_G=4, fracción=95059099)
2026-08-18 16:52:03,157 [INFO] ✅ Generado: PLANTILLA_000000030135_Bram.csv (3 filas, col_G=3, fracción=95059099)
2026-08-18 16:52:03,162 [INFO] ✅ Generado: PLANTILLA_000000030136_Lilith.csv (5 filas, col_G=5, fracción=95059099)
2026-08-18 16:52:03,166 [INFO] ✅ Generado: PLANTILLA_000000030157_Ghoulish_Man.csv (4 filas, col_G=4, fracción=95059099)
2026-08-18 16:52:03,169 [INFO] ✅ Generado: PLANTILLA_000000030023_Possessed_samurai.csv (4 filas, col_G=4, fracción=95059099)
2026-08-18 16:52:03,172 [INFO] ✅ Generado: PLANTILLA_000000072202_Alien_Monster.csv (3 filas, col_G=3, fracción=95059099)
2026-08-18 16:52:03,174 [INFO] ✅ Generado: PLANTILLA_000000030009_Cosmic_king.csv (3 filas, col_G=3, fracción=95059099)
2026-08-18 16:52:03,176 [INFO] ✅ Generado: PLANTILLA_000000030128_Zombie_Pug.csv (3 filas, col_G=3, fracción=95059099)
2026-08-18 16:52:03,177 [INFO] ✅ Generado: PLANTILLA_000000027975_Sugar_Kiky.csv (5 filas, col_G=5, fracción=95059099)
2026-08-18 16:52:03,179 [INFO] ✅ Generado: PLANTILLA_000000027968_Nightshade.csv (5 filas, col_G=5, fracción=95059099)
2026-08-18 16:52:03,180 [INFO] ✅ Generado: PLANTILLA_000000027969_Snowbelle.csv (5 filas, col_G=5, fracción=95059099)
2026-08-18 16:52:03,182 [INFO] ✅ Generado: PLANTILLA_000000025838_Alien_Flesh.csv (4 filas, col_G=4, fracción=95059099)
2026-08-18 16:52:03,183 [INFO] ✅ Generado: PLANTILLA_000000030130_Sir_Thomas.csv (3 filas, col_G=3, fracción=95059099)
2026-08-18 16:52:03,185 [INFO] ✅ Generado: PLANTILLA_000000027993_Staffs__Witch_Green.csv (4 filas, col_G=4, fracción=95059099)
2026-08-18 16:52:03,187 [INFO] ✅ Generado: PLANTILLA_000000027797_Waxed_skull.csv (3 filas, col_G=3, fracción=95059099)
2026-08-18 16:52:03,189 [INFO] ✅ Generado: PLANTILLA_000200350005__Cthulu_Mug.csv (3 filas, col_G=3, fracción=69139099)
2026-08-18 16:52:03,191 [INFO] ✅ Generado: PLANTILLA_000200350007__Alien_Mug.csv (3 filas, col_G=3, fracción=69139099)
2026-08-18 16:52:03,193 [INFO] ✅ Generado: PLANTILLA_000200350003__Franky_Mug.csv (3 filas, col_G=3, fracción=69139099)
2026-08-18 16:52:03,196 [INFO] ✅ Generado: PLANTILLA_0000000335101_Skull_Wall_Panels.csv (3 filas, col_G=3, fracción=None)
2026-08-18 16:52:03,198 [INFO] ✅ Generado: PLANTILLA_000000027902_Pale_skin_bag.csv (4 filas, col_G=4, fracción=9505.90.99)
2026-08-18 16:52:03,200 [INFO] ✅ Generado: PLANTILLA_000000029011_Yeti_Mega_Costume.csv (5 filas, col_G=5, fracción=62101001)
2026-08-18 16:52:03,200 [INFO] 
📊 Resumen final:
2026-08-18 16:52:03,201 [INFO]    ✅ Plantillas generadas: 182
2026-08-18 16:52:03,201 [INFO]    ⏭️ Omitidas (sin precio): 0
2026-08-18 16:52:03,201 [INFO]    ❌ Errores (inconsistencia de filas): 0
2026-08-18 16:52:03,201 [INFO]    📁 Carpeta: 'C:\Users\Dany\Desktop\Proyecto\output'
2026-08-18 16:52:03,203 [WARNING] ⚠️ Modelo duplicado detectado: 000000030149 Fiery clown - se elimina la segunda ocurrencia.
2026-08-18 16:52:03,203 [WARNING] ⚠️ Modelo duplicado detectado: 000000030138 Burger´s Clown - se elimina la segunda ocurrencia.
2026-08-18 16:52:03,203 [WARNING] ⚠️ Modelo duplicado detectado: 000000027976 Chocolate Gigi - se elimina la segunda ocurrencia.
2026-08-18 16:52:03,203 [WARNING] ⚠️ Modelo duplicado detectado: 000000027977 Fangsy - se elimina la segunda ocurrencia.
2026-08-18 16:52:03,204 [INFO] 🧹 Desduplicación: 182 → 178 modelos únicos.
2026-08-18 16:52:03,204 [INFO] 📦 178 modelos listos para el bot.
2026-08-18 16:52:03,205 [INFO] 📂 Estado cargado: 5 modelos ya procesados.
2026-08-18 16:52:03,206 [INFO] ⏭️ 5 modelos ya procesados o en fallos. Saltando.
2026-08-18 16:52:03,206 [INFO] 📦 173 modelos pendientes de 178 totales.
2026-08-18 16:52:03,206 [INFO] 🔐 [SIMULACIÓN] Login manual simulado. Presiona Enter para continuar...
2026-08-18 16:52:10,656 [INFO] 🧭 [SIMULACIÓN] Navegación simulada.
2026-08-18 16:52:10,656 [INFO] ⏭️ 5 modelos ya procesados o en fallos. Saltando.
2026-08-18 16:52:45,921 [INFO] 📤 Procesando modelo 000000084296 Miss Circus Ringmaster
2026-08-18 16:52:45,921 [INFO]    [SIMULACIÓN] Modelo 000000084296 Miss Circus Ringmaster procesado (sin navegador).
2026-08-18 16:52:46,239 [INFO] ✅ Modelo 000000084296 Miss Circus Ringmaster completado (intento 1). Folio: None
2026-08-18 16:52:51,138 [INFO] ⏭️ 6 modelos ya procesados o en fallos. Saltando.
