2026-08-11 11:32:26,347 - INFO - ==================================================
2026-08-11 11:32:26,347 - INFO - 🚀 Starting VUCEM Automation Bot
2026-08-11 11:32:26,348 - INFO - ==================================================
2026-08-11 11:32:26,351 - INFO - Cargando proveedores desde BOM...
2026-08-11 11:32:27,806 - INFO - ✅ 3588 proveedores cargados.
2026-08-11 11:32:27,847 - INFO - Cargando insumos por modelo desde BOM (solo categorías al INICIO)...
2026-08-11 11:32:32,256 - INFO - ✅ 1614 modelos con insumos cargados.
2026-08-11 11:32:32,257 - INFO - Procesando archivo maestro (hoja '2026')...
2026-08-11 11:32:32,390 - CRITICAL - ❌ Data preparation failed: 'Worksheet 2026 does not exist.'
2026-08-11 11:33:32,970 - INFO - ==================================================
2026-08-11 11:33:33,009 - INFO - 🚀 Starting VUCEM Automation Bot
2026-08-11 11:33:33,009 - INFO - ==================================================
2026-08-11 11:33:33,016 - INFO - Cargando proveedores desde BOM...
2026-08-11 11:33:34,361 - INFO - ✅ 3588 proveedores cargados.
2026-08-11 11:33:34,361 - INFO - Cargando insumos por modelo desde BOM (solo categorías al INICIO)...
2026-08-11 11:33:38,672 - INFO - ✅ 1614 modelos con insumos cargados.
2026-08-11 11:33:38,673 - INFO - Procesando archivo maestro (hoja '2026')...
2026-08-11 11:33:38,823 - INFO - ✅ Generado: PLANTILLA_000000024505_Assault_mask.csv (3 filas, 0 variables, col_G=3)
2026-08-11 11:33:38,826 - INFO - ✅ Generado: PLANTILLA_000000021292_Hockey_Killer.csv (5 filas, 2 variables, col_G=5)
2026-08-11 11:33:38,829 - INFO - ✅ Generado: PLANTILLA_000000022131_Apocalyptic_Mask.csv (3 filas, 0 variables, col_G=3)
2026-08-11 11:33:38,832 - INFO - ✅ Generado: PLANTILLA_000000021179_Brown_wolf.csv (3 filas, 0 variables, col_G=3)
2026-08-11 11:33:38,835 - INFO - ✅ Generado: PLANTILLA_000000021229_Brown_Dr._Peste.csv (5 filas, 2 variables, col_G=5)
2026-08-11 11:33:38,838 - INFO - ✅ Generado: PLANTILLA_000000021225_Crania_face.csv (5 filas, 2 variables, col_G=5)
2026-08-11 11:33:38,839 - INFO - ✅ Generado: PLANTILLA_000000021107_Jacko.csv (3 filas, 0 variables, col_G=3)
2026-08-11 11:33:38,843 - INFO - ✅ Generado: PLANTILLA_000000050122_Akasha.csv (4 filas, 1 variables, col_G=4)
2026-08-11 11:33:38,845 - INFO - ✅ Generado: PLANTILLA_000000050116_Alucard.csv (3 filas, 0 variables, col_G=3)
2026-08-11 11:33:38,846 - INFO - ✅ Generado: PLANTILLA_000000050118_Mr._Bones_Tan.csv (3 filas, 0 variables, col_G=3)
2026-08-11 11:33:38,848 - INFO - ✅ Generado: PLANTILLA_000000050117_Mr._Bones.csv (3 filas, 0 variables, col_G=3)
2026-08-11 11:33:38,849 - INFO - ✅ Generado: PLANTILLA_000000050120_Daffy.csv (4 filas, 1 variables, col_G=4)
2026-08-11 11:33:38,850 - INFO - ✅ Generado: PLANTILLA_000000050119_Soggy.csv (5 filas, 2 variables, col_G=5)
2026-08-11 11:33:38,852 - INFO - ✅ Generado: PLANTILLA_000000050121_Baba_Yaga.csv (3 filas, 0 variables, col_G=3)
2026-08-11 11:33:38,853 - INFO - ✅ Generado: PLANTILLA_000000350063__Rolan__Street_clown.csv (5 filas, 2 variables, col_G=5)
2026-08-11 11:33:38,855 - INFO - ✅ Generado: PLANTILLA_000000350064_Psychopathic_Clown.csv (7 filas, 4 variables, col_G=7)
2026-08-11 11:33:38,856 - INFO - ✅ Generado: PLANTILLA_000000350065_Rusty_the_Clown.csv (8 filas, 5 variables, col_G=8)
2026-08-11 11:33:38,861 - INFO - ✅ Generado: PLANTILLA_000000350061_Narmoga.csv (6 filas, 3 variables, col_G=6)
2026-08-11 11:33:38,863 - INFO - ✅ Generado: PLANTILLA_000000350062_Agnha.csv (7 filas, 4 variables, col_G=7)
2026-08-11 11:33:38,865 - INFO - ✅ Generado: PLANTILLA_000000350060_Nightstalker.csv (4 filas, 1 variables, col_G=4)
2026-08-11 11:33:38,867 - INFO - ✅ Generado: PLANTILLA_000000350059_Death_Walker.csv (4 filas, 1 variables, col_G=4)
2026-08-11 11:33:38,869 - INFO - ✅ Generado: PLANTILLA_000000030110_Night_Terror.csv (3 filas, 0 variables, col_G=3)
2026-08-11 11:33:38,870 - INFO - ✅ Generado: PLANTILLA_000000030111_Transplanted.csv (4 filas, 1 variables, col_G=4)
2026-08-11 11:33:38,871 - INFO - ✅ Generado: PLANTILLA_000000030109_Splitting_Headache.csv (3 filas, 0 variables, col_G=3)
2026-08-11 11:33:38,874 - INFO - ✅ Generado: PLANTILLA_000000030181_Camazotz.csv (3 filas, 0 variables, col_G=3)
2026-08-11 11:33:38,877 - INFO - ✅ Generado: PLANTILLA_000000030182_Silent_Death.csv (4 filas, 1 variables, col_G=4)
2026-08-11 11:33:38,880 - INFO - ✅ Generado: PLANTILLA_000000030180_Demon_Vampire.csv (3 filas, 0 variables, col_G=3)
2026-08-11 11:33:38,881 - INFO - ✅ Generado: PLANTILLA_000000030173_Pagliacci.csv (3 filas, 0 variables, col_G=3)
2026-08-11 11:33:38,883 - INFO - ✅ Generado: PLANTILLA_000000030116_Dusty_clown.csv (3 filas, 0 variables, col_G=3)
2026-08-11 11:33:38,884 - INFO - ✅ Generado: PLANTILLA_000000030166_Hellbell_clown.csv (6 filas, 3 variables, col_G=6)
2026-08-11 11:33:38,885 - INFO - ✅ Generado: PLANTILLA_000000030149_Fiery_clown.csv (3 filas, 0 variables, col_G=3)
2026-08-11 11:33:38,887 - INFO - ✅ Generado: PLANTILLA_000000030142_Sadistic_clown.csv (5 filas, 2 variables, col_G=5)
2026-08-11 11:33:38,888 - INFO - ✅ Generado: PLANTILLA_000000030100_Toothy_Clown.csv (6 filas, 3 variables, col_G=6)
2026-08-11 11:33:38,890 - INFO - ✅ Generado: PLANTILLA_000000030102_Creppy_Clown_smile.csv (5 filas, 2 variables, col_G=5)
2026-08-11 11:33:38,894 - INFO - ✅ Generado: PLANTILLA_000000030115_Fiendish_clown.csv (3 filas, 0 variables, col_G=3)
2026-08-11 11:33:38,897 - INFO - ✅ Generado: PLANTILLA_000000030117_Jezebel.csv (5 filas, 2 variables, col_G=5)
2026-08-11 11:33:38,898 - INFO - ✅ Generado: PLANTILLA_000000030118_Porky_the_clown.csv (8 filas, 5 variables, col_G=8)
2026-08-11 11:33:38,900 - INFO - ✅ Generado: PLANTILLA_000000030138_Burger´s_Clown.csv (4 filas, 1 variables, col_G=4)
2026-08-11 11:33:38,902 - INFO - ✅ Generado: PLANTILLA_000000030143_Zippy.csv (4 filas, 1 variables, col_G=4)
2026-08-11 11:33:38,903 - INFO - ✅ Generado: PLANTILLA_000000030122_Amuck.csv (4 filas, 1 variables, col_G=4)
2026-08-11 11:33:38,905 - INFO - ✅ Generado: PLANTILLA_000000030159_Upside_Grin_Clown.csv (3 filas, 0 variables, col_G=3)
2026-08-11 11:33:38,908 - INFO - ✅ Generado: PLANTILLA_000000030137_Thug_Clown.csv (4 filas, 1 variables, col_G=4)
2026-08-11 11:33:38,911 - INFO - ✅ Generado: PLANTILLA_000000030120_Crispy.csv (6 filas, 3 variables, col_G=6)
2026-08-11 11:33:38,913 - INFO - ✅ Generado: PLANTILLA_000000030134_Mad_Clown_Biker.csv (3 filas, 0 variables, col_G=3)
2026-08-11 11:33:38,914 - INFO - ✅ Generado: PLANTILLA_000000030167_Spawlown.csv (3 filas, 0 variables, col_G=3)
2026-08-11 11:33:38,915 - INFO - ✅ Generado: PLANTILLA_000000030121_Bumpy.csv (4 filas, 1 variables, col_G=4)
2026-08-11 11:33:38,917 - INFO - ✅ Generado: PLANTILLA_000000030153_Igor.csv (4 filas, 1 variables, col_G=4)
2026-08-11 11:33:38,918 - INFO - ✅ Generado: PLANTILLA_000000030145_Creepy_T.W..csv (4 filas, 1 variables, col_G=4)
2026-08-11 11:33:38,920 - INFO - ✅ Generado: PLANTILLA_000000030148_Creepy_P..csv (4 filas, 1 variables, col_G=4)
2026-08-11 11:33:38,922 - INFO - ✅ Generado: PLANTILLA_000000030146_Creepy_D..csv (4 filas, 1 variables, col_G=4)
2026-08-11 11:33:38,926 - INFO - ✅ Generado: PLANTILLA_000000030147_Creepy_L.L..csv (4 filas, 1 variables, col_G=4)
2026-08-11 11:33:38,929 - INFO - ✅ Generado: PLANTILLA_000000149113_Marinero_Creepy.csv (3 filas, 0 variables, col_G=3)
2026-08-11 11:33:38,931 - INFO - ✅ Generado: PLANTILLA_000000030131_Creepyboobu.csv (4 filas, 1 variables, col_G=4)
2026-08-11 11:33:38,932 - INFO - ✅ Generado: PLANTILLA_000000030151_Mothman.csv (5 filas, 2 variables, col_G=5)
2026-08-11 11:33:38,933 - INFO - ✅ Generado: PLANTILLA_000000030114_Creepy_Peter.csv (3 filas, 0 variables, col_G=3)
2026-08-11 11:33:38,935 - INFO - ✅ Generado: PLANTILLA_000000030174_Crazy_Auguste.csv (4 filas, 1 variables, col_G=4)
2026-08-11 11:33:38,936 - INFO - ✅ Generado: PLANTILLA_000000030176_Brickie_zombie.csv (3 filas, 0 variables, col_G=3)
2026-08-11 11:33:38,938 - INFO - ✅ Generado: PLANTILLA_000000030175_Killer_Identity.csv (3 filas, 0 variables, col_G=3)
2026-08-11 11:33:38,943 - INFO - ✅ Generado: PLANTILLA_000000030171_J_the_Slayer.csv (5 filas, 2 variables, col_G=5)
2026-08-11 11:33:38,946 - INFO - ✅ Generado: PLANTILLA_000000071542_Fleshless_mouth.csv (5 filas, 2 variables, col_G=5)
2026-08-11 11:33:38,949 - INFO - ✅ Generado: PLANTILLA_000000030177_Zombie_pilot.csv (4 filas, 1 variables, col_G=4)
2026-08-11 11:33:38,951 - INFO - ✅ Generado: PLANTILLA_000000030133_Chopper_Rider.csv (3 filas, 0 variables, col_G=3)
2026-08-11 11:33:38,954 - INFO - ✅ Generado: PLANTILLA_000000030178_The_lord.csv (3 filas, 0 variables, col_G=3)
2026-08-11 11:33:38,963 - INFO - ✅ Generado: PLANTILLA_000000030162_Big_Horns_Skull.csv (5 filas, 2 variables, col_G=5)
2026-08-11 11:33:38,966 - INFO - ✅ Generado: PLANTILLA_000000030161_Big_Horns_Skull_Neon.csv (6 filas, 3 variables, col_G=6)
2026-08-11 11:33:38,970 - INFO - ✅ Generado: PLANTILLA_000000030132_Patrol_Skull.csv (3 filas, 0 variables, col_G=3)
2026-08-11 11:33:38,974 - INFO - ✅ Generado: PLANTILLA_000000030160_Big_Horns_Devil.csv (5 filas, 2 variables, col_G=5)
2026-08-11 11:33:38,979 - INFO - ✅ Generado: PLANTILLA_000000030164_Malebranche.csv (4 filas, 1 variables, col_G=4)
2026-08-11 11:33:38,982 - INFO - ✅ Generado: PLANTILLA_000000030123_Possessed_nun.csv (7 filas, 4 variables, col_G=7)
2026-08-11 11:33:38,986 - INFO - ✅ Generado: PLANTILLA_000000030163_Big_Horns_alien.csv (5 filas, 2 variables, col_G=5)
2026-08-11 11:33:38,995 - INFO - ✅ Generado: PLANTILLA_000000072201_Alien_Creepy.csv (3 filas, 0 variables, col_G=3)
2026-08-11 11:33:39,000 - INFO - ✅ Generado: PLANTILLA_000000030152_Morak.csv (3 filas, 0 variables, col_G=3)
2026-08-11 11:33:39,010 - INFO - ✅ Generado: PLANTILLA_000000030158_Blind_Warden.csv (3 filas, 0 variables, col_G=3)
2026-08-11 11:33:39,015 - INFO - ✅ Generado: PLANTILLA_000000030179_Frankorned.csv (3 filas, 0 variables, col_G=3)
2026-08-11 11:33:39,020 - INFO - ✅ Generado: PLANTILLA_000000030168_Gorth.csv (5 filas, 2 variables, col_G=5)
2026-08-11 11:33:39,024 - INFO - ✅ Generado: PLANTILLA_000000030112_Old_Troll.csv (3 filas, 0 variables, col_G=3)
2026-08-11 11:33:39,031 - INFO - ✅ Generado: PLANTILLA_000000030113_Funny_Troll.csv (3 filas, 0 variables, col_G=3)
2026-08-11 11:33:39,033 - INFO - ✅ Generado: PLANTILLA_000000030144_Creepy_Voodoo_Master.csv (4 filas, 1 variables, col_G=4)
2026-08-11 11:33:39,037 - INFO - ✅ Generado: PLANTILLA_000000030150_Anciente_Priest.csv (3 filas, 0 variables, col_G=3)
2026-08-11 11:33:39,043 - INFO - ✅ Generado: PLANTILLA_000000030172_Voodoo_victim.csv (3 filas, 0 variables, col_G=3)
2026-08-11 11:33:39,045 - INFO - ✅ Generado: PLANTILLA_000000030165_Horned_Sorceress.csv (4 filas, 1 variables, col_G=4)
2026-08-11 11:33:39,047 - INFO - ✅ Generado: PLANTILLA_000000071535_Agatha.csv (6 filas, 3 variables, col_G=6)
2026-08-11 11:33:39,049 - INFO - ✅ Generado: PLANTILLA_000000027990_Staffs__Witch.csv (5 filas, 2 variables, col_G=5)
2026-08-11 11:33:39,051 - INFO - ✅ Generado: PLANTILLA_000000071544_Scar_wolf.csv (3 filas, 0 variables, col_G=3)
2026-08-11 11:33:39,053 - INFO - ✅ Generado: PLANTILLA_000000030139_Sack_Creature.csv (5 filas, 2 variables, col_G=5)
2026-08-11 11:33:39,055 - INFO - ✅ Generado: PLANTILLA_000000030124_Mangy_rat.csv (5 filas, 2 variables, col_G=5)
2026-08-11 11:33:39,060 - INFO - ✅ Generado: PLANTILLA_000000030125_Rabid_boar.csv (4 filas, 1 variables, col_G=4)
2026-08-11 11:33:39,062 - INFO - ✅ Generado: PLANTILLA_000000030127_Zombie_Cat.csv (5 filas, 2 variables, col_G=5)
2026-08-11 11:33:39,065 - INFO - ✅ Generado: PLANTILLA_000000030129_Zombie_Capybara.csv (3 filas, 0 variables, col_G=3)
2026-08-11 11:33:39,066 - INFO - ✅ Generado: PLANTILLA_000000030119_Rotten_Panda.csv (5 filas, 2 variables, col_G=5)
2026-08-11 11:33:39,069 - INFO - ✅ Generado: PLANTILLA_000000030169_Apenstein.csv (5 filas, 2 variables, col_G=5)
2026-08-11 11:33:39,072 - INFO - ✅ Generado: PLANTILLA_000000030170_Groaner.csv (3 filas, 0 variables, col_G=3)
2026-08-11 11:33:39,076 - INFO - ✅ Generado: PLANTILLA_000000030154_Evil_Nutcracker.csv (4 filas, 1 variables, col_G=4)
2026-08-11 11:33:39,079 - INFO - ✅ Generado: PLANTILLA_000000030155_Creepy_Happy.csv (6 filas, 3 variables, col_G=6)
2026-08-11 11:33:39,081 - INFO - ✅ Generado: PLANTILLA_000000030156_Creepy_Sad.csv (6 filas, 3 variables, col_G=6)
2026-08-11 11:33:39,083 - INFO - ✅ Generado: PLANTILLA_000000027985_Little_Abyss.csv (7 filas, 4 variables, col_G=7)
2026-08-11 11:33:39,086 - INFO - ✅ Generado: PLANTILLA_000000027984_Little_Ember.csv (7 filas, 4 variables, col_G=7)
2026-08-11 11:33:39,087 - INFO - ✅ Generado: PLANTILLA_000000027983_Little_Goo.csv (7 filas, 4 variables, col_G=7)
2026-08-11 11:33:39,089 - INFO - ✅ Generado: PLANTILLA_000000027982_Little_Greyson.csv (6 filas, 3 variables, col_G=6)
2026-08-11 11:33:39,093 - INFO - ✅ Generado: PLANTILLA_000000027981_Little_Fang.csv (7 filas, 4 variables, col_G=7)
2026-08-11 11:33:39,095 - INFO - ✅ Generado: PLANTILLA_000000027986_Little_Rotty.csv (6 filas, 3 variables, col_G=6)
2026-08-11 11:33:39,097 - INFO - ✅ Generado: PLANTILLA_000000027978_James_busted.csv (5 filas, 2 variables, col_G=5)
2026-08-11 11:33:39,099 - INFO - ✅ Generado: PLANTILLA_000000027979_Helen_Busted.csv (5 filas, 2 variables, col_G=5)
2026-08-11 11:33:39,101 - INFO - ✅ Generado: PLANTILLA_000000027980_William_Busted.csv (5 filas, 2 variables, col_G=5)
2026-08-11 11:33:39,104 - INFO - ✅ Generado: PLANTILLA_000000331008_Bloody_Curtains.csv (3 filas, 0 variables, col_G=3)
2026-08-11 11:33:39,107 - INFO - ✅ Generado: PLANTILLA_000000027994_Effigy.csv (3 filas, 0 variables, col_G=3)
2026-08-11 11:33:39,111 - INFO - ✅ Generado: PLANTILLA_000000027995_Pharaoh.csv (3 filas, 0 variables, col_G=3)
2026-08-11 11:33:39,113 - INFO - ✅ Generado: PLANTILLA_000000027991_Carnivorous_plant_garden_decor.csv (6 filas, 3 variables, col_G=6)
2026-08-11 11:33:39,116 - INFO - ✅ Generado: PLANTILLA_000000027992_Gnome_garden_decor.csv (3 filas, 0 variables, col_G=3)
2026-08-11 11:33:39,118 - INFO - ✅ Generado: PLANTILLA_000000028212_Earth_Dragon_Puppet.csv (3 filas, 0 variables, col_G=3)
2026-08-11 11:33:39,121 - INFO - ✅ Generado: PLANTILLA_000000028213_Fire_Dragon_Puppet.csv (3 filas, 0 variables, col_G=3)
2026-08-11 11:33:39,124 - INFO - ✅ Generado: PLANTILLA_000000028211_Demon_Puppet.csv (3 filas, 0 variables, col_G=3)
2026-08-11 11:33:39,128 - INFO - ✅ Generado: PLANTILLA_000000028214_Goat_Puppet.csv (3 filas, 0 variables, col_G=3)
2026-08-11 11:33:39,131 - INFO - ✅ Generado: PLANTILLA_000000028210_Gargoyle_Puppet.csv (3 filas, 0 variables, col_G=3)
2026-08-11 11:33:39,135 - INFO - ✅ Generado: PLANTILLA_000000028215_Wacky_Clown_Puppet.csv (3 filas, 0 variables, col_G=3)
2026-08-11 11:33:39,138 - INFO - ✅ Generado: PLANTILLA_000000028122_Hobby_Zombie_Unicorn_Stick.csv (7 filas, 4 variables, col_G=7)
2026-08-11 11:33:39,141 - INFO - ✅ Generado: PLANTILLA_000000028123_Hobby_Zombie_Horse_Stick.csv (7 filas, 4 variables, col_G=7)
2026-08-11 11:33:39,145 - INFO - ✅ Generado: PLANTILLA_000000027976_Chocolate_Gigi.csv (5 filas, 2 variables, col_G=5)
2026-08-11 11:33:39,149 - INFO - ✅ Generado: PLANTILLA_000000027970_Blady.csv (5 filas, 2 variables, col_G=5)
2026-08-11 11:33:39,152 - INFO - ✅ Generado: PLANTILLA_000000027966_Possessed_Elf.csv (5 filas, 2 variables, col_G=5)
2026-08-11 11:33:39,155 - INFO - ✅ Generado: PLANTILLA_000000027967_Mini_Troll.csv (6 filas, 3 variables, col_G=6)
2026-08-11 11:33:39,159 - INFO - ✅ Generado: PLANTILLA_000000027974_Centipede.csv (5 filas, 2 variables, col_G=5)
2026-08-11 11:33:39,162 - INFO - ✅ Generado: PLANTILLA_000000027977_Fangsy.csv (5 filas, 2 variables, col_G=5)
2026-08-11 11:33:39,165 - INFO - ✅ Generado: PLANTILLA_000000027971_Punky.csv (5 filas, 2 variables, col_G=5)
2026-08-11 11:33:39,168 - INFO - ✅ Generado: PLANTILLA_000000027972_Lil´Horns.csv (5 filas, 2 variables, col_G=5)
2026-08-11 11:33:39,171 - INFO - ✅ Generado: PLANTILLA_000000027973_BoohBlue.csv (5 filas, 2 variables, col_G=5)
2026-08-11 11:33:39,175 - INFO - ✅ Generado: PLANTILLA_000000668651_Midsummer_Horror_Clown.csv (5 filas, 2 variables, col_G=5)
2026-08-11 11:33:39,179 - INFO - ✅ Generado: PLANTILLA_000000028120_Liging_Severed_Hand.csv (6 filas, 3 variables, col_G=6)
2026-08-11 11:33:39,182 - INFO - ✅ Generado: PLANTILLA_000000028121_Living_Severed_Hand_2.csv (6 filas, 3 variables, col_G=6)
2026-08-11 11:33:39,185 - INFO - ✅ Generado: PLANTILLA_000000084812_Serial_Killer_Apron.csv (7 filas, 4 variables, col_G=7)
2026-08-11 11:33:39,189 - INFO - ✅ Generado: PLANTILLA_000000084811_Forrest_Killer_Apron.csv (6 filas, 3 variables, col_G=6)
2026-08-11 11:33:39,193 - INFO - ✅ Generado: PLANTILLA_000000084810_Butcher_Killer_Apron.csv (7 filas, 4 variables, col_G=7)
2026-08-11 11:33:39,197 - INFO - ✅ Generado: PLANTILLA_000000084285_Lord_jester.csv (13 filas, 10 variables, col_G=13)
2026-08-11 11:33:39,200 - INFO - ✅ Generado: PLANTILLA_000000084286_Lord_jester.csv (14 filas, 11 variables, col_G=14)
2026-08-11 11:33:39,203 - INFO - ✅ Generado: PLANTILLA_000000084287_Lord_jester.csv (14 filas, 11 variables, col_G=14)
2026-08-11 11:33:39,207 - INFO - ✅ Generado: PLANTILLA_000000084280_Lady_Harlequin.csv (14 filas, 11 variables, col_G=14)
2026-08-11 11:33:39,212 - INFO - ✅ Generado: PLANTILLA_000000084281_Lady_Harlequin.csv (14 filas, 11 variables, col_G=14)
2026-08-11 11:33:39,216 - INFO - ✅ Generado: PLANTILLA_000000084282_Lady_Harlequin.csv (14 filas, 11 variables, col_G=14)
2026-08-11 11:33:39,219 - INFO - ✅ Generado: PLANTILLA_000000084295_Miss_Circus_Ringmaster.csv (13 filas, 10 variables, col_G=13)
2026-08-11 11:33:39,221 - INFO - ✅ Generado: PLANTILLA_000000084296_Miss_Circus_Ringmaster.csv (13 filas, 10 variables, col_G=13)
2026-08-11 11:33:39,226 - INFO - ✅ Generado: PLANTILLA_000000084297_Miss_Circus_Ringmaster.csv (13 filas, 10 variables, col_G=13)
2026-08-11 11:33:39,230 - INFO - ✅ Generado: PLANTILLA_000000084840_Spooky_Pumpkin_Scarecrow.csv (8 filas, 5 variables, col_G=8)
2026-08-11 11:33:39,233 - INFO - ✅ Generado: PLANTILLA_000000084841_Spooky_Pumpkin_Scarecrow.csv (8 filas, 5 variables, col_G=8)
2026-08-11 11:33:39,236 - INFO - ✅ Generado: PLANTILLA_000000084842_Spooky_Pumpkin_Scarecrow.csv (8 filas, 5 variables, col_G=8)
2026-08-11 11:33:39,240 - INFO - ✅ Generado: PLANTILLA_000000084835_Mont´s_Glowing_Clown.csv (13 filas, 10 variables, col_G=13)
2026-08-11 11:33:39,244 - INFO - ✅ Generado: PLANTILLA_000000084836_Mont´s_Glowing_Clown.csv (13 filas, 10 variables, col_G=13)
2026-08-11 11:33:39,247 - INFO - ✅ Generado: PLANTILLA_000000084837_Mont´s_Glowing_Clown.csv (13 filas, 10 variables, col_G=13)
2026-08-11 11:33:39,250 - INFO - ✅ Generado: PLANTILLA_000000084826_Kramper_Cape.csv (13 filas, 10 variables, col_G=13)
2026-08-11 11:33:39,254 - INFO - ✅ Generado: PLANTILLA_000000084822_Christmas_Grumpy_Monster.csv (15 filas, 12 variables, col_G=15)
2026-08-11 11:33:39,258 - INFO - ✅ Generado: PLANTILLA_000000084855_Grumpy_Monster.csv (11 filas, 8 variables, col_G=11)
2026-08-11 11:33:39,262 - INFO - ✅ Generado: PLANTILLA_000000084825_Sasquatch_Costume.csv (11 filas, 8 variables, col_G=11)
2026-08-11 11:33:39,265 - INFO - ✅ Generado: PLANTILLA_000000027898_Rotten_Sandwich.csv (3 filas, 0 variables, col_G=3)
2026-08-11 11:33:39,268 - INFO - ✅ Generado: PLANTILLA_000000027895_Disgusting_Hot_Dog.csv (3 filas, 0 variables, col_G=3)
2026-08-11 11:33:39,271 - INFO - ✅ Generado: PLANTILLA_000000027916_Nasty_Chinese_Food.csv (3 filas, 0 variables, col_G=3)
2026-08-11 11:33:39,274 - INFO - ✅ Generado: PLANTILLA_000000030149_Fiery_clown_1.csv (3 filas, 0 variables, col_G=3)
2026-08-11 11:33:39,278 - INFO - ✅ Generado: PLANTILLA_000000030138_Burger´s_Clown_1.csv (4 filas, 1 variables, col_G=4)
2026-08-11 11:33:39,280 - INFO - ✅ Generado: PLANTILLA_000000149113__Marinero_Creepy.csv (3 filas, 0 variables, col_G=3)
2026-08-11 11:33:39,283 - INFO - ✅ Generado: PLANTILLA_000000027976_Chocolate_Gigi_1.csv (5 filas, 2 variables, col_G=5)
2026-08-11 11:33:39,286 - INFO - ✅ Generado: PLANTILLA_000000027977_Fangsy_1.csv (5 filas, 2 variables, col_G=5)
2026-08-11 11:33:39,288 - INFO - ✅ Generado: PLANTILLA_000000030101_Jester_Clown.csv (6 filas, 3 variables, col_G=6)
2026-08-11 11:33:39,291 - INFO - ✅ Generado: PLANTILLA_000000030103_Clown_Smiles.csv (6 filas, 3 variables, col_G=6)
2026-08-11 11:33:39,294 - INFO - ✅ Generado: PLANTILLA_000000030141_Eyeball_Mask.csv (4 filas, 1 variables, col_G=4)
2026-08-11 11:33:39,297 - INFO - ✅ Generado: PLANTILLA_000000030135_Bram.csv (3 filas, 0 variables, col_G=3)
2026-08-11 11:33:39,300 - INFO - ✅ Generado: PLANTILLA_000000030136_Lilith.csv (5 filas, 2 variables, col_G=5)
2026-08-11 11:33:39,302 - INFO - ✅ Generado: PLANTILLA_000000030157_Ghoulish_Man.csv (4 filas, 1 variables, col_G=4)
2026-08-11 11:33:39,305 - INFO - ✅ Generado: PLANTILLA_000000030023_Possessed_samurai.csv (4 filas, 1 variables, col_G=4)
2026-08-11 11:33:39,309 - INFO - ✅ Generado: PLANTILLA_000000072202_Alien_Monster.csv (3 filas, 0 variables, col_G=3)
2026-08-11 11:33:39,311 - INFO - ✅ Generado: PLANTILLA_000000030009_Cosmic_king.csv (3 filas, 0 variables, col_G=3)
2026-08-11 11:33:39,314 - INFO - ✅ Generado: PLANTILLA_000000030128_Zombie_Pug.csv (3 filas, 0 variables, col_G=3)
2026-08-11 11:33:39,317 - INFO - ✅ Generado: PLANTILLA_000000027975_Sugar_Kiky.csv (5 filas, 2 variables, col_G=5)
2026-08-11 11:33:39,319 - INFO - ✅ Generado: PLANTILLA_000000027968_Nightshade.csv (5 filas, 2 variables, col_G=5)
2026-08-11 11:33:39,322 - INFO - ✅ Generado: PLANTILLA_000000027969_Snowbelle.csv (5 filas, 2 variables, col_G=5)
2026-08-11 11:33:39,325 - INFO - ✅ Generado: PLANTILLA_000000025838_Alien_Flesh.csv (4 filas, 1 variables, col_G=4)
2026-08-11 11:33:39,329 - INFO - ✅ Generado: PLANTILLA_000000030130_Sir_Thomas.csv (3 filas, 0 variables, col_G=3)
2026-08-11 11:33:39,332 - INFO - ✅ Generado: PLANTILLA_000000027993_Staffs__Witch_Green.csv (5 filas, 2 variables, col_G=5)
2026-08-11 11:33:39,335 - INFO - ✅ Generado: PLANTILLA_000000027797_Waxed_skull.csv (3 filas, 0 variables, col_G=3)
2026-08-11 11:33:39,338 - INFO - ✅ Generado: PLANTILLA_000200350005__Cthulu_Mug.csv (3 filas, 0 variables, col_G=3)
2026-08-11 11:33:39,341 - INFO - ✅ Generado: PLANTILLA_000200350007__Alien_Mug.csv (3 filas, 0 variables, col_G=3)
2026-08-11 11:33:39,345 - INFO - ✅ Generado: PLANTILLA_000200350003__Franky_Mug.csv (3 filas, 0 variables, col_G=3)
2026-08-11 11:33:39,348 - INFO - ✅ Generado: PLANTILLA_0000000335101_Skull_Wall_Panels.csv (3 filas, 0 variables, col_G=3)
2026-08-11 11:33:39,352 - INFO - ✅ Generado: PLANTILLA_000000027902_Pale_skin_bag.csv (4 filas, 1 variables, col_G=4)
2026-08-11 11:33:39,355 - INFO - ✅ Generado: PLANTILLA_000000027936_Finger_Keychain.csv (5 filas, 2 variables, col_G=5)
2026-08-11 11:33:39,359 - INFO - ✅ Generado: PLANTILLA_000000027937_Tongue_Keychain.csv (5 filas, 2 variables, col_G=5)
2026-08-11 11:33:39,362 - INFO - ✅ Generado: PLANTILLA_000000027938_Eye_Keychain.csv (5 filas, 2 variables, col_G=5)
2026-08-11 11:33:39,366 - INFO - ✅ Generado: PLANTILLA_000000027935_Nose_Keychain.csv (5 filas, 2 variables, col_G=5)
2026-08-11 11:33:39,369 - INFO - ✅ Generado: PLANTILLA_000000027939_Ear_Keychain.csv (5 filas, 2 variables, col_G=5)
2026-08-11 11:33:39,373 - INFO - ✅ Generado: PLANTILLA_000000029011_Yeti_Mega_Costume.csv (10 filas, 7 variables, col_G=10)
2026-08-11 11:33:39,373 - INFO - 
📊 Resumen final:
2026-08-11 11:33:39,374 - INFO -    ✅ Plantillas generadas: 187
2026-08-11 11:33:39,374 - INFO -    ⏭️ Omitidas (sin precio): 0
2026-08-11 11:33:39,375 - INFO -    ❌ Errores (inconsistencia de filas): 0
2026-08-11 11:33:39,376 - INFO -    📁 Carpeta: 'C:\Users\Dany\Desktop\Proyecto\output'
2026-08-11 11:33:39,376 - INFO - 📦 187 modelos listos para el bot.
2026-08-11 11:33:39,377 - INFO - 📦 187 models loaded successfully.
2026-08-11 11:33:52,436 - INFO - ✅ WebDriver initialized.
2026-08-11 11:33:52,436 - INFO - 🌐 Navigating to VUCEM login page...
2026-08-11 11:33:54,281 - CRITICAL - ❌ Critical error: Message: unknown error: net::ERR_NAME_NOT_RESOLVED
  (Session info: chrome=151.0.7922.76)
Stacktrace:
	chromedriver!GetHandleVerifier [0x7ff7d4308935+14ce5]
	chromedriver!GetHandleVerifier [0x7ff7d4308990+14d40]
	chromedriver!(No symbol) [0x7ff7d3e35afd]
	chromedriver!(No symbol) [0x7ff7d3e328c9]
	chromedriver!(No symbol) [0x7ff7d3e22d01]
	chromedriver!(No symbol) [0x7ff7d3e24b6f]
	chromedriver!(No symbol) [0x7ff7d3e232a3]
	chromedriver!(No symbol) [0x7ff7d3e22a6b]
	chromedriver!(No symbol) [0x7ff7d3e22721]
	chromedriver!(No symbol) [0x7ff7d3e203d7]
	chromedriver!(No symbol) [0x7ff7d3e20b52]
	chromedriver!(No symbol) [0x7ff7d3e39da6]
	chromedriver!(No symbol) [0x7ff7d3edf2c4]
	chromedriver!(No symbol) [0x7ff7d3eb95ba]
	chromedriver!(No symbol) [0x7ff7d3ede4ab]
	chromedriver!(No symbol) [0x7ff7d3e8308c]
	chromedriver!(No symbol) [0x7ff7d3e83fb3]
	chromedriver!GetHandleVerifier [0x7ff7d493e5fb+64a9ab]
	chromedriver!GetHandleVerifier [0x7ff7d4938b02+644eb2]
	chromedriver!GetHandleVerifier [0x7ff7d495e39e+66a74e]
	chromedriver!GetHandleVerifier [0x7ff7d4325d6e+3211e]
	chromedriver!GetHandleVerifier [0x7ff7d432e51c+3a8cc]
	chromedriver!GetHandleVerifier [0x7ff7d4312844+1ebf4]
	chromedriver!GetHandleVerifier [0x7ff7d43129d4+1ed84]
	chromedriver!GetHandleVerifier [0x7ff7d42f5d07+20b7]
	KERNEL32!BaseThreadInitThunk [0x7ffe3b4bccb7+17]
	ntdll!RtlUserThreadStart [0x7ffe3b9f91cc+2c]

2026-08-11 11:33:56,869 - INFO - 🛑 Browser closed.
2026-08-11 11:33:56,870 - INFO - ==================================================
2026-08-11 11:33:56,870 - INFO - 🏁 Bot finished.
2026-08-11 11:33:56,870 - INFO - ==================================================
2026-08-11 12:13:28,585 - INFO - ==================================================
2026-08-11 12:13:28,586 - INFO - 🚀 Starting VUCEM Automation Bot
2026-08-11 12:13:28,586 - INFO - ==================================================
2026-08-11 12:13:28,588 - INFO - Cargando proveedores desde BOM...
2026-08-11 12:13:28,635 - INFO - ✅ 35 proveedores cargados.
2026-08-11 12:13:28,635 - INFO - Cargando insumos por modelo desde BOM (solo categorías al INICIO)...
2026-08-11 12:13:28,648 - INFO - ✅ 20 modelos con insumos cargados.
2026-08-11 12:13:28,649 - INFO - Procesando archivo maestro (hoja '2026')...
2026-08-11 12:13:28,677 - INFO - ✅ Generado: PLANTILLA_Daffy.csv (3 filas, 0 variables, col_G=3)
2026-08-11 12:13:28,678 - INFO - ✅ Generado: PLANTILLA_Crania_face.csv (3 filas, 0 variables, col_G=3)
2026-08-11 12:13:28,683 - INFO - ✅ Generado: PLANTILLA_Daffy_1.csv (3 filas, 0 variables, col_G=3)
2026-08-11 12:13:28,685 - INFO - ✅ Generado: PLANTILLA_Death_Walker.csv (3 filas, 0 variables, col_G=3)
2026-08-11 12:13:28,687 - INFO - ✅ Generado: PLANTILLA_Nightstalker.csv (3 filas, 0 variables, col_G=3)
2026-08-11 12:13:28,688 - INFO - ✅ Generado: PLANTILLA_Narmoga.csv (3 filas, 0 variables, col_G=3)
2026-08-11 12:13:28,689 - INFO - ✅ Generado: PLANTILLA_Narmoga_1.csv (3 filas, 0 variables, col_G=3)
2026-08-11 12:13:28,691 - INFO - ✅ Generado: PLANTILLA_Psychopathic_Clown.csv (3 filas, 0 variables, col_G=3)
2026-08-11 12:13:28,693 - INFO - ✅ Generado: PLANTILLA_Crania_face_1.csv (3 filas, 0 variables, col_G=3)
2026-08-11 12:13:28,695 - INFO - ✅ Generado: PLANTILLA_Psychopathic_Clown_1.csv (3 filas, 0 variables, col_G=3)
2026-08-11 12:13:28,696 - INFO - ✅ Generado: PLANTILLA_Agnha.csv (3 filas, 0 variables, col_G=3)
2026-08-11 12:13:28,699 - INFO - ✅ Generado: PLANTILLA_Soggy.csv (3 filas, 0 variables, col_G=3)
2026-08-11 12:13:28,701 - INFO - ✅ Generado: PLANTILLA_Brown_wolf.csv (3 filas, 0 variables, col_G=3)
2026-08-11 12:13:28,702 - INFO - ✅ Generado: PLANTILLA_Narmoga_2.csv (3 filas, 0 variables, col_G=3)
2026-08-11 12:13:28,704 - INFO - ✅ Generado: PLANTILLA_Narmoga_3.csv (3 filas, 0 variables, col_G=3)
2026-08-11 12:13:28,706 - INFO - ✅ Generado: PLANTILLA_Baba_Yaga.csv (3 filas, 0 variables, col_G=3)
2026-08-11 12:13:28,707 - INFO - ✅ Generado: PLANTILLA_Jacko.csv (3 filas, 0 variables, col_G=3)
2026-08-11 12:13:28,709 - INFO - ✅ Generado: PLANTILLA_Apocalyptic_Mask.csv (3 filas, 0 variables, col_G=3)
2026-08-11 12:13:28,711 - INFO - ✅ Generado: PLANTILLA_Hockey_Killer.csv (3 filas, 0 variables, col_G=3)
2026-08-11 12:13:28,712 - INFO - ✅ Generado: PLANTILLA_Rolan_Street_clown.csv (3 filas, 0 variables, col_G=3)
2026-08-11 12:13:28,712 - INFO - 
📊 Resumen final:
2026-08-11 12:13:28,713 - INFO -    ✅ Plantillas generadas: 20
2026-08-11 12:13:28,713 - INFO -    ⏭️ Omitidas (sin precio): 0
2026-08-11 12:13:28,714 - INFO -    ❌ Errores (inconsistencia de filas): 0
2026-08-11 12:13:28,714 - INFO -    📁 Carpeta: 'C:\Users\Dany\Desktop\Proyecto\output'
2026-08-11 12:13:28,714 - INFO - 📦 20 modelos listos para el bot.
2026-08-11 12:13:28,715 - INFO - 📦 20 models loaded successfully.
2026-08-11 12:13:28,715 - INFO - 🔧 Modo simulación activado: no se abrirá el navegador.
2026-08-11 12:13:28,716 - INFO - 🔐 [SIMULACIÓN] Inicio de sesión manual simulado. Presiona Enter para continuar...
2026-08-11 12:13:33,693 - INFO - 🔄 Processing 1/20: Daffy
2026-08-11 12:14:56,172 - INFO - 📤 Procesando modelo Daffy con 3 insumos seleccionados.
2026-08-11 12:14:56,173 - INFO -    [SIMULACIÓN] Subiría los siguientes insumos para Daffy:
2026-08-11 12:14:56,173 - INFO -       - Latex Natural (precio unitario: 31.18)
2026-08-11 12:14:56,173 - INFO -       - Caolin (precio unitario: 31.18)
2026-08-11 12:14:56,174 - INFO -       - AGENTE VULCANIZANTE PARA LATEX (precio unitario: 31.18)
2026-08-11 12:14:56,174 - INFO -    [SIMULACIÓN] Modelo Daffy procesado (simulado).
2026-08-11 12:14:56,675 - INFO - ✅ Model Daffy completed.
2026-08-11 12:14:56,676 - INFO - 🔄 Processing 2/20: Crania face
2026-08-12 10:43:41,304 - INFO - ============================================================
2026-08-12 10:43:41,305 - INFO - 🚀 VUCEM Automation Bot (Autónomo con Reintentos)
2026-08-12 10:43:41,309 - INFO - Cargando proveedores desde BOM...
2026-08-12 10:43:41,360 - INFO - ✅ 35 proveedores cargados.
2026-08-12 10:43:41,360 - INFO - Cargando insumos por modelo desde BOM (solo categorías al INICIO)...
2026-08-12 10:43:41,385 - INFO - ✅ 20 modelos con insumos cargados.
2026-08-12 10:43:41,386 - INFO - Procesando archivo maestro (hoja '2026')...
2026-08-12 10:43:41,422 - INFO - ✅ Generado: PLANTILLA_Alucard.csv (3 filas, 0 variables, col_G=3)
2026-08-12 10:43:41,427 - INFO - ✅ Generado: PLANTILLA_Brown_wolf_1.csv (3 filas, 0 variables, col_G=3)
2026-08-12 10:43:41,431 - INFO - ✅ Generado: PLANTILLA_Baba_Yaga_1.csv (3 filas, 0 variables, col_G=3)
2026-08-12 10:43:41,438 - INFO - ✅ Generado: PLANTILLA_Narmoga_4.csv (3 filas, 0 variables, col_G=3)
2026-08-12 10:43:41,443 - INFO - ✅ Generado: PLANTILLA_Alucard_1.csv (3 filas, 0 variables, col_G=3)
2026-08-12 10:43:41,448 - INFO - ✅ Generado: PLANTILLA_Narmoga_5.csv (3 filas, 0 variables, col_G=3)
2026-08-12 10:43:41,455 - INFO - ✅ Generado: PLANTILLA_Mr._Bones_Tan.csv (3 filas, 0 variables, col_G=3)
2026-08-12 10:43:41,460 - INFO - ✅ Generado: PLANTILLA_Hockey_Killer_1.csv (3 filas, 0 variables, col_G=3)
2026-08-12 10:43:41,464 - INFO - ✅ Generado: PLANTILLA_Death_Walker_1.csv (3 filas, 0 variables, col_G=3)
2026-08-12 10:43:41,470 - INFO - ✅ Generado: PLANTILLA_Nightstalker_1.csv (3 filas, 0 variables, col_G=3)
2026-08-12 10:43:41,475 - INFO - ✅ Generado: PLANTILLA_Mr._Bones.csv (3 filas, 0 variables, col_G=3)
2026-08-12 10:43:41,480 - INFO - ✅ Generado: PLANTILLA_Narmoga_6.csv (3 filas, 0 variables, col_G=3)
2026-08-12 10:43:41,484 - INFO - ✅ Generado: PLANTILLA_Rusty_the_Clown.csv (3 filas, 0 variables, col_G=3)
2026-08-12 10:43:41,489 - INFO - ✅ Generado: PLANTILLA_Rusty_the_Clown_1.csv (3 filas, 0 variables, col_G=3)
2026-08-12 10:43:41,492 - INFO - ✅ Generado: PLANTILLA_Nightstalker_2.csv (3 filas, 0 variables, col_G=3)
2026-08-12 10:43:41,495 - INFO - ✅ Generado: PLANTILLA_Psychopathic_Clown_2.csv (3 filas, 0 variables, col_G=3)
2026-08-12 10:43:41,497 - INFO - ✅ Generado: PLANTILLA_Apocalyptic_Mask_1.csv (3 filas, 0 variables, col_G=3)
2026-08-12 10:43:41,501 - INFO - ✅ Generado: PLANTILLA_Baba_Yaga_2.csv (3 filas, 0 variables, col_G=3)
2026-08-12 10:43:41,505 - INFO - ✅ Generado: PLANTILLA_Psychopathic_Clown_3.csv (3 filas, 0 variables, col_G=3)
2026-08-12 10:43:41,508 - INFO - ✅ Generado: PLANTILLA_Agnha_1.csv (3 filas, 0 variables, col_G=3)
2026-08-12 10:43:41,509 - INFO - 
📊 Resumen final:
2026-08-12 10:43:41,509 - INFO -    ✅ Plantillas generadas: 20
2026-08-12 10:43:41,510 - INFO -    ⏭️ Omitidas (sin precio): 0
2026-08-12 10:43:41,510 - INFO -    ❌ Errores (inconsistencia de filas): 0
2026-08-12 10:43:41,510 - INFO -    📁 Carpeta: 'C:\Users\Dany\Desktop\Proyecto\output'
2026-08-12 10:43:41,511 - INFO - 📦 20 modelos listos para el bot.
2026-08-12 10:43:41,511 - INFO - 📦 20 modelos pendientes de 20 totales.
2026-08-12 10:43:41,512 - INFO - 🔐 [SIMULACIÓN] Inicio de sesión manual simulado.
2026-08-12 10:43:59,896 - INFO - 🔄 [1/20] Procesando Alucard
2026-08-12 10:43:59,896 - INFO - 🔄 Procesando modelo: Alucard
2026-08-12 10:43:59,897 - INFO -    [SIMULACIÓN] Procesando modelo Alucard
2026-08-12 10:44:00,446 - INFO - ✅ Modelo Alucard completado (intento 1).
2026-08-12 10:44:00,447 - INFO - 🔄 [2/20] Procesando Brown wolf
2026-08-12 10:44:00,448 - INFO - 🔄 Procesando modelo: Brown wolf
2026-08-12 10:44:00,449 - INFO -    [SIMULACIÓN] Procesando modelo Brown wolf
2026-08-12 10:44:01,001 - INFO - ✅ Modelo Brown wolf completado (intento 1).
2026-08-12 10:44:01,002 - INFO - 🔄 [3/20] Procesando Baba Yaga
2026-08-12 10:44:01,004 - INFO - 🔄 Procesando modelo: Baba Yaga
2026-08-12 10:44:01,006 - INFO -    [SIMULACIÓN] Procesando modelo Baba Yaga
2026-08-12 10:44:01,564 - INFO - ✅ Modelo Baba Yaga completado (intento 1).
2026-08-12 10:44:01,567 - INFO - 🔄 [4/20] Procesando Narmoga
2026-08-12 10:44:01,568 - INFO - 🔄 Procesando modelo: Narmoga
2026-08-12 10:44:01,568 - INFO -    [SIMULACIÓN] Procesando modelo Narmoga
2026-08-12 10:44:02,126 - INFO - ✅ Modelo Narmoga completado (intento 1).
2026-08-12 10:44:02,128 - INFO - 🔄 [5/20] Procesando Alucard
2026-08-12 10:44:02,129 - INFO - 🔄 Procesando modelo: Alucard
2026-08-12 10:44:02,129 - INFO -    [SIMULACIÓN] Procesando modelo Alucard
2026-08-12 10:44:02,684 - INFO - ✅ Modelo Alucard completado (intento 1).
2026-08-12 10:44:02,687 - INFO - 🔄 [6/20] Procesando Narmoga
2026-08-12 10:44:02,687 - INFO - 🔄 Procesando modelo: Narmoga
2026-08-12 10:44:02,688 - INFO -    [SIMULACIÓN] Procesando modelo Narmoga
2026-08-12 10:44:03,241 - INFO - ✅ Modelo Narmoga completado (intento 1).
2026-08-12 10:44:03,242 - INFO - 🔄 [7/20] Procesando Mr. Bones Tan
2026-08-12 10:44:03,243 - INFO - 🔄 Procesando modelo: Mr. Bones Tan
2026-08-12 10:44:03,244 - INFO -    [SIMULACIÓN] Procesando modelo Mr. Bones Tan
2026-08-12 10:44:03,797 - INFO - ✅ Modelo Mr. Bones Tan completado (intento 1).
2026-08-12 10:44:03,797 - INFO - 🔄 [8/20] Procesando Hockey Killer
2026-08-12 10:44:03,799 - INFO - 🔄 Procesando modelo: Hockey Killer
2026-08-12 10:44:03,800 - INFO -    [SIMULACIÓN] Procesando modelo Hockey Killer
2026-08-12 10:44:04,311 - INFO - ✅ Modelo Hockey Killer completado (intento 1).
2026-08-12 10:44:04,312 - INFO - 🔄 [9/20] Procesando Death Walker
2026-08-12 10:44:04,313 - INFO - 🔄 Procesando modelo: Death Walker
2026-08-12 10:44:04,314 - INFO -    [SIMULACIÓN] Procesando modelo Death Walker
2026-08-12 10:44:04,827 - INFO - ✅ Modelo Death Walker completado (intento 1).
2026-08-12 10:44:04,828 - INFO - 🔄 [10/20] Procesando Nightstalker
2026-08-12 10:44:04,828 - INFO - 🔄 Procesando modelo: Nightstalker
2026-08-12 10:44:04,829 - INFO -    [SIMULACIÓN] Procesando modelo Nightstalker
2026-08-12 10:44:05,357 - INFO - ✅ Modelo Nightstalker completado (intento 1).
2026-08-12 10:44:05,359 - INFO - 🔄 [11/20] Procesando Mr. Bones
2026-08-12 10:44:05,360 - INFO - 🔄 Procesando modelo: Mr. Bones
2026-08-12 10:44:05,362 - INFO -    [SIMULACIÓN] Procesando modelo Mr. Bones
2026-08-12 10:44:05,914 - INFO - ✅ Modelo Mr. Bones completado (intento 1).
2026-08-12 10:44:05,916 - INFO - 🔄 [12/20] Procesando Narmoga
2026-08-12 10:44:05,917 - INFO - 🔄 Procesando modelo: Narmoga
2026-08-12 10:44:05,918 - INFO -    [SIMULACIÓN] Procesando modelo Narmoga
2026-08-12 10:44:06,473 - INFO - ✅ Modelo Narmoga completado (intento 1).
2026-08-12 10:44:06,474 - INFO - 🔄 [13/20] Procesando Rusty the Clown
2026-08-12 10:44:06,476 - INFO - 🔄 Procesando modelo: Rusty the Clown
2026-08-12 10:44:06,476 - INFO -    [SIMULACIÓN] Procesando modelo Rusty the Clown
2026-08-12 10:44:07,030 - INFO - ✅ Modelo Rusty the Clown completado (intento 1).
2026-08-12 10:44:07,031 - INFO - 🔄 [14/20] Procesando Rusty the Clown
2026-08-12 10:44:07,032 - INFO - 🔄 Procesando modelo: Rusty the Clown
2026-08-12 10:44:07,033 - INFO -    [SIMULACIÓN] Procesando modelo Rusty the Clown
2026-08-12 10:44:07,587 - INFO - ✅ Modelo Rusty the Clown completado (intento 1).
2026-08-12 10:44:07,588 - INFO - 🔄 [15/20] Procesando Nightstalker
2026-08-12 10:44:07,590 - INFO - 🔄 Procesando modelo: Nightstalker
2026-08-12 10:44:07,591 - INFO -    [SIMULACIÓN] Procesando modelo Nightstalker
2026-08-12 10:44:08,145 - INFO - ✅ Modelo Nightstalker completado (intento 1).
2026-08-12 10:44:08,146 - INFO - 🔄 [16/20] Procesando Psychopathic Clown
2026-08-12 10:44:08,147 - INFO - 🔄 Procesando modelo: Psychopathic Clown
2026-08-12 10:44:08,147 - INFO -    [SIMULACIÓN] Procesando modelo Psychopathic Clown
2026-08-12 10:44:08,699 - INFO - ✅ Modelo Psychopathic Clown completado (intento 1).
2026-08-12 10:44:08,700 - INFO - 🔄 [17/20] Procesando Apocalyptic Mask
2026-08-12 10:44:08,701 - INFO - 🔄 Procesando modelo: Apocalyptic Mask
2026-08-12 10:44:08,702 - INFO -    [SIMULACIÓN] Procesando modelo Apocalyptic Mask
2026-08-12 10:44:09,260 - INFO - ✅ Modelo Apocalyptic Mask completado (intento 1).
2026-08-12 10:44:09,261 - INFO - 🔄 [18/20] Procesando Baba Yaga
2026-08-12 10:44:09,263 - INFO - 🔄 Procesando modelo: Baba Yaga
2026-08-12 10:44:09,265 - INFO -    [SIMULACIÓN] Procesando modelo Baba Yaga
2026-08-12 10:44:09,821 - INFO - ✅ Modelo Baba Yaga completado (intento 1).
2026-08-12 10:44:09,822 - INFO - 🔄 [19/20] Procesando Psychopathic Clown
2026-08-12 10:44:09,823 - INFO - 🔄 Procesando modelo: Psychopathic Clown
2026-08-12 10:44:09,824 - INFO -    [SIMULACIÓN] Procesando modelo Psychopathic Clown
2026-08-12 10:44:10,380 - INFO - ✅ Modelo Psychopathic Clown completado (intento 1).
2026-08-12 10:44:10,381 - INFO - 🔄 [20/20] Procesando Agnha
2026-08-12 10:44:10,382 - INFO - 🔄 Procesando modelo: Agnha
2026-08-12 10:44:10,383 - INFO -    [SIMULACIÓN] Procesando modelo Agnha
2026-08-12 10:44:10,927 - INFO - ✅ Modelo Agnha completado (intento 1).
2026-08-12 10:44:10,928 - INFO - ============================================================
2026-08-12 10:44:10,929 - INFO - 🏁 Procesamiento finalizado.
2026-08-12 10:44:10,930 - INFO - 📊 Resumen final:
2026-08-12 10:44:10,931 - INFO -    ✅ Procesados con éxito: 13
2026-08-12 10:44:10,932 - INFO -    ❌ Fallidos para revisión manual: 0
2026-08-12 10:44:10,932 - INFO - ============================================================
2026-08-12 11:18:16,975 - INFO - ============================================================
2026-08-12 11:18:16,976 - INFO - 🚀 VUCEM Automation Bot (Autónomo con Reintentos)
2026-08-12 11:18:16,985 - INFO - Cargando proveedores desde BOM...
2026-08-12 11:18:17,052 - INFO - ✅ 35 proveedores cargados.
2026-08-12 11:18:17,052 - INFO - Cargando insumos por modelo desde BOM (solo categorías al INICIO)...
2026-08-12 11:18:17,081 - INFO - ✅ 20 modelos con insumos cargados.
2026-08-12 11:18:17,082 - INFO - Procesando archivo maestro (hoja '2026')...
2026-08-12 11:18:17,137 - INFO - ✅ Generado: PLANTILLA_Alucard_2.csv (3 filas, 0 variables, col_G=3)
2026-08-12 11:18:17,185 - INFO - ✅ Generado: PLANTILLA_Brown_wolf_2.csv (3 filas, 0 variables, col_G=3)
2026-08-12 11:18:17,192 - INFO - ✅ Generado: PLANTILLA_Baba_Yaga_3.csv (3 filas, 0 variables, col_G=3)
2026-08-12 11:18:17,200 - INFO - ✅ Generado: PLANTILLA_Narmoga_7.csv (3 filas, 0 variables, col_G=3)
2026-08-12 11:18:17,205 - INFO - ✅ Generado: PLANTILLA_Alucard_3.csv (3 filas, 0 variables, col_G=3)
2026-08-12 11:18:17,211 - INFO - ✅ Generado: PLANTILLA_Narmoga_8.csv (3 filas, 0 variables, col_G=3)
2026-08-12 11:18:17,216 - INFO - ✅ Generado: PLANTILLA_Mr._Bones_Tan_1.csv (3 filas, 0 variables, col_G=3)
2026-08-12 11:18:17,221 - INFO - ✅ Generado: PLANTILLA_Hockey_Killer_2.csv (3 filas, 0 variables, col_G=3)
2026-08-12 11:18:17,228 - INFO - ✅ Generado: PLANTILLA_Death_Walker_2.csv (3 filas, 0 variables, col_G=3)
2026-08-12 11:18:17,242 - INFO - ✅ Generado: PLANTILLA_Nightstalker_3.csv (3 filas, 0 variables, col_G=3)
2026-08-12 11:18:17,251 - INFO - ✅ Generado: PLANTILLA_Mr._Bones_1.csv (3 filas, 0 variables, col_G=3)
2026-08-12 11:18:17,261 - INFO - ✅ Generado: PLANTILLA_Narmoga_9.csv (3 filas, 0 variables, col_G=3)
2026-08-12 11:18:17,293 - INFO - ✅ Generado: PLANTILLA_Rusty_the_Clown_2.csv (3 filas, 0 variables, col_G=3)
2026-08-12 11:18:17,310 - INFO - ✅ Generado: PLANTILLA_Rusty_the_Clown_3.csv (3 filas, 0 variables, col_G=3)
2026-08-12 11:18:17,320 - INFO - ✅ Generado: PLANTILLA_Nightstalker_4.csv (3 filas, 0 variables, col_G=3)
2026-08-12 11:18:17,324 - INFO - ✅ Generado: PLANTILLA_Psychopathic_Clown_4.csv (3 filas, 0 variables, col_G=3)
2026-08-12 11:18:17,329 - INFO - ✅ Generado: PLANTILLA_Apocalyptic_Mask_2.csv (3 filas, 0 variables, col_G=3)
2026-08-12 11:18:17,336 - INFO - ✅ Generado: PLANTILLA_Baba_Yaga_4.csv (3 filas, 0 variables, col_G=3)
2026-08-12 11:18:17,339 - INFO - ✅ Generado: PLANTILLA_Psychopathic_Clown_5.csv (3 filas, 0 variables, col_G=3)
2026-08-12 11:18:17,341 - INFO - ✅ Generado: PLANTILLA_Agnha_2.csv (3 filas, 0 variables, col_G=3)
2026-08-12 11:18:17,342 - INFO - 
📊 Resumen final:
2026-08-12 11:18:17,342 - INFO -    ✅ Plantillas generadas: 20
2026-08-12 11:18:17,343 - INFO -    ⏭️ Omitidas (sin precio): 0
2026-08-12 11:18:17,343 - INFO -    ❌ Errores (inconsistencia de filas): 0
2026-08-12 11:18:17,344 - INFO -    📁 Carpeta: 'C:\Users\Dany\Desktop\Proyecto\output'
2026-08-12 11:18:17,344 - INFO - 📦 20 modelos listos para el bot.
2026-08-12 11:18:17,344 - INFO - 📦 20 modelos pendientes de 20 totales.
2026-08-12 11:18:17,345 - INFO - 🔐 [SIMULACIÓN] Inicio de sesión manual simulado. Presiona Enter para continuar...
2026-08-12 11:18:23,110 - INFO - 🧭 [SIMULACIÓN] Navegación simulada.
2026-08-12 11:18:23,111 - INFO - 🔄 [1/20] Procesando Alucard
2026-08-12 11:18:23,112 - INFO - 📤 Procesando modelo Alucard
2026-08-12 11:18:23,113 - INFO -    [SIMULACIÓN] Modelo Alucard procesado (sin navegador).
2026-08-12 11:18:23,463 - INFO - ✅ Modelo Alucard completado (intento 1).
2026-08-12 11:18:23,464 - INFO - 🔄 [2/20] Procesando Brown wolf
2026-08-12 11:18:23,465 - INFO - 📤 Procesando modelo Brown wolf
2026-08-12 11:18:23,465 - INFO -    [SIMULACIÓN] Modelo Brown wolf procesado (sin navegador).
2026-08-12 11:18:23,789 - INFO - ✅ Modelo Brown wolf completado (intento 1).
2026-08-12 11:18:23,790 - INFO - 🔄 [3/20] Procesando Baba Yaga
2026-08-12 11:18:23,791 - INFO - 📤 Procesando modelo Baba Yaga
2026-08-12 11:18:23,792 - INFO -    [SIMULACIÓN] Modelo Baba Yaga procesado (sin navegador).
2026-08-12 11:18:24,136 - INFO - ✅ Modelo Baba Yaga completado (intento 1).
2026-08-12 11:18:24,137 - INFO - 🔄 [4/20] Procesando Narmoga
2026-08-12 11:18:24,138 - INFO - 📤 Procesando modelo Narmoga
2026-08-12 11:18:24,139 - INFO -    [SIMULACIÓN] Modelo Narmoga procesado (sin navegador).
2026-08-12 11:18:24,499 - INFO - ✅ Modelo Narmoga completado (intento 1).
2026-08-12 11:18:24,513 - INFO - 🔄 [5/20] Procesando Alucard
2026-08-12 11:18:24,516 - INFO - 📤 Procesando modelo Alucard
2026-08-12 11:18:24,518 - INFO -    [SIMULACIÓN] Modelo Alucard procesado (sin navegador).
2026-08-12 11:18:24,889 - INFO - ✅ Modelo Alucard completado (intento 1).
2026-08-12 11:18:24,898 - INFO - 🔄 [6/20] Procesando Narmoga
2026-08-12 11:18:24,902 - INFO - 📤 Procesando modelo Narmoga
2026-08-12 11:18:24,906 - INFO -    [SIMULACIÓN] Modelo Narmoga procesado (sin navegador).
2026-08-12 11:18:25,263 - INFO - ✅ Modelo Narmoga completado (intento 1).
2026-08-12 11:18:25,264 - INFO - 🔄 [7/20] Procesando Mr. Bones Tan
2026-08-12 11:18:25,265 - INFO - 📤 Procesando modelo Mr. Bones Tan
2026-08-12 11:18:25,266 - INFO -    [SIMULACIÓN] Modelo Mr. Bones Tan procesado (sin navegador).
2026-08-12 11:18:25,579 - INFO - ✅ Modelo Mr. Bones Tan completado (intento 1).
2026-08-12 11:18:25,580 - INFO - 🔄 [8/20] Procesando Hockey Killer
2026-08-12 11:18:25,581 - INFO - 📤 Procesando modelo Hockey Killer
2026-08-12 11:18:25,582 - INFO -    [SIMULACIÓN] Modelo Hockey Killer procesado (sin navegador).
2026-08-12 11:18:25,896 - INFO - ✅ Modelo Hockey Killer completado (intento 1).
2026-08-12 11:18:25,897 - INFO - 🔄 [9/20] Procesando Death Walker
2026-08-12 11:18:25,897 - INFO - 📤 Procesando modelo Death Walker
2026-08-12 11:18:25,898 - INFO -    [SIMULACIÓN] Modelo Death Walker procesado (sin navegador).
2026-08-12 11:18:26,250 - INFO - ✅ Modelo Death Walker completado (intento 1).
2026-08-12 11:18:26,251 - INFO - 🔄 [10/20] Procesando Nightstalker
2026-08-12 11:18:26,252 - INFO - 📤 Procesando modelo Nightstalker
2026-08-12 11:18:26,252 - INFO -    [SIMULACIÓN] Modelo Nightstalker procesado (sin navegador).
2026-08-12 11:18:26,609 - INFO - ✅ Modelo Nightstalker completado (intento 1).
2026-08-12 11:18:26,610 - INFO - 🔄 [11/20] Procesando Mr. Bones
2026-08-12 11:18:26,612 - INFO - 📤 Procesando modelo Mr. Bones
2026-08-12 11:18:26,613 - INFO -    [SIMULACIÓN] Modelo Mr. Bones procesado (sin navegador).
2026-08-12 11:18:26,927 - INFO - ✅ Modelo Mr. Bones completado (intento 1).
2026-08-12 11:18:26,928 - INFO - 🔄 [12/20] Procesando Narmoga
2026-08-12 11:18:26,928 - INFO - 📤 Procesando modelo Narmoga
2026-08-12 11:18:26,929 - INFO -    [SIMULACIÓN] Modelo Narmoga procesado (sin navegador).
2026-08-12 11:18:27,284 - INFO - ✅ Modelo Narmoga completado (intento 1).
2026-08-12 11:18:27,284 - INFO - 🔄 [13/20] Procesando Rusty the Clown
2026-08-12 11:18:27,285 - INFO - 📤 Procesando modelo Rusty the Clown
2026-08-12 11:18:27,285 - INFO -    [SIMULACIÓN] Modelo Rusty the Clown procesado (sin navegador).
2026-08-12 11:18:27,607 - INFO - ✅ Modelo Rusty the Clown completado (intento 1).
2026-08-12 11:18:27,609 - INFO - 🔄 [14/20] Procesando Rusty the Clown
2026-08-12 11:18:27,612 - INFO - 📤 Procesando modelo Rusty the Clown
2026-08-12 11:18:27,614 - INFO -    [SIMULACIÓN] Modelo Rusty the Clown procesado (sin navegador).
2026-08-12 11:18:27,968 - INFO - ✅ Modelo Rusty the Clown completado (intento 1).
2026-08-12 11:18:27,969 - INFO - 🔄 [15/20] Procesando Nightstalker
2026-08-12 11:18:27,970 - INFO - 📤 Procesando modelo Nightstalker
2026-08-12 11:18:27,970 - INFO -    [SIMULACIÓN] Modelo Nightstalker procesado (sin navegador).
2026-08-12 11:18:28,285 - INFO - ✅ Modelo Nightstalker completado (intento 1).
2026-08-12 11:18:28,286 - INFO - 🔄 [16/20] Procesando Psychopathic Clown
2026-08-12 11:18:28,287 - INFO - 📤 Procesando modelo Psychopathic Clown
2026-08-12 11:18:28,288 - INFO -    [SIMULACIÓN] Modelo Psychopathic Clown procesado (sin navegador).
2026-08-12 11:18:28,640 - INFO - ✅ Modelo Psychopathic Clown completado (intento 1).
2026-08-12 11:18:28,640 - INFO - 🔄 [17/20] Procesando Apocalyptic Mask
2026-08-12 11:18:28,641 - INFO - 📤 Procesando modelo Apocalyptic Mask
2026-08-12 11:18:28,642 - INFO -    [SIMULACIÓN] Modelo Apocalyptic Mask procesado (sin navegador).
2026-08-12 11:18:28,995 - INFO - ✅ Modelo Apocalyptic Mask completado (intento 1).
2026-08-12 11:18:28,996 - INFO - 🔄 [18/20] Procesando Baba Yaga
2026-08-12 11:18:28,997 - INFO - 📤 Procesando modelo Baba Yaga
2026-08-12 11:18:28,998 - INFO -    [SIMULACIÓN] Modelo Baba Yaga procesado (sin navegador).
2026-08-12 11:18:29,307 - INFO - ✅ Modelo Baba Yaga completado (intento 1).
2026-08-12 11:18:29,307 - INFO - 🔄 [19/20] Procesando Psychopathic Clown
2026-08-12 11:18:29,308 - INFO - 📤 Procesando modelo Psychopathic Clown
2026-08-12 11:18:29,309 - INFO -    [SIMULACIÓN] Modelo Psychopathic Clown procesado (sin navegador).
2026-08-12 11:18:29,623 - INFO - ✅ Modelo Psychopathic Clown completado (intento 1).
2026-08-12 11:18:29,624 - INFO - 🔄 [20/20] Procesando Agnha
2026-08-12 11:18:29,625 - INFO - 📤 Procesando modelo Agnha
2026-08-12 11:18:29,626 - INFO -    [SIMULACIÓN] Modelo Agnha procesado (sin navegador).
2026-08-12 11:18:29,973 - INFO - ✅ Modelo Agnha completado (intento 1).
2026-08-12 11:18:29,974 - INFO - ============================================================
2026-08-12 11:18:29,975 - INFO - 🏁 Procesamiento finalizado.
2026-08-12 11:18:29,975 - INFO - 📊 Resumen final:
2026-08-12 11:18:29,976 - INFO -    ✅ Procesados con éxito: 13
2026-08-12 11:18:29,976 - INFO -    ❌ Fallidos para revisión manual: 0
2026-08-12 11:18:29,977 - INFO - ============================================================
2026-08-12 11:23:03,913 - INFO - ============================================================
2026-08-12 11:23:03,914 - INFO - 🚀 VUCEM Automation Bot (Autónomo con Reintentos)
2026-08-12 11:23:03,917 - INFO - Cargando proveedores desde BOM...
2026-08-12 11:23:03,933 - INFO - ✅ 35 proveedores cargados.
2026-08-12 11:23:03,934 - INFO - Cargando insumos por modelo desde BOM (solo categorías al INICIO)...
2026-08-12 11:23:03,972 - INFO - ✅ 20 modelos con insumos cargados.
2026-08-12 11:23:03,973 - INFO - Procesando archivo maestro (hoja '2026')...
2026-08-12 11:23:04,016 - INFO - ✅ Generado: PLANTILLA_Alucard_4.csv (3 filas, 0 variables, col_G=3)
2026-08-12 11:23:04,026 - INFO - ✅ Generado: PLANTILLA_Brown_wolf_3.csv (3 filas, 0 variables, col_G=3)
2026-08-12 11:23:04,031 - INFO - ✅ Generado: PLANTILLA_Baba_Yaga_5.csv (3 filas, 0 variables, col_G=3)
2026-08-12 11:23:04,037 - INFO - ✅ Generado: PLANTILLA_Narmoga_10.csv (3 filas, 0 variables, col_G=3)
2026-08-12 11:23:04,040 - INFO - ✅ Generado: PLANTILLA_Alucard_5.csv (3 filas, 0 variables, col_G=3)
2026-08-12 11:23:04,044 - INFO - ✅ Generado: PLANTILLA_Narmoga_11.csv (3 filas, 0 variables, col_G=3)
2026-08-12 11:23:04,048 - INFO - ✅ Generado: PLANTILLA_Mr._Bones_Tan_2.csv (3 filas, 0 variables, col_G=3)
2026-08-12 11:23:04,055 - INFO - ✅ Generado: PLANTILLA_Hockey_Killer_3.csv (3 filas, 0 variables, col_G=3)
2026-08-12 11:23:04,059 - INFO - ✅ Generado: PLANTILLA_Death_Walker_3.csv (3 filas, 0 variables, col_G=3)
2026-08-12 11:23:04,066 - INFO - ✅ Generado: PLANTILLA_Nightstalker_5.csv (3 filas, 0 variables, col_G=3)
2026-08-12 11:23:04,071 - INFO - ✅ Generado: PLANTILLA_Mr._Bones_2.csv (3 filas, 0 variables, col_G=3)
2026-08-12 11:23:04,077 - INFO - ✅ Generado: PLANTILLA_Narmoga_12.csv (3 filas, 0 variables, col_G=3)
2026-08-12 11:23:04,080 - INFO - ✅ Generado: PLANTILLA_Rusty_the_Clown_4.csv (3 filas, 0 variables, col_G=3)
2026-08-12 11:23:04,084 - INFO - ✅ Generado: PLANTILLA_Rusty_the_Clown_5.csv (3 filas, 0 variables, col_G=3)
2026-08-12 11:23:04,087 - INFO - ✅ Generado: PLANTILLA_Nightstalker_6.csv (3 filas, 0 variables, col_G=3)
2026-08-12 11:23:04,090 - INFO - ✅ Generado: PLANTILLA_Psychopathic_Clown_6.csv (3 filas, 0 variables, col_G=3)
2026-08-12 11:23:04,094 - INFO - ✅ Generado: PLANTILLA_Apocalyptic_Mask_3.csv (3 filas, 0 variables, col_G=3)
2026-08-12 11:23:04,096 - INFO - ✅ Generado: PLANTILLA_Baba_Yaga_6.csv (3 filas, 0 variables, col_G=3)
2026-08-12 11:23:04,100 - INFO - ✅ Generado: PLANTILLA_Psychopathic_Clown_7.csv (3 filas, 0 variables, col_G=3)
2026-08-12 11:23:04,103 - INFO - ✅ Generado: PLANTILLA_Agnha_3.csv (3 filas, 0 variables, col_G=3)
2026-08-12 11:23:04,104 - INFO - 
📊 Resumen final:
2026-08-12 11:23:04,105 - INFO -    ✅ Plantillas generadas: 20
2026-08-12 11:23:04,106 - INFO -    ⏭️ Omitidas (sin precio): 0
2026-08-12 11:23:04,106 - INFO -    ❌ Errores (inconsistencia de filas): 0
2026-08-12 11:23:04,107 - INFO -    📁 Carpeta: 'C:\Users\Dany\Desktop\Proyecto\output'
2026-08-12 11:23:04,107 - INFO - 📦 20 modelos listos para el bot.
2026-08-12 11:23:04,108 - INFO - 📦 20 modelos pendientes de 20 totales.
2026-08-12 11:23:04,108 - INFO - 🔐 [SIMULACIÓN] Inicio de sesión manual simulado. Presiona Enter para continuar...
2026-08-12 11:23:08,975 - INFO - 🧭 [SIMULACIÓN] Navegación simulada.
2026-08-12 11:23:08,977 - INFO - 🔄 [1/20] Procesando Alucard
2026-08-12 11:23:08,979 - INFO - 📤 Procesando modelo Alucard
2026-08-12 11:23:08,979 - INFO -    [SIMULACIÓN] Modelo Alucard procesado (sin navegador).
2026-08-12 11:23:09,287 - INFO - ✅ Modelo Alucard completado (intento 1).
2026-08-12 11:23:09,288 - INFO - 🔄 [2/20] Procesando Brown wolf
2026-08-12 11:23:09,289 - INFO - 📤 Procesando modelo Brown wolf
2026-08-12 11:23:09,290 - INFO -    [SIMULACIÓN] Modelo Brown wolf procesado (sin navegador).
2026-08-12 11:23:09,649 - INFO - ✅ Modelo Brown wolf completado (intento 1).
2026-08-12 11:23:09,654 - INFO - 🔄 [3/20] Procesando Baba Yaga
2026-08-12 11:23:09,659 - INFO - 📤 Procesando modelo Baba Yaga
2026-08-12 11:23:09,661 - INFO -    [SIMULACIÓN] Modelo Baba Yaga procesado (sin navegador).
2026-08-12 11:23:10,023 - INFO - ✅ Modelo Baba Yaga completado (intento 1).
2026-08-12 11:23:10,025 - INFO - 🔄 [4/20] Procesando Narmoga
2026-08-12 11:23:10,026 - INFO - 📤 Procesando modelo Narmoga
2026-08-12 11:23:10,027 - INFO -    [SIMULACIÓN] Modelo Narmoga procesado (sin navegador).
2026-08-12 11:23:10,379 - INFO - ✅ Modelo Narmoga completado (intento 1).
2026-08-12 11:23:10,380 - INFO - 🔄 [5/20] Procesando Alucard
2026-08-12 11:23:10,381 - INFO - 📤 Procesando modelo Alucard
2026-08-12 11:23:10,382 - INFO -    [SIMULACIÓN] Modelo Alucard procesado (sin navegador).
2026-08-12 11:23:10,745 - INFO - ✅ Modelo Alucard completado (intento 1).
2026-08-12 11:23:10,749 - INFO - 🔄 [6/20] Procesando Narmoga
2026-08-12 11:23:10,751 - INFO - 📤 Procesando modelo Narmoga
2026-08-12 11:23:10,752 - INFO -    [SIMULACIÓN] Modelo Narmoga procesado (sin navegador).
2026-08-12 11:23:11,105 - INFO - ✅ Modelo Narmoga completado (intento 1).
2026-08-12 11:23:11,106 - INFO - 🔄 [7/20] Procesando Mr. Bones Tan
2026-08-12 11:23:11,106 - INFO - 📤 Procesando modelo Mr. Bones Tan
2026-08-12 11:23:11,107 - INFO -    [SIMULACIÓN] Modelo Mr. Bones Tan procesado (sin navegador).
2026-08-12 11:23:11,461 - INFO - ✅ Modelo Mr. Bones Tan completado (intento 1).
2026-08-12 11:23:11,462 - INFO - 🔄 [8/20] Procesando Hockey Killer
2026-08-12 11:23:11,463 - INFO - 📤 Procesando modelo Hockey Killer
2026-08-12 11:23:11,464 - INFO -    [SIMULACIÓN] Modelo Hockey Killer procesado (sin navegador).
2026-08-12 11:23:11,778 - INFO - ✅ Modelo Hockey Killer completado (intento 1).
2026-08-12 11:23:11,778 - INFO - 🔄 [9/20] Procesando Death Walker
2026-08-12 11:23:11,779 - INFO - 📤 Procesando modelo Death Walker
2026-08-12 11:23:11,780 - INFO -    [SIMULACIÓN] Modelo Death Walker procesado (sin navegador).
2026-08-12 11:23:12,130 - INFO - ✅ Modelo Death Walker completado (intento 1).
2026-08-12 11:23:12,130 - INFO - 🔄 [10/20] Procesando Nightstalker
2026-08-12 11:23:12,131 - INFO - 📤 Procesando modelo Nightstalker
2026-08-12 11:23:12,132 - INFO -    [SIMULACIÓN] Modelo Nightstalker procesado (sin navegador).
2026-08-12 11:23:12,486 - INFO - ✅ Modelo Nightstalker completado (intento 1).
2026-08-12 11:23:12,487 - INFO - 🔄 [11/20] Procesando Mr. Bones
2026-08-12 11:23:12,488 - INFO - 📤 Procesando modelo Mr. Bones
2026-08-12 11:23:12,490 - INFO -    [SIMULACIÓN] Modelo Mr. Bones procesado (sin navegador).
2026-08-12 11:23:12,802 - INFO - ✅ Modelo Mr. Bones completado (intento 1).
2026-08-12 11:23:12,804 - INFO - 🔄 [12/20] Procesando Narmoga
2026-08-12 11:23:12,806 - INFO - 📤 Procesando modelo Narmoga
2026-08-12 11:23:12,808 - INFO -    [SIMULACIÓN] Modelo Narmoga procesado (sin navegador).
2026-08-12 11:23:13,153 - INFO - ✅ Modelo Narmoga completado (intento 1).
2026-08-12 11:23:13,154 - INFO - 🔄 [13/20] Procesando Rusty the Clown
2026-08-12 11:23:13,154 - INFO - 📤 Procesando modelo Rusty the Clown
2026-08-12 11:23:13,155 - INFO -    [SIMULACIÓN] Modelo Rusty the Clown procesado (sin navegador).
2026-08-12 11:23:13,516 - INFO - ✅ Modelo Rusty the Clown completado (intento 1).
2026-08-12 11:23:13,517 - INFO - 🔄 [14/20] Procesando Rusty the Clown
2026-08-12 11:23:13,520 - INFO - 📤 Procesando modelo Rusty the Clown
2026-08-12 11:23:13,521 - INFO -    [SIMULACIÓN] Modelo Rusty the Clown procesado (sin navegador).
2026-08-12 11:23:13,876 - INFO - ✅ Modelo Rusty the Clown completado (intento 1).
2026-08-12 11:23:13,877 - INFO - 🔄 [15/20] Procesando Nightstalker
2026-08-12 11:23:13,878 - INFO - 📤 Procesando modelo Nightstalker
2026-08-12 11:23:13,879 - INFO -    [SIMULACIÓN] Modelo Nightstalker procesado (sin navegador).
2026-08-12 11:23:14,231 - INFO - ✅ Modelo Nightstalker completado (intento 1).
2026-08-12 11:23:14,232 - INFO - 🔄 [16/20] Procesando Psychopathic Clown
2026-08-12 11:23:14,232 - INFO - 📤 Procesando modelo Psychopathic Clown
2026-08-12 11:23:14,233 - INFO -    [SIMULACIÓN] Modelo Psychopathic Clown procesado (sin navegador).
2026-08-12 11:23:14,547 - INFO - ✅ Modelo Psychopathic Clown completado (intento 1).
2026-08-12 11:23:14,549 - INFO - 🔄 [17/20] Procesando Apocalyptic Mask
2026-08-12 11:23:14,550 - INFO - 📤 Procesando modelo Apocalyptic Mask
2026-08-12 11:23:14,552 - INFO -    [SIMULACIÓN] Modelo Apocalyptic Mask procesado (sin navegador).
2026-08-12 11:23:14,905 - INFO - ✅ Modelo Apocalyptic Mask completado (intento 1).
2026-08-12 11:23:14,906 - INFO - 🔄 [18/20] Procesando Baba Yaga
2026-08-12 11:23:14,907 - INFO - 📤 Procesando modelo Baba Yaga
2026-08-12 11:23:14,907 - INFO -    [SIMULACIÓN] Modelo Baba Yaga procesado (sin navegador).
2026-08-12 11:23:15,262 - INFO - ✅ Modelo Baba Yaga completado (intento 1).
2026-08-12 11:23:15,263 - INFO - 🔄 [19/20] Procesando Psychopathic Clown
2026-08-12 11:23:15,263 - INFO - 📤 Procesando modelo Psychopathic Clown
2026-08-12 11:23:15,264 - INFO -    [SIMULACIÓN] Modelo Psychopathic Clown procesado (sin navegador).
2026-08-12 11:23:15,616 - INFO - ✅ Modelo Psychopathic Clown completado (intento 1).
2026-08-12 11:23:15,617 - INFO - 🔄 [20/20] Procesando Agnha
2026-08-12 11:23:15,617 - INFO - 📤 Procesando modelo Agnha
2026-08-12 11:23:15,618 - INFO -    [SIMULACIÓN] Modelo Agnha procesado (sin navegador).
2026-08-12 11:23:15,930 - INFO - ✅ Modelo Agnha completado (intento 1).
2026-08-12 11:23:15,931 - INFO - ============================================================
2026-08-12 11:23:15,931 - INFO - 🏁 Procesamiento finalizado.
2026-08-12 11:23:15,932 - INFO - 📊 Resumen final:
2026-08-12 11:23:15,932 - INFO -    ✅ Procesados con éxito: 13
2026-08-12 11:23:15,933 - INFO -    ❌ Fallidos para revisión manual: 0
2026-08-12 11:23:15,933 - INFO - ============================================================
2026-08-12 12:55:45,717 - INFO - ============================================================
2026-08-12 12:55:45,717 - INFO - 🚀 VUCEM Automation Bot (Autónomo con Reintentos)
2026-08-12 12:55:45,718 - INFO - Cargando proveedores desde BOM...
2026-08-12 12:55:45,748 - INFO - ✅ 35 proveedores cargados.
2026-08-12 12:55:45,748 - INFO - Cargando insumos por modelo desde BOM (solo categorías al INICIO)...
2026-08-12 12:55:45,761 - INFO - ✅ 20 modelos con insumos cargados.
2026-08-12 12:55:45,761 - INFO - Procesando archivo maestro (hoja '2026')...
2026-08-12 12:55:45,784 - INFO - ✅ Generado: PLANTILLA_Crania_face_2.csv (3 filas, 0 variables, col_G=3)
2026-08-12 12:55:45,785 - INFO - ✅ Generado: PLANTILLA_Jacko_1.csv (3 filas, 0 variables, col_G=3)
2026-08-12 12:55:45,788 - INFO - ✅ Generado: PLANTILLA_Brown_wolf_4.csv (3 filas, 0 variables, col_G=3)
2026-08-12 12:55:45,789 - INFO - ✅ Generado: PLANTILLA_Mr._Bones_3.csv (3 filas, 0 variables, col_G=3)
2026-08-12 12:55:45,791 - INFO - ✅ Generado: PLANTILLA_Baba_Yaga_7.csv (3 filas, 0 variables, col_G=3)
2026-08-12 12:55:45,792 - INFO - ✅ Generado: PLANTILLA_Dr._Peste.csv (3 filas, 0 variables, col_G=3)
2026-08-12 12:55:45,794 - INFO - ✅ Generado: PLANTILLA_Akasha.csv (3 filas, 0 variables, col_G=3)
2026-08-12 12:55:45,796 - INFO - ✅ Generado: PLANTILLA_Rusty_the_Clown_6.csv (3 filas, 0 variables, col_G=3)
2026-08-12 12:55:45,797 - INFO - ✅ Generado: PLANTILLA_Brown_wolf_5.csv (3 filas, 0 variables, col_G=3)
2026-08-12 12:55:45,799 - INFO - ✅ Generado: PLANTILLA_Psychopathic_Clown_8.csv (3 filas, 0 variables, col_G=3)
2026-08-12 12:55:45,800 - INFO - ✅ Generado: PLANTILLA_Mr._Bones_Tan_3.csv (3 filas, 0 variables, col_G=3)
2026-08-12 12:55:45,802 - INFO - ✅ Generado: PLANTILLA_Mr._Bones_Tan_4.csv (3 filas, 0 variables, col_G=3)
2026-08-12 12:55:45,804 - INFO - ✅ Generado: PLANTILLA_Psychopathic_Clown_9.csv (3 filas, 0 variables, col_G=3)
2026-08-12 12:55:45,806 - INFO - ✅ Generado: PLANTILLA_Daffy_2.csv (3 filas, 0 variables, col_G=3)
2026-08-12 12:55:45,808 - INFO - ✅ Generado: PLANTILLA_Hockey_Killer_4.csv (3 filas, 0 variables, col_G=3)
2026-08-12 12:55:45,809 - INFO - ✅ Generado: PLANTILLA_Daffy_3.csv (3 filas, 0 variables, col_G=3)
2026-08-12 12:55:45,811 - INFO - ✅ Generado: PLANTILLA_Apocalyptic_Mask_4.csv (3 filas, 0 variables, col_G=3)
2026-08-12 12:55:45,813 - INFO - ✅ Generado: PLANTILLA_Daffy_4.csv (3 filas, 0 variables, col_G=3)
2026-08-12 12:55:45,814 - INFO - ✅ Generado: PLANTILLA_Rusty_the_Clown_7.csv (3 filas, 0 variables, col_G=3)
2026-08-12 12:55:45,815 - INFO - ✅ Generado: PLANTILLA_Akasha_1.csv (3 filas, 0 variables, col_G=3)
2026-08-12 12:55:45,816 - INFO - 
📊 Resumen final:
2026-08-12 12:55:45,816 - INFO -    ✅ Plantillas generadas: 20
2026-08-12 12:55:45,816 - INFO -    ⏭️ Omitidas (sin precio): 0
2026-08-12 12:55:45,816 - INFO -    ❌ Errores (inconsistencia de filas): 0
2026-08-12 12:55:45,816 - INFO -    📁 Carpeta: 'C:\Users\Dany\Desktop\Proyecto\output'
2026-08-12 12:55:45,817 - INFO - 📦 20 modelos listos para el bot.
2026-08-12 12:55:45,831 - INFO - 📂 Estado cargado: 13 modelos ya procesados.
2026-08-12 12:55:45,832 - INFO - ⏭️ 12 modelos ya procesados o en fallos. Saltando.
2026-08-12 12:55:45,832 - INFO - 📦 8 modelos pendientes de 20 totales.
2026-08-12 12:55:45,832 - INFO - 🔐 [SIMULACIÓN] Login manual simulado. Presiona Enter para continuar...
2026-08-12 12:55:47,876 - INFO - 🧭 [SIMULACIÓN] Navegación simulada (sin clics reales).
2026-08-12 12:55:47,877 - INFO - 🔄 [1/8] Procesando Crania face
2026-08-12 12:55:47,877 - INFO - 📤 Procesando modelo Crania face
2026-08-12 12:55:47,877 - INFO -    [SIMULACIÓN] Modelo Crania face procesado (sin navegador).
2026-08-12 12:55:48,198 - INFO - ✅ Modelo Crania face completado (intento 1).
2026-08-12 12:55:48,198 - INFO - 🔄 [2/8] Procesando Jacko
2026-08-12 12:55:48,199 - INFO - 📤 Procesando modelo Jacko
2026-08-12 12:55:48,200 - INFO -    [SIMULACIÓN] Modelo Jacko procesado (sin navegador).
2026-08-12 12:55:48,506 - INFO - ✅ Modelo Jacko completado (intento 1).
2026-08-12 12:55:48,506 - INFO - 🔄 [3/8] Procesando Dr. Peste
2026-08-12 12:55:48,506 - INFO - 📤 Procesando modelo Dr. Peste
2026-08-12 12:55:48,507 - INFO -    [SIMULACIÓN] Modelo Dr. Peste procesado (sin navegador).
2026-08-12 12:55:48,824 - INFO - ✅ Modelo Dr. Peste completado (intento 1).
2026-08-12 12:55:48,824 - INFO - 🔄 [4/8] Procesando Akasha
2026-08-12 12:55:48,824 - INFO - 📤 Procesando modelo Akasha
2026-08-12 12:55:48,825 - INFO -    [SIMULACIÓN] Modelo Akasha procesado (sin navegador).
2026-08-12 12:55:49,135 - INFO - ✅ Modelo Akasha completado (intento 1).
2026-08-12 12:55:49,135 - INFO - 🔄 [5/8] Procesando Daffy
2026-08-12 12:55:49,136 - INFO - 📤 Procesando modelo Daffy
2026-08-12 12:55:49,137 - INFO -    [SIMULACIÓN] Modelo Daffy procesado (sin navegador).
2026-08-12 12:55:49,451 - INFO - ✅ Modelo Daffy completado (intento 1).
2026-08-12 12:55:49,451 - INFO - 🔄 [6/8] Procesando Daffy
2026-08-12 12:55:49,452 - INFO - 📤 Procesando modelo Daffy
2026-08-12 12:55:49,452 - INFO -    [SIMULACIÓN] Modelo Daffy procesado (sin navegador).
2026-08-12 12:55:49,768 - INFO - ✅ Modelo Daffy completado (intento 1).
2026-08-12 12:55:49,769 - INFO - 🔄 [7/8] Procesando Daffy
2026-08-12 12:55:49,769 - INFO - 📤 Procesando modelo Daffy
2026-08-12 12:55:49,770 - INFO -    [SIMULACIÓN] Modelo Daffy procesado (sin navegador).
2026-08-12 12:55:50,076 - INFO - ✅ Modelo Daffy completado (intento 1).
2026-08-12 12:55:50,076 - INFO - 🔄 [8/8] Procesando Akasha
2026-08-12 12:55:50,077 - INFO - 📤 Procesando modelo Akasha
2026-08-12 12:55:50,077 - INFO -    [SIMULACIÓN] Modelo Akasha procesado (sin navegador).
2026-08-12 12:55:50,398 - INFO - ✅ Modelo Akasha completado (intento 1).
2026-08-12 12:55:50,398 - INFO - ============================================================
2026-08-12 12:55:50,399 - INFO - 🏁 Procesamiento finalizado.
2026-08-12 12:55:50,399 - INFO - 📊 Resumen final:
2026-08-12 12:55:50,400 - INFO -    ✅ Procesados con éxito: 18
2026-08-12 12:55:50,400 - INFO -    ❌ Fallidos para revisión manual: 0
2026-08-12 12:55:50,400 - INFO - ============================================================
2026-08-12 13:02:56,616 - INFO - ============================================================
2026-08-12 13:02:56,617 - INFO - 🚀 VUCEM Automation Bot (Autónomo con Reintentos)
2026-08-12 13:02:56,618 - INFO - Cargando proveedores desde BOM...
2026-08-12 13:02:56,649 - INFO - ✅ 35 proveedores cargados.
2026-08-12 13:02:56,649 - INFO - Cargando insumos por modelo desde BOM (solo categorías al INICIO)...
2026-08-12 13:02:56,663 - INFO - ✅ 20 modelos con insumos cargados.
2026-08-12 13:02:56,663 - INFO - Procesando archivo maestro (hoja '2026')...
2026-08-12 13:02:56,692 - INFO - ✅ Generado: PLANTILLA_Agnha_4.csv (3 filas, 0 variables, col_G=3)
2026-08-12 13:02:56,695 - INFO - ✅ Generado: PLANTILLA_Brown_wolf_6.csv (3 filas, 0 variables, col_G=3)
2026-08-12 13:02:56,697 - INFO - ✅ Generado: PLANTILLA_Rusty_the_Clown_8.csv (3 filas, 0 variables, col_G=3)
2026-08-12 13:02:56,700 - INFO - ✅ Generado: PLANTILLA_Mr._Bones_Tan_5.csv (3 filas, 0 variables, col_G=3)
2026-08-12 13:02:56,701 - INFO - ✅ Generado: PLANTILLA_Daffy_5.csv (3 filas, 0 variables, col_G=3)
2026-08-12 13:02:56,703 - INFO - ✅ Generado: PLANTILLA_Hockey_Killer_5.csv (3 filas, 0 variables, col_G=3)
2026-08-12 13:02:56,705 - INFO - ✅ Generado: PLANTILLA_Jacko_2.csv (3 filas, 0 variables, col_G=3)
2026-08-12 13:02:56,707 - INFO - ✅ Generado: PLANTILLA_Daffy_6.csv (3 filas, 0 variables, col_G=3)
2026-08-12 13:02:56,710 - INFO - ✅ Generado: PLANTILLA_Narmoga_13.csv (3 filas, 0 variables, col_G=3)
2026-08-12 13:02:56,712 - INFO - ✅ Generado: PLANTILLA_Akasha_2.csv (3 filas, 0 variables, col_G=3)
2026-08-12 13:02:56,714 - INFO - ✅ Generado: PLANTILLA_Akasha_3.csv (3 filas, 0 variables, col_G=3)
2026-08-12 13:02:56,716 - INFO - ✅ Generado: PLANTILLA_Mr._Bones_Tan_6.csv (3 filas, 0 variables, col_G=3)
2026-08-12 13:02:56,717 - INFO - ✅ Generado: PLANTILLA_Agnha_5.csv (3 filas, 0 variables, col_G=3)
2026-08-12 13:02:56,719 - INFO - ✅ Generado: PLANTILLA_Baba_Yaga_8.csv (3 filas, 0 variables, col_G=3)
2026-08-12 13:02:56,720 - INFO - ✅ Generado: PLANTILLA_Soggy_1.csv (3 filas, 0 variables, col_G=3)
2026-08-12 13:02:56,723 - INFO - ✅ Generado: PLANTILLA_Hockey_Killer_6.csv (3 filas, 0 variables, col_G=3)
2026-08-12 13:02:56,725 - INFO - ✅ Generado: PLANTILLA_Baba_Yaga_9.csv (3 filas, 0 variables, col_G=3)
2026-08-12 13:02:56,727 - INFO - ✅ Generado: PLANTILLA_Nightstalker_7.csv (3 filas, 0 variables, col_G=3)
2026-08-12 13:02:56,728 - INFO - ✅ Generado: PLANTILLA_Akasha_4.csv (3 filas, 0 variables, col_G=3)
2026-08-12 13:02:56,730 - INFO - ✅ Generado: PLANTILLA_Rusty_the_Clown_9.csv (3 filas, 0 variables, col_G=3)
2026-08-12 13:02:56,730 - INFO - 
📊 Resumen final:
2026-08-12 13:02:56,731 - INFO -    ✅ Plantillas generadas: 20
2026-08-12 13:02:56,731 - INFO -    ⏭️ Omitidas (sin precio): 0
2026-08-12 13:02:56,731 - INFO -    ❌ Errores (inconsistencia de filas): 0
2026-08-12 13:02:56,731 - INFO -    📁 Carpeta: 'C:\Users\Dany\Desktop\Proyecto\output'
2026-08-12 13:02:56,731 - WARNING - ⚠️ Modelo duplicado detectado: Daffy - se elimina la segunda ocurrencia.
2026-08-12 13:02:56,731 - WARNING - ⚠️ Modelo duplicado detectado: Akasha - se elimina la segunda ocurrencia.
2026-08-12 13:02:56,732 - WARNING - ⚠️ Modelo duplicado detectado: Mr. Bones Tan - se elimina la segunda ocurrencia.
2026-08-12 13:02:56,732 - WARNING - ⚠️ Modelo duplicado detectado: Agnha - se elimina la segunda ocurrencia.
2026-08-12 13:02:56,732 - WARNING - ⚠️ Modelo duplicado detectado: Hockey Killer - se elimina la segunda ocurrencia.
2026-08-12 13:02:56,732 - WARNING - ⚠️ Modelo duplicado detectado: Baba Yaga - se elimina la segunda ocurrencia.
2026-08-12 13:02:56,732 - WARNING - ⚠️ Modelo duplicado detectado: Akasha - se elimina la segunda ocurrencia.
2026-08-12 13:02:56,732 - WARNING - ⚠️ Modelo duplicado detectado: Rusty the Clown - se elimina la segunda ocurrencia.
2026-08-12 13:02:56,733 - INFO - 🧹 Desduplicación: 20 → 12 modelos únicos.
2026-08-12 13:02:56,733 - INFO - 📦 12 modelos listos para el bot.
2026-08-12 13:02:56,733 - INFO - 📦 12 modelos pendientes de 12 totales.
2026-08-12 13:02:56,733 - INFO - 🔐 [SIMULACIÓN] Login manual simulado. Presiona Enter para continuar...
2026-08-12 13:03:02,727 - INFO - 🧭 [SIMULACIÓN] Navegación simulada.
2026-08-12 13:03:02,727 - INFO - 🔄 [1/12] Procesando Agnha
2026-08-12 13:03:02,728 - INFO - 📤 Procesando modelo Agnha
2026-08-12 13:03:02,728 - INFO -    [SIMULACIÓN] Modelo Agnha procesado.
2026-08-12 13:03:03,047 - INFO - ✅ Modelo Agnha completado (intento 1).
2026-08-12 13:03:03,049 - INFO - 🔄 [2/12] Procesando Brown wolf
2026-08-12 13:03:03,049 - INFO - 📤 Procesando modelo Brown wolf
2026-08-12 13:03:03,050 - INFO -    [SIMULACIÓN] Modelo Brown wolf procesado.
2026-08-12 13:03:03,369 - INFO - ✅ Modelo Brown wolf completado (intento 1).
2026-08-12 13:03:03,370 - INFO - 🔄 [3/12] Procesando Rusty the Clown
2026-08-12 13:03:03,371 - INFO - 📤 Procesando modelo Rusty the Clown
2026-08-12 13:03:03,372 - INFO -    [SIMULACIÓN] Modelo Rusty the Clown procesado.
2026-08-12 13:03:03,693 - INFO - ✅ Modelo Rusty the Clown completado (intento 1).
2026-08-12 13:03:03,693 - INFO - 🔄 [4/12] Procesando Mr. Bones Tan
2026-08-12 13:03:03,694 - INFO - 📤 Procesando modelo Mr. Bones Tan
2026-08-12 13:03:03,694 - INFO -    [SIMULACIÓN] Modelo Mr. Bones Tan procesado.
2026-08-12 13:03:04,000 - INFO - ✅ Modelo Mr. Bones Tan completado (intento 1).
2026-08-12 13:03:04,000 - INFO - 🔄 [5/12] Procesando Daffy
2026-08-12 13:03:04,001 - INFO - 📤 Procesando modelo Daffy
2026-08-12 13:03:04,001 - INFO -    [SIMULACIÓN] Modelo Daffy procesado.
2026-08-12 13:03:04,316 - INFO - ✅ Modelo Daffy completado (intento 1).
2026-08-12 13:03:04,317 - INFO - 🔄 [6/12] Procesando Hockey Killer
2026-08-12 13:03:04,317 - INFO - 📤 Procesando modelo Hockey Killer
2026-08-12 13:03:04,317 - INFO -    [SIMULACIÓN] Modelo Hockey Killer procesado.
2026-08-12 13:03:04,622 - INFO - ✅ Modelo Hockey Killer completado (intento 1).
2026-08-12 13:03:04,622 - INFO - 🔄 [7/12] Procesando Jacko
2026-08-12 13:03:04,623 - INFO - 📤 Procesando modelo Jacko
2026-08-12 13:03:04,623 - INFO -    [SIMULACIÓN] Modelo Jacko procesado.
2026-08-12 13:03:04,947 - INFO - ✅ Modelo Jacko completado (intento 1).
2026-08-12 13:03:04,948 - INFO - 🔄 [8/12] Procesando Narmoga
2026-08-12 13:03:04,948 - INFO - 📤 Procesando modelo Narmoga
2026-08-12 13:03:04,949 - INFO -    [SIMULACIÓN] Modelo Narmoga procesado.
2026-08-12 13:03:05,256 - INFO - ✅ Modelo Narmoga completado (intento 1).
2026-08-12 13:03:05,256 - INFO - 🔄 [9/12] Procesando Akasha
2026-08-12 13:03:05,256 - INFO - 📤 Procesando modelo Akasha
2026-08-12 13:03:05,257 - INFO -    [SIMULACIÓN] Modelo Akasha procesado.
2026-08-12 13:03:05,569 - INFO - ✅ Modelo Akasha completado (intento 1).
2026-08-12 13:03:05,569 - INFO - 🔄 [10/12] Procesando Baba Yaga
2026-08-12 13:03:05,570 - INFO - 📤 Procesando modelo Baba Yaga
2026-08-12 13:03:05,570 - INFO -    [SIMULACIÓN] Modelo Baba Yaga procesado.
2026-08-12 13:03:05,880 - INFO - ✅ Modelo Baba Yaga completado (intento 1).
2026-08-12 13:03:05,880 - INFO - 🔄 [11/12] Procesando Soggy
2026-08-12 13:03:05,880 - INFO - 📤 Procesando modelo Soggy
2026-08-12 13:03:05,881 - INFO -    [SIMULACIÓN] Modelo Soggy procesado.
2026-08-12 13:03:06,197 - INFO - ✅ Modelo Soggy completado (intento 1).
2026-08-12 13:03:06,197 - INFO - 🔄 [12/12] Procesando Nightstalker
2026-08-12 13:03:06,197 - INFO - 📤 Procesando modelo Nightstalker
2026-08-12 13:03:06,197 - INFO -    [SIMULACIÓN] Modelo Nightstalker procesado.
2026-08-12 13:03:06,514 - INFO - ✅ Modelo Nightstalker completado (intento 1).
2026-08-12 13:03:06,515 - INFO - ============================================================
2026-08-12 13:03:06,515 - INFO - 🏁 Procesamiento finalizado.
2026-08-12 13:03:06,515 - INFO - 📊 Resumen final:
2026-08-12 13:03:06,516 - INFO -    ✅ Procesados con éxito: 12
2026-08-12 13:03:06,516 - INFO -    ❌ Fallidos para revisión manual: 0
2026-08-12 13:03:06,516 - INFO - ============================================================
2026-08-13 11:22:39,788 - INFO - ============================================================
2026-08-13 11:22:39,789 - INFO - 🚀 VUCEM Automation Bot (Autónomo con Reintentos)
2026-08-13 11:22:39,793 - INFO - Cargando proveedores desde BOM...
2026-08-13 11:22:39,824 - INFO - ✅ 35 proveedores cargados.
2026-08-13 11:22:39,825 - INFO - Cargando insumos por modelo desde BOM (solo categorías al INICIO)...
2026-08-13 11:22:39,841 - INFO - ✅ 20 modelos con insumos cargados.
2026-08-13 11:22:39,842 - INFO - Procesando archivo maestro (hoja '2026')...
2026-08-13 11:22:39,871 - INFO - ✅ Generado: PLANTILLA_Agnha_6.csv (3 filas, 0 variables, col_G=3)
2026-08-13 11:22:39,874 - INFO - ✅ Generado: PLANTILLA_Brown_wolf_7.csv (3 filas, 0 variables, col_G=3)
2026-08-13 11:22:39,878 - INFO - ✅ Generado: PLANTILLA_Rusty_the_Clown_10.csv (3 filas, 0 variables, col_G=3)
2026-08-13 11:22:39,880 - INFO - ✅ Generado: PLANTILLA_Mr._Bones_Tan_7.csv (3 filas, 0 variables, col_G=3)
2026-08-13 11:22:39,883 - INFO - ✅ Generado: PLANTILLA_Daffy_7.csv (3 filas, 0 variables, col_G=3)
2026-08-13 11:22:39,887 - INFO - ✅ Generado: PLANTILLA_Hockey_Killer_7.csv (3 filas, 0 variables, col_G=3)
2026-08-13 11:22:39,889 - INFO - ✅ Generado: PLANTILLA_Jacko_3.csv (3 filas, 0 variables, col_G=3)
2026-08-13 11:22:39,892 - INFO - ✅ Generado: PLANTILLA_Daffy_8.csv (3 filas, 0 variables, col_G=3)
2026-08-13 11:22:39,896 - INFO - ✅ Generado: PLANTILLA_Narmoga_14.csv (3 filas, 0 variables, col_G=3)
2026-08-13 11:22:39,899 - INFO - ✅ Generado: PLANTILLA_Akasha_5.csv (3 filas, 0 variables, col_G=3)
2026-08-13 11:22:39,902 - INFO - ✅ Generado: PLANTILLA_Akasha_6.csv (3 filas, 0 variables, col_G=3)
2026-08-13 11:22:39,905 - INFO - ✅ Generado: PLANTILLA_Mr._Bones_Tan_8.csv (3 filas, 0 variables, col_G=3)
2026-08-13 11:22:39,908 - INFO - ✅ Generado: PLANTILLA_Agnha_7.csv (3 filas, 0 variables, col_G=3)
2026-08-13 11:22:39,911 - INFO - ✅ Generado: PLANTILLA_Baba_Yaga_10.csv (3 filas, 0 variables, col_G=3)
2026-08-13 11:22:39,913 - INFO - ✅ Generado: PLANTILLA_Soggy_2.csv (3 filas, 0 variables, col_G=3)
2026-08-13 11:22:39,917 - INFO - ✅ Generado: PLANTILLA_Hockey_Killer_8.csv (3 filas, 0 variables, col_G=3)
2026-08-13 11:22:39,922 - INFO - ✅ Generado: PLANTILLA_Baba_Yaga_11.csv (3 filas, 0 variables, col_G=3)
2026-08-13 11:22:39,925 - INFO - ✅ Generado: PLANTILLA_Nightstalker_8.csv (3 filas, 0 variables, col_G=3)
2026-08-13 11:22:39,928 - INFO - ✅ Generado: PLANTILLA_Akasha_7.csv (3 filas, 0 variables, col_G=3)
2026-08-13 11:22:39,931 - INFO - ✅ Generado: PLANTILLA_Rusty_the_Clown_11.csv (3 filas, 0 variables, col_G=3)
2026-08-13 11:22:39,931 - INFO - 
📊 Resumen final:
2026-08-13 11:22:39,931 - INFO -    ✅ Plantillas generadas: 20
2026-08-13 11:22:39,932 - INFO -    ⏭️ Omitidas (sin precio): 0
2026-08-13 11:22:39,932 - INFO -    ❌ Errores (inconsistencia de filas): 0
2026-08-13 11:22:39,932 - INFO -    📁 Carpeta: 'C:\Users\Dany\Desktop\Proyecto\output'
2026-08-13 11:22:39,932 - WARNING - ⚠️ Modelo duplicado detectado: Daffy - se elimina la segunda ocurrencia.
2026-08-13 11:22:39,933 - WARNING - ⚠️ Modelo duplicado detectado: Akasha - se elimina la segunda ocurrencia.
2026-08-13 11:22:39,933 - WARNING - ⚠️ Modelo duplicado detectado: Mr. Bones Tan - se elimina la segunda ocurrencia.
2026-08-13 11:22:39,933 - WARNING - ⚠️ Modelo duplicado detectado: Agnha - se elimina la segunda ocurrencia.
2026-08-13 11:22:39,934 - WARNING - ⚠️ Modelo duplicado detectado: Hockey Killer - se elimina la segunda ocurrencia.
2026-08-13 11:22:39,934 - WARNING - ⚠️ Modelo duplicado detectado: Baba Yaga - se elimina la segunda ocurrencia.
2026-08-13 11:22:39,934 - WARNING - ⚠️ Modelo duplicado detectado: Akasha - se elimina la segunda ocurrencia.
2026-08-13 11:22:39,935 - WARNING - ⚠️ Modelo duplicado detectado: Rusty the Clown - se elimina la segunda ocurrencia.
2026-08-13 11:22:39,935 - INFO - 🧹 Desduplicación: 20 → 12 modelos únicos.
2026-08-13 11:22:39,936 - INFO - 📦 12 modelos listos para el bot.
2026-08-13 11:22:39,955 - INFO - 📂 Estado cargado: 12 modelos ya procesados.
2026-08-13 11:22:39,956 - INFO - ⏭️ 12 modelos ya procesados o en fallos. Saltando.
2026-08-13 11:22:39,956 - INFO - ✅ Todos los modelos ya están procesados o en fallos.
2026-08-13 11:22:39,956 - INFO - 📊 Resumen: Éxitos: 12, Fallos: 0
2026-08-13 11:38:36,043 - INFO - ============================================================
2026-08-13 11:38:36,043 - INFO - 🚀 VUCEM Automation Bot (Autónomo con Reintentos)
2026-08-13 11:38:36,045 - INFO - Cargando proveedores desde BOM...
2026-08-13 11:38:36,054 - INFO - ✅ 35 proveedores cargados.
2026-08-13 11:38:36,055 - INFO - Cargando insumos por modelo desde BOM (solo categorías al INICIO)...
2026-08-13 11:38:36,070 - INFO - ✅ 20 modelos con insumos cargados.
2026-08-13 11:38:36,071 - INFO - Procesando archivo maestro (hoja '2026')...
2026-08-13 11:38:36,079 - INFO - ✅ Generado: PLANTILLA_Agnha_8.csv (3 filas, 0 variables, col_G=3)
2026-08-13 11:38:36,082 - INFO - ✅ Generado: PLANTILLA_Brown_wolf_8.csv (3 filas, 0 variables, col_G=3)
2026-08-13 11:38:36,084 - INFO - ✅ Generado: PLANTILLA_Rusty_the_Clown_12.csv (3 filas, 0 variables, col_G=3)
2026-08-13 11:38:36,097 - INFO - ✅ Generado: PLANTILLA_Mr._Bones_Tan_9.csv (3 filas, 0 variables, col_G=3)
2026-08-13 11:38:36,099 - INFO - ✅ Generado: PLANTILLA_Daffy_9.csv (3 filas, 0 variables, col_G=3)
2026-08-13 11:38:36,102 - INFO - ✅ Generado: PLANTILLA_Hockey_Killer_9.csv (3 filas, 0 variables, col_G=3)
2026-08-13 11:38:36,104 - INFO - ✅ Generado: PLANTILLA_Jacko_4.csv (3 filas, 0 variables, col_G=3)
2026-08-13 11:38:36,107 - INFO - ✅ Generado: PLANTILLA_Daffy_10.csv (3 filas, 0 variables, col_G=3)
2026-08-13 11:38:36,112 - INFO - ✅ Generado: PLANTILLA_Narmoga_15.csv (3 filas, 0 variables, col_G=3)
2026-08-13 11:38:36,116 - INFO - ✅ Generado: PLANTILLA_Akasha_8.csv (3 filas, 0 variables, col_G=3)
2026-08-13 11:38:36,118 - INFO - ✅ Generado: PLANTILLA_Akasha_9.csv (3 filas, 0 variables, col_G=3)
2026-08-13 11:38:36,120 - INFO - ✅ Generado: PLANTILLA_Mr._Bones_Tan_10.csv (3 filas, 0 variables, col_G=3)
2026-08-13 11:38:36,123 - INFO - ✅ Generado: PLANTILLA_Agnha_9.csv (3 filas, 0 variables, col_G=3)
2026-08-13 11:38:36,125 - INFO - ✅ Generado: PLANTILLA_Baba_Yaga_12.csv (3 filas, 0 variables, col_G=3)
2026-08-13 11:38:36,128 - INFO - ✅ Generado: PLANTILLA_Soggy_3.csv (3 filas, 0 variables, col_G=3)
2026-08-13 11:38:36,131 - INFO - ✅ Generado: PLANTILLA_Hockey_Killer_10.csv (3 filas, 0 variables, col_G=3)
2026-08-13 11:38:36,134 - INFO - ✅ Generado: PLANTILLA_Baba_Yaga_13.csv (3 filas, 0 variables, col_G=3)
2026-08-13 11:38:36,136 - INFO - ✅ Generado: PLANTILLA_Nightstalker_9.csv (3 filas, 0 variables, col_G=3)
2026-08-13 11:38:36,139 - INFO - ✅ Generado: PLANTILLA_Akasha_10.csv (3 filas, 0 variables, col_G=3)
2026-08-13 11:38:36,141 - INFO - ✅ Generado: PLANTILLA_Rusty_the_Clown_13.csv (3 filas, 0 variables, col_G=3)
2026-08-13 11:38:36,142 - INFO - 
📊 Resumen final:
2026-08-13 11:38:36,142 - INFO -    ✅ Plantillas generadas: 20
2026-08-13 11:38:36,142 - INFO -    ⏭️ Omitidas (sin precio): 0
2026-08-13 11:38:36,142 - INFO -    ❌ Errores (inconsistencia de filas): 0
2026-08-13 11:38:36,143 - INFO -    📁 Carpeta: 'C:\Users\Dany\Desktop\Proyecto\output'
2026-08-13 11:38:36,143 - WARNING - ⚠️ Modelo duplicado detectado: Daffy - se elimina la segunda ocurrencia.
2026-08-13 11:38:36,143 - WARNING - ⚠️ Modelo duplicado detectado: Akasha - se elimina la segunda ocurrencia.
2026-08-13 11:38:36,144 - WARNING - ⚠️ Modelo duplicado detectado: Mr. Bones Tan - se elimina la segunda ocurrencia.
2026-08-13 11:38:36,144 - WARNING - ⚠️ Modelo duplicado detectado: Agnha - se elimina la segunda ocurrencia.
2026-08-13 11:38:36,145 - WARNING - ⚠️ Modelo duplicado detectado: Hockey Killer - se elimina la segunda ocurrencia.
2026-08-13 11:38:36,145 - WARNING - ⚠️ Modelo duplicado detectado: Baba Yaga - se elimina la segunda ocurrencia.
2026-08-13 11:38:36,145 - WARNING - ⚠️ Modelo duplicado detectado: Akasha - se elimina la segunda ocurrencia.
2026-08-13 11:38:36,146 - WARNING - ⚠️ Modelo duplicado detectado: Rusty the Clown - se elimina la segunda ocurrencia.
2026-08-13 11:38:36,146 - INFO - 🧹 Desduplicación: 20 → 12 modelos únicos.
2026-08-13 11:38:36,146 - INFO - 📦 12 modelos listos para el bot.
2026-08-13 11:38:36,146 - INFO - 📦 12 modelos pendientes de 12 totales.
2026-08-13 11:38:36,147 - INFO - 🔐 [SIMULACIÓN] Login manual simulado. Presiona Enter para continuar...
2026-08-13 11:38:40,761 - INFO - 🧭 [SIMULACIÓN] Navegación simulada (sin clics reales).
2026-08-13 11:38:40,762 - INFO - 🔄 [1/12] Procesando Agnha
2026-08-13 11:38:40,762 - WARNING - ⚠️ Intento 1/3 falló para Agnha: 'VUCEMAutomation' object has no attribute 'process_model'
2026-08-13 11:38:40,762 - INFO - ⏳ Esperando 2s antes de reintentar...
2026-08-13 11:38:42,764 - WARNING - ⚠️ Intento 2/3 falló para Agnha: 'VUCEMAutomation' object has no attribute 'process_model'
2026-08-13 11:38:42,764 - INFO - ⏳ Esperando 4s antes de reintentar...
2026-08-13 11:38:46,766 - WARNING - ⚠️ Intento 3/3 falló para Agnha: 'VUCEMAutomation' object has no attribute 'process_model'
2026-08-13 11:38:46,766 - ERROR - ❌ Modelo Agnha falló después de 3 intentos.
2026-08-13 11:38:46,770 - INFO - ⏭️ Pasando al siguiente modelo.
2026-08-13 11:38:46,771 - INFO - 🔄 [2/12] Procesando Brown wolf
2026-08-13 11:38:46,771 - WARNING - ⚠️ Intento 1/3 falló para Brown wolf: 'VUCEMAutomation' object has no attribute 'process_model'
2026-08-13 11:38:46,771 - INFO - ⏳ Esperando 2s antes de reintentar...
2026-08-13 11:38:48,772 - WARNING - ⚠️ Intento 2/3 falló para Brown wolf: 'VUCEMAutomation' object has no attribute 'process_model'
2026-08-13 11:38:48,773 - INFO - ⏳ Esperando 4s antes de reintentar...
2026-08-13 11:38:52,775 - WARNING - ⚠️ Intento 3/3 falló para Brown wolf: 'VUCEMAutomation' object has no attribute 'process_model'
2026-08-13 11:38:52,776 - ERROR - ❌ Modelo Brown wolf falló después de 3 intentos.
2026-08-13 11:38:52,797 - INFO - ⏭️ Pasando al siguiente modelo.
2026-08-13 11:38:52,798 - INFO - 🔄 [3/12] Procesando Rusty the Clown
2026-08-13 11:38:52,798 - WARNING - ⚠️ Intento 1/3 falló para Rusty the Clown: 'VUCEMAutomation' object has no attribute 'process_model'
2026-08-13 11:38:52,798 - INFO - ⏳ Esperando 2s antes de reintentar...
2026-08-13 11:38:54,800 - WARNING - ⚠️ Intento 2/3 falló para Rusty the Clown: 'VUCEMAutomation' object has no attribute 'process_model'
2026-08-13 11:38:54,800 - INFO - ⏳ Esperando 4s antes de reintentar...
2026-08-13 11:38:58,803 - WARNING - ⚠️ Intento 3/3 falló para Rusty the Clown: 'VUCEMAutomation' object has no attribute 'process_model'
2026-08-13 11:38:58,806 - ERROR - ❌ Modelo Rusty the Clown falló después de 3 intentos.
2026-08-13 11:38:58,816 - INFO - ⏭️ Pasando al siguiente modelo.
2026-08-13 11:38:58,816 - INFO - 🔄 [4/12] Procesando Mr. Bones Tan
2026-08-13 11:38:58,817 - WARNING - ⚠️ Intento 1/3 falló para Mr. Bones Tan: 'VUCEMAutomation' object has no attribute 'process_model'
2026-08-13 11:38:58,818 - INFO - ⏳ Esperando 2s antes de reintentar...
2026-08-13 11:39:00,823 - WARNING - ⚠️ Intento 2/3 falló para Mr. Bones Tan: 'VUCEMAutomation' object has no attribute 'process_model'
2026-08-13 11:39:00,823 - INFO - ⏳ Esperando 4s antes de reintentar...
2026-08-13 11:39:04,825 - WARNING - ⚠️ Intento 3/3 falló para Mr. Bones Tan: 'VUCEMAutomation' object has no attribute 'process_model'
2026-08-13 11:39:04,826 - ERROR - ❌ Modelo Mr. Bones Tan falló después de 3 intentos.
2026-08-13 11:39:04,843 - INFO - ⏭️ Pasando al siguiente modelo.
2026-08-13 11:39:04,844 - INFO - 🔄 [5/12] Procesando Daffy
2026-08-13 11:39:04,844 - WARNING - ⚠️ Intento 1/3 falló para Daffy: 'VUCEMAutomation' object has no attribute 'process_model'
2026-08-13 11:39:04,844 - INFO - ⏳ Esperando 2s antes de reintentar...
2026-08-13 11:39:06,845 - WARNING - ⚠️ Intento 2/3 falló para Daffy: 'VUCEMAutomation' object has no attribute 'process_model'
2026-08-13 11:39:06,845 - INFO - ⏳ Esperando 4s antes de reintentar...
2026-08-13 11:39:10,847 - WARNING - ⚠️ Intento 3/3 falló para Daffy: 'VUCEMAutomation' object has no attribute 'process_model'
2026-08-13 11:39:10,848 - ERROR - ❌ Modelo Daffy falló después de 3 intentos.
2026-08-13 11:39:10,856 - INFO - ⏭️ Pasando al siguiente modelo.
2026-08-13 11:39:10,856 - INFO - 🔄 [6/12] Procesando Hockey Killer
2026-08-13 11:39:10,857 - WARNING - ⚠️ Intento 1/3 falló para Hockey Killer: 'VUCEMAutomation' object has no attribute 'process_model'
2026-08-13 11:39:10,857 - INFO - ⏳ Esperando 2s antes de reintentar...
2026-08-13 11:39:12,858 - WARNING - ⚠️ Intento 2/3 falló para Hockey Killer: 'VUCEMAutomation' object has no attribute 'process_model'
2026-08-13 11:39:12,859 - INFO - ⏳ Esperando 4s antes de reintentar...
2026-08-13 11:39:16,861 - WARNING - ⚠️ Intento 3/3 falló para Hockey Killer: 'VUCEMAutomation' object has no attribute 'process_model'
2026-08-13 11:39:16,861 - ERROR - ❌ Modelo Hockey Killer falló después de 3 intentos.
2026-08-13 11:39:16,873 - INFO - ⏭️ Pasando al siguiente modelo.
2026-08-13 11:39:16,874 - INFO - 🔄 [7/12] Procesando Jacko
2026-08-13 11:39:16,875 - WARNING - ⚠️ Intento 1/3 falló para Jacko: 'VUCEMAutomation' object has no attribute 'process_model'
2026-08-13 11:39:16,875 - INFO - ⏳ Esperando 2s antes de reintentar...
2026-08-13 11:39:18,876 - WARNING - ⚠️ Intento 2/3 falló para Jacko: 'VUCEMAutomation' object has no attribute 'process_model'
2026-08-13 11:39:18,878 - INFO - ⏳ Esperando 4s antes de reintentar...
2026-08-13 11:39:22,880 - WARNING - ⚠️ Intento 3/3 falló para Jacko: 'VUCEMAutomation' object has no attribute 'process_model'
2026-08-13 11:39:22,880 - ERROR - ❌ Modelo Jacko falló después de 3 intentos.
2026-08-13 11:39:22,886 - INFO - ⏭️ Pasando al siguiente modelo.
2026-08-13 11:39:22,887 - INFO - 🔄 [8/12] Procesando Narmoga
2026-08-13 11:39:22,887 - WARNING - ⚠️ Intento 1/3 falló para Narmoga: 'VUCEMAutomation' object has no attribute 'process_model'
2026-08-13 11:39:22,888 - INFO - ⏳ Esperando 2s antes de reintentar...
2026-08-13 11:39:24,889 - WARNING - ⚠️ Intento 2/3 falló para Narmoga: 'VUCEMAutomation' object has no attribute 'process_model'
2026-08-13 11:39:24,889 - INFO - ⏳ Esperando 4s antes de reintentar...
2026-08-13 11:39:28,890 - WARNING - ⚠️ Intento 3/3 falló para Narmoga: 'VUCEMAutomation' object has no attribute 'process_model'
2026-08-13 11:39:28,891 - ERROR - ❌ Modelo Narmoga falló después de 3 intentos.
2026-08-13 11:39:28,902 - INFO - ⏭️ Pasando al siguiente modelo.
2026-08-13 11:39:28,903 - INFO - 🔄 [9/12] Procesando Akasha
2026-08-13 11:39:28,904 - WARNING - ⚠️ Intento 1/3 falló para Akasha: 'VUCEMAutomation' object has no attribute 'process_model'
2026-08-13 11:39:28,905 - INFO - ⏳ Esperando 2s antes de reintentar...
2026-08-13 11:39:30,909 - WARNING - ⚠️ Intento 2/3 falló para Akasha: 'VUCEMAutomation' object has no attribute 'process_model'
2026-08-13 11:39:30,910 - INFO - ⏳ Esperando 4s antes de reintentar...
2026-08-13 11:39:34,911 - WARNING - ⚠️ Intento 3/3 falló para Akasha: 'VUCEMAutomation' object has no attribute 'process_model'
2026-08-13 11:39:34,912 - ERROR - ❌ Modelo Akasha falló después de 3 intentos.
2026-08-13 11:39:34,920 - INFO - ⏭️ Pasando al siguiente modelo.
2026-08-13 11:39:34,920 - INFO - 🔄 [10/12] Procesando Baba Yaga
2026-08-13 11:39:34,921 - WARNING - ⚠️ Intento 1/3 falló para Baba Yaga: 'VUCEMAutomation' object has no attribute 'process_model'
2026-08-13 11:39:34,921 - INFO - ⏳ Esperando 2s antes de reintentar...
2026-08-13 11:39:36,922 - WARNING - ⚠️ Intento 2/3 falló para Baba Yaga: 'VUCEMAutomation' object has no attribute 'process_model'
2026-08-13 11:39:36,922 - INFO - ⏳ Esperando 4s antes de reintentar...
2026-08-13 11:39:40,923 - WARNING - ⚠️ Intento 3/3 falló para Baba Yaga: 'VUCEMAutomation' object has no attribute 'process_model'
2026-08-13 11:39:40,924 - ERROR - ❌ Modelo Baba Yaga falló después de 3 intentos.
2026-08-13 11:39:40,930 - INFO - ⏭️ Pasando al siguiente modelo.
2026-08-13 11:39:40,930 - INFO - 🔄 [11/12] Procesando Soggy
2026-08-13 11:39:40,931 - WARNING - ⚠️ Intento 1/3 falló para Soggy: 'VUCEMAutomation' object has no attribute 'process_model'
2026-08-13 11:39:40,931 - INFO - ⏳ Esperando 2s antes de reintentar...
2026-08-13 11:39:42,932 - WARNING - ⚠️ Intento 2/3 falló para Soggy: 'VUCEMAutomation' object has no attribute 'process_model'
2026-08-13 11:39:42,932 - INFO - ⏳ Esperando 4s antes de reintentar...
2026-08-13 11:39:46,934 - WARNING - ⚠️ Intento 3/3 falló para Soggy: 'VUCEMAutomation' object has no attribute 'process_model'
2026-08-13 11:39:46,934 - ERROR - ❌ Modelo Soggy falló después de 3 intentos.
2026-08-13 11:39:46,942 - INFO - ⏭️ Pasando al siguiente modelo.
2026-08-13 11:39:46,943 - INFO - 🔄 [12/12] Procesando Nightstalker
2026-08-13 11:39:46,943 - WARNING - ⚠️ Intento 1/3 falló para Nightstalker: 'VUCEMAutomation' object has no attribute 'process_model'
2026-08-13 11:39:46,944 - INFO - ⏳ Esperando 2s antes de reintentar...
2026-08-13 11:39:48,945 - WARNING - ⚠️ Intento 2/3 falló para Nightstalker: 'VUCEMAutomation' object has no attribute 'process_model'
2026-08-13 11:39:48,945 - INFO - ⏳ Esperando 4s antes de reintentar...
2026-08-13 11:39:52,947 - WARNING - ⚠️ Intento 3/3 falló para Nightstalker: 'VUCEMAutomation' object has no attribute 'process_model'
2026-08-13 11:39:52,948 - ERROR - ❌ Modelo Nightstalker falló después de 3 intentos.
2026-08-13 11:39:52,965 - INFO - ⏭️ Pasando al siguiente modelo.
2026-08-13 12:15:54,901 - INFO - ============================================================
2026-08-13 12:15:54,901 - INFO - 🚀 VUCEM Automation Bot (Autónomo con Reintentos)
2026-08-13 12:15:54,903 - INFO - Cargando proveedores desde BOM...
2026-08-13 12:15:54,912 - INFO - ✅ 35 proveedores cargados.
2026-08-13 12:15:54,912 - INFO - Cargando insumos por modelo desde BOM (solo categorías al INICIO)...
2026-08-13 12:15:54,927 - INFO - ✅ 20 modelos con insumos cargados.
2026-08-13 12:15:54,928 - INFO - Procesando archivo maestro (hoja '2026')...
2026-08-13 12:15:54,938 - INFO - ✅ Generado: PLANTILLA_Agnha_10.csv (3 filas, 0 variables, col_G=3)
2026-08-13 12:15:54,940 - INFO - ✅ Generado: PLANTILLA_Brown_wolf_9.csv (3 filas, 0 variables, col_G=3)
2026-08-13 12:15:54,944 - INFO - ✅ Generado: PLANTILLA_Rusty_the_Clown_14.csv (3 filas, 0 variables, col_G=3)
2026-08-13 12:15:54,947 - INFO - ✅ Generado: PLANTILLA_Mr._Bones_Tan_11.csv (3 filas, 0 variables, col_G=3)
2026-08-13 12:15:54,950 - INFO - ✅ Generado: PLANTILLA_Daffy_11.csv (3 filas, 0 variables, col_G=3)
2026-08-13 12:15:54,953 - INFO - ✅ Generado: PLANTILLA_Hockey_Killer_11.csv (3 filas, 0 variables, col_G=3)
2026-08-13 12:15:54,955 - INFO - ✅ Generado: PLANTILLA_Jacko_5.csv (3 filas, 0 variables, col_G=3)
2026-08-13 12:15:54,958 - INFO - ✅ Generado: PLANTILLA_Daffy_12.csv (3 filas, 0 variables, col_G=3)
2026-08-13 12:15:54,961 - INFO - ✅ Generado: PLANTILLA_Narmoga_16.csv (3 filas, 0 variables, col_G=3)
2026-08-13 12:15:54,965 - INFO - ✅ Generado: PLANTILLA_Akasha_11.csv (3 filas, 0 variables, col_G=3)
2026-08-13 12:15:54,968 - INFO - ✅ Generado: PLANTILLA_Akasha_12.csv (3 filas, 0 variables, col_G=3)
2026-08-13 12:15:54,971 - INFO - ✅ Generado: PLANTILLA_Mr._Bones_Tan_12.csv (3 filas, 0 variables, col_G=3)
2026-08-13 12:15:54,974 - INFO - ✅ Generado: PLANTILLA_Agnha_11.csv (3 filas, 0 variables, col_G=3)
2026-08-13 12:15:54,977 - INFO - ✅ Generado: PLANTILLA_Baba_Yaga_14.csv (3 filas, 0 variables, col_G=3)
2026-08-13 12:15:54,980 - INFO - ✅ Generado: PLANTILLA_Soggy_4.csv (3 filas, 0 variables, col_G=3)
2026-08-13 12:15:54,983 - INFO - ✅ Generado: PLANTILLA_Hockey_Killer_12.csv (3 filas, 0 variables, col_G=3)
2026-08-13 12:15:54,986 - INFO - ✅ Generado: PLANTILLA_Baba_Yaga_15.csv (3 filas, 0 variables, col_G=3)
2026-08-13 12:15:54,989 - INFO - ✅ Generado: PLANTILLA_Nightstalker_10.csv (3 filas, 0 variables, col_G=3)
2026-08-13 12:15:54,992 - INFO - ✅ Generado: PLANTILLA_Akasha_13.csv (3 filas, 0 variables, col_G=3)
2026-08-13 12:15:54,994 - INFO - ✅ Generado: PLANTILLA_Rusty_the_Clown_15.csv (3 filas, 0 variables, col_G=3)
2026-08-13 12:15:54,995 - INFO - 
📊 Resumen final:
2026-08-13 12:15:54,995 - INFO -    ✅ Plantillas generadas: 20
2026-08-13 12:15:54,996 - INFO -    ⏭️ Omitidas (sin precio): 0
2026-08-13 12:15:54,996 - INFO -    ❌ Errores (inconsistencia de filas): 0
2026-08-13 12:15:54,996 - INFO -    📁 Carpeta: 'C:\Users\Dany\Desktop\Proyecto\output'
2026-08-13 12:15:54,997 - WARNING - ⚠️ Modelo duplicado detectado: Daffy - se elimina la segunda ocurrencia.
2026-08-13 12:15:54,997 - WARNING - ⚠️ Modelo duplicado detectado: Akasha - se elimina la segunda ocurrencia.
2026-08-13 12:15:54,997 - WARNING - ⚠️ Modelo duplicado detectado: Mr. Bones Tan - se elimina la segunda ocurrencia.
2026-08-13 12:15:54,997 - WARNING - ⚠️ Modelo duplicado detectado: Agnha - se elimina la segunda ocurrencia.
2026-08-13 12:15:54,998 - WARNING - ⚠️ Modelo duplicado detectado: Hockey Killer - se elimina la segunda ocurrencia.
2026-08-13 12:15:54,998 - WARNING - ⚠️ Modelo duplicado detectado: Baba Yaga - se elimina la segunda ocurrencia.
2026-08-13 12:15:54,998 - WARNING - ⚠️ Modelo duplicado detectado: Akasha - se elimina la segunda ocurrencia.
2026-08-13 12:15:54,998 - WARNING - ⚠️ Modelo duplicado detectado: Rusty the Clown - se elimina la segunda ocurrencia.
2026-08-13 12:15:54,999 - INFO - 🧹 Desduplicación: 20 → 12 modelos únicos.
2026-08-13 12:15:54,999 - INFO - 📦 12 modelos listos para el bot.
2026-08-13 12:15:55,021 - INFO - 📂 Fallos previos cargados: 12 modelos.
2026-08-13 12:15:55,022 - INFO - ⏭️ 12 modelos ya procesados o en fallos. Saltando.
2026-08-13 12:15:55,022 - INFO - ✅ Todos los modelos ya están procesados o en fallos.
2026-08-13 12:15:55,023 - INFO - 📊 Resumen: Éxitos: 0, Fallos: 12
2026-08-13 12:17:04,086 - INFO - ============================================================
2026-08-13 12:17:04,086 - INFO - 🚀 VUCEM Automation Bot (Autónomo con Reintentos)
2026-08-13 12:17:04,088 - INFO - Cargando proveedores desde BOM...
2026-08-13 12:17:04,096 - INFO - ✅ 35 proveedores cargados.
2026-08-13 12:17:04,096 - INFO - Cargando insumos por modelo desde BOM (solo categorías al INICIO)...
2026-08-13 12:17:04,111 - INFO - ✅ 20 modelos con insumos cargados.
2026-08-13 12:17:04,111 - INFO - Procesando archivo maestro (hoja '2026')...
2026-08-13 12:17:04,120 - INFO - ✅ Generado: PLANTILLA_Agnha_12.csv (3 filas, 0 variables, col_G=3)
2026-08-13 12:17:04,123 - INFO - ✅ Generado: PLANTILLA_Brown_wolf_10.csv (3 filas, 0 variables, col_G=3)
2026-08-13 12:17:04,126 - INFO - ✅ Generado: PLANTILLA_Rusty_the_Clown_16.csv (3 filas, 0 variables, col_G=3)
2026-08-13 12:17:04,128 - INFO - ✅ Generado: PLANTILLA_Mr._Bones_Tan_13.csv (3 filas, 0 variables, col_G=3)
2026-08-13 12:17:04,130 - INFO - ✅ Generado: PLANTILLA_Daffy_13.csv (3 filas, 0 variables, col_G=3)
2026-08-13 12:17:04,134 - INFO - ✅ Generado: PLANTILLA_Hockey_Killer_13.csv (3 filas, 0 variables, col_G=3)
2026-08-13 12:17:04,137 - INFO - ✅ Generado: PLANTILLA_Jacko_6.csv (3 filas, 0 variables, col_G=3)
2026-08-13 12:17:04,140 - INFO - ✅ Generado: PLANTILLA_Daffy_14.csv (3 filas, 0 variables, col_G=3)
2026-08-13 12:17:04,143 - INFO - ✅ Generado: PLANTILLA_Narmoga_17.csv (3 filas, 0 variables, col_G=3)
2026-08-13 12:17:04,145 - INFO - ✅ Generado: PLANTILLA_Akasha_14.csv (3 filas, 0 variables, col_G=3)
2026-08-13 12:17:04,147 - INFO - ✅ Generado: PLANTILLA_Akasha_15.csv (3 filas, 0 variables, col_G=3)
2026-08-13 12:17:04,151 - INFO - ✅ Generado: PLANTILLA_Mr._Bones_Tan_14.csv (3 filas, 0 variables, col_G=3)
2026-08-13 12:17:04,154 - INFO - ✅ Generado: PLANTILLA_Agnha_13.csv (3 filas, 0 variables, col_G=3)
2026-08-13 12:17:04,156 - INFO - ✅ Generado: PLANTILLA_Baba_Yaga_16.csv (3 filas, 0 variables, col_G=3)
2026-08-13 12:17:04,158 - INFO - ✅ Generado: PLANTILLA_Soggy_5.csv (3 filas, 0 variables, col_G=3)
2026-08-13 12:17:04,160 - INFO - ✅ Generado: PLANTILLA_Hockey_Killer_14.csv (3 filas, 0 variables, col_G=3)
2026-08-13 12:17:04,163 - INFO - ✅ Generado: PLANTILLA_Baba_Yaga_17.csv (3 filas, 0 variables, col_G=3)
2026-08-13 12:17:04,165 - INFO - ✅ Generado: PLANTILLA_Nightstalker_11.csv (3 filas, 0 variables, col_G=3)
2026-08-13 12:17:04,170 - INFO - ✅ Generado: PLANTILLA_Akasha_16.csv (3 filas, 0 variables, col_G=3)
2026-08-13 12:17:04,172 - INFO - ✅ Generado: PLANTILLA_Rusty_the_Clown_17.csv (3 filas, 0 variables, col_G=3)
2026-08-13 12:17:04,172 - INFO - 
📊 Resumen final:
2026-08-13 12:17:04,173 - INFO -    ✅ Plantillas generadas: 20
2026-08-13 12:17:04,173 - INFO -    ⏭️ Omitidas (sin precio): 0
2026-08-13 12:17:04,173 - INFO -    ❌ Errores (inconsistencia de filas): 0
2026-08-13 12:17:04,173 - INFO -    📁 Carpeta: 'C:\Users\Dany\Desktop\Proyecto\output'
2026-08-13 12:17:04,174 - WARNING - ⚠️ Modelo duplicado detectado: Daffy - se elimina la segunda ocurrencia.
2026-08-13 12:17:04,174 - WARNING - ⚠️ Modelo duplicado detectado: Akasha - se elimina la segunda ocurrencia.
2026-08-13 12:17:04,174 - WARNING - ⚠️ Modelo duplicado detectado: Mr. Bones Tan - se elimina la segunda ocurrencia.
2026-08-13 12:17:04,174 - WARNING - ⚠️ Modelo duplicado detectado: Agnha - se elimina la segunda ocurrencia.
2026-08-13 12:17:04,174 - WARNING - ⚠️ Modelo duplicado detectado: Hockey Killer - se elimina la segunda ocurrencia.
2026-08-13 12:17:04,175 - WARNING - ⚠️ Modelo duplicado detectado: Baba Yaga - se elimina la segunda ocurrencia.
2026-08-13 12:17:04,175 - WARNING - ⚠️ Modelo duplicado detectado: Akasha - se elimina la segunda ocurrencia.
2026-08-13 12:17:04,175 - WARNING - ⚠️ Modelo duplicado detectado: Rusty the Clown - se elimina la segunda ocurrencia.
2026-08-13 12:17:04,175 - INFO - 🧹 Desduplicación: 20 → 12 modelos únicos.
2026-08-13 12:17:04,175 - INFO - 📦 12 modelos listos para el bot.
2026-08-13 12:17:04,176 - INFO - 📦 12 modelos pendientes de 12 totales.
2026-08-13 12:17:04,176 - INFO - 🔍 Métodos disponibles en VUCEMAutomation: ['close', 'driver', 'login_with_manual_verification', 'modo_simulacion', 'navigate_to_form', 'process_model', 'wait']
2026-08-13 12:17:04,176 - INFO - 🔐 [SIMULACIÓN] Login manual simulado. Presiona Enter para continuar...
2026-08-13 12:17:11,246 - INFO - 🧭 [SIMULACIÓN] Navegación simulada (sin clics reales).
2026-08-13 12:17:11,247 - INFO - 🔄 [1/12] Procesando Agnha
2026-08-13 12:17:11,247 - INFO - 📤 Procesando modelo Agnha
2026-08-13 12:17:11,247 - INFO -    [SIMULACIÓN] Modelo Agnha procesado (sin navegador).
2026-08-13 12:17:11,554 - INFO - ✅ Modelo Agnha completado (intento 1).
2026-08-13 12:17:11,554 - INFO - 🔄 [2/12] Procesando Brown wolf
2026-08-13 12:17:11,555 - INFO - 📤 Procesando modelo Brown wolf
2026-08-13 12:17:11,555 - INFO -    [SIMULACIÓN] Modelo Brown wolf procesado (sin navegador).
2026-08-13 12:17:11,875 - INFO - ✅ Modelo Brown wolf completado (intento 1).
2026-08-13 12:17:11,876 - INFO - 🔄 [3/12] Procesando Rusty the Clown
2026-08-13 12:17:11,876 - INFO - 📤 Procesando modelo Rusty the Clown
2026-08-13 12:17:11,877 - INFO -    [SIMULACIÓN] Modelo Rusty the Clown procesado (sin navegador).
2026-08-13 12:17:12,187 - INFO - ✅ Modelo Rusty the Clown completado (intento 1).
2026-08-13 12:17:12,188 - INFO - 🔄 [4/12] Procesando Mr. Bones Tan
2026-08-13 12:17:12,189 - INFO - 📤 Procesando modelo Mr. Bones Tan
2026-08-13 12:17:12,190 - INFO -    [SIMULACIÓN] Modelo Mr. Bones Tan procesado (sin navegador).
2026-08-13 12:17:12,512 - INFO - ✅ Modelo Mr. Bones Tan completado (intento 1).
2026-08-13 12:17:12,513 - INFO - 🔄 [5/12] Procesando Daffy
2026-08-13 12:17:12,514 - INFO - 📤 Procesando modelo Daffy
2026-08-13 12:17:12,514 - INFO -    [SIMULACIÓN] Modelo Daffy procesado (sin navegador).
2026-08-13 12:17:12,830 - INFO - ✅ Modelo Daffy completado (intento 1).
2026-08-13 12:17:12,831 - INFO - 🔄 [6/12] Procesando Hockey Killer
2026-08-13 12:17:12,831 - INFO - 📤 Procesando modelo Hockey Killer
2026-08-13 12:17:12,831 - INFO -    [SIMULACIÓN] Modelo Hockey Killer procesado (sin navegador).
2026-08-13 12:17:13,153 - INFO - ✅ Modelo Hockey Killer completado (intento 1).
2026-08-13 12:17:13,153 - INFO - 🔄 [7/12] Procesando Jacko
2026-08-13 12:17:13,154 - INFO - 📤 Procesando modelo Jacko
2026-08-13 12:17:13,155 - INFO -    [SIMULACIÓN] Modelo Jacko procesado (sin navegador).
2026-08-13 12:17:13,462 - INFO - ✅ Modelo Jacko completado (intento 1).
2026-08-13 12:17:13,463 - INFO - 🔄 [8/12] Procesando Narmoga
2026-08-13 12:17:13,463 - INFO - 📤 Procesando modelo Narmoga
2026-08-13 12:17:13,463 - INFO -    [SIMULACIÓN] Modelo Narmoga procesado (sin navegador).
2026-08-13 12:17:13,769 - INFO - ✅ Modelo Narmoga completado (intento 1).
2026-08-13 12:17:13,770 - INFO - 🔄 [9/12] Procesando Akasha
2026-08-13 12:17:13,770 - INFO - 📤 Procesando modelo Akasha
2026-08-13 12:17:13,770 - INFO -    [SIMULACIÓN] Modelo Akasha procesado (sin navegador).
2026-08-13 12:17:14,078 - INFO - ✅ Modelo Akasha completado (intento 1).
2026-08-13 12:17:14,078 - INFO - 🔄 [10/12] Procesando Baba Yaga
2026-08-13 12:17:14,078 - INFO - 📤 Procesando modelo Baba Yaga
2026-08-13 12:17:14,078 - INFO -    [SIMULACIÓN] Modelo Baba Yaga procesado (sin navegador).
2026-08-13 12:17:14,384 - INFO - ✅ Modelo Baba Yaga completado (intento 1).
2026-08-13 12:17:14,385 - INFO - 🔄 [11/12] Procesando Soggy
2026-08-13 12:17:14,385 - INFO - 📤 Procesando modelo Soggy
2026-08-13 12:17:14,386 - INFO -    [SIMULACIÓN] Modelo Soggy procesado (sin navegador).
2026-08-13 12:17:14,699 - INFO - ✅ Modelo Soggy completado (intento 1).
2026-08-13 12:17:14,700 - INFO - 🔄 [12/12] Procesando Nightstalker
2026-08-13 12:17:14,700 - INFO - 📤 Procesando modelo Nightstalker
2026-08-13 12:17:14,701 - INFO -    [SIMULACIÓN] Modelo Nightstalker procesado (sin navegador).
2026-08-13 12:17:15,024 - INFO - ✅ Modelo Nightstalker completado (intento 1).
2026-08-13 12:17:15,025 - INFO - ============================================================
2026-08-13 12:17:15,025 - INFO - 🏁 Procesamiento finalizado.
2026-08-13 12:17:15,026 - INFO - 📊 Resumen final:
2026-08-13 12:17:15,026 - INFO -    ✅ Procesados con éxito: 12
2026-08-13 12:17:15,026 - INFO -    ❌ Fallidos para revisión manual: 0
2026-08-13 12:17:15,027 - INFO - ============================================================
2026-08-13 12:56:31,219 - INFO - ============================================================
2026-08-13 12:56:31,220 - INFO - 🚀 VUCEM Automation Bot (Autónomo con Reintentos)
2026-08-13 12:56:31,223 - INFO - Cargando proveedores desde BOM...
2026-08-13 12:56:31,248 - INFO - ✅ 35 proveedores cargados.
2026-08-13 12:56:31,248 - INFO - Cargando insumos por modelo desde BOM (solo categorías al INICIO)...
2026-08-13 12:56:31,274 - INFO - ✅ 20 modelos con insumos cargados.
2026-08-13 12:56:31,275 - INFO - Procesando archivo maestro (hoja '2026')...
2026-08-13 12:56:31,297 - INFO - ✅ Generado: PLANTILLA_Agnha_14.csv (3 filas, 0 variables, col_G=3)
2026-08-13 12:56:31,304 - INFO - ✅ Generado: PLANTILLA_Brown_wolf_11.csv (3 filas, 0 variables, col_G=3)
2026-08-13 12:56:31,309 - INFO - ✅ Generado: PLANTILLA_Rusty_the_Clown_18.csv (3 filas, 0 variables, col_G=3)
2026-08-13 12:56:31,313 - INFO - ✅ Generado: PLANTILLA_Mr._Bones_Tan_15.csv (3 filas, 0 variables, col_G=3)
2026-08-13 12:56:31,316 - INFO - ✅ Generado: PLANTILLA_Daffy_15.csv (3 filas, 0 variables, col_G=3)
2026-08-13 12:56:31,321 - INFO - ✅ Generado: PLANTILLA_Hockey_Killer_15.csv (3 filas, 0 variables, col_G=3)
2026-08-13 12:56:31,324 - INFO - ✅ Generado: PLANTILLA_Jacko_7.csv (3 filas, 0 variables, col_G=3)
2026-08-13 12:56:31,327 - INFO - ✅ Generado: PLANTILLA_Daffy_16.csv (3 filas, 0 variables, col_G=3)
2026-08-13 12:56:31,331 - INFO - ✅ Generado: PLANTILLA_Narmoga_18.csv (3 filas, 0 variables, col_G=3)
2026-08-13 12:56:31,335 - INFO - ✅ Generado: PLANTILLA_Akasha_17.csv (3 filas, 0 variables, col_G=3)
2026-08-13 12:56:31,339 - INFO - ✅ Generado: PLANTILLA_Akasha_18.csv (3 filas, 0 variables, col_G=3)
2026-08-13 12:56:31,342 - INFO - ✅ Generado: PLANTILLA_Mr._Bones_Tan_16.csv (3 filas, 0 variables, col_G=3)
2026-08-13 12:56:31,356 - INFO - ✅ Generado: PLANTILLA_Agnha_15.csv (3 filas, 0 variables, col_G=3)
2026-08-13 12:56:31,359 - INFO - ✅ Generado: PLANTILLA_Baba_Yaga_18.csv (3 filas, 0 variables, col_G=3)
2026-08-13 12:56:31,361 - INFO - ✅ Generado: PLANTILLA_Soggy_6.csv (3 filas, 0 variables, col_G=3)
2026-08-13 12:56:31,365 - INFO - ✅ Generado: PLANTILLA_Hockey_Killer_16.csv (3 filas, 0 variables, col_G=3)
2026-08-13 12:56:31,370 - INFO - ✅ Generado: PLANTILLA_Baba_Yaga_19.csv (3 filas, 0 variables, col_G=3)
2026-08-13 12:56:31,377 - INFO - ✅ Generado: PLANTILLA_Nightstalker_12.csv (3 filas, 0 variables, col_G=3)
2026-08-13 12:56:31,383 - INFO - ✅ Generado: PLANTILLA_Akasha_19.csv (3 filas, 0 variables, col_G=3)
2026-08-13 12:56:31,388 - INFO - ✅ Generado: PLANTILLA_Rusty_the_Clown_19.csv (3 filas, 0 variables, col_G=3)
2026-08-13 12:56:31,390 - INFO - 
📊 Resumen final:
2026-08-13 12:56:31,392 - INFO -    ✅ Plantillas generadas: 20
2026-08-13 12:56:31,393 - INFO -    ⏭️ Omitidas (sin precio): 0
2026-08-13 12:56:31,395 - INFO -    ❌ Errores (inconsistencia de filas): 0
2026-08-13 12:56:31,396 - INFO -    📁 Carpeta: 'C:\Users\Dany\Desktop\Proyecto\output'
2026-08-13 12:56:31,397 - WARNING - ⚠️ Modelo duplicado detectado: Daffy - se elimina la segunda ocurrencia.
2026-08-13 12:56:31,398 - WARNING - ⚠️ Modelo duplicado detectado: Akasha - se elimina la segunda ocurrencia.
2026-08-13 12:56:31,400 - WARNING - ⚠️ Modelo duplicado detectado: Mr. Bones Tan - se elimina la segunda ocurrencia.
2026-08-13 12:56:31,402 - WARNING - ⚠️ Modelo duplicado detectado: Agnha - se elimina la segunda ocurrencia.
2026-08-13 12:56:31,405 - WARNING - ⚠️ Modelo duplicado detectado: Hockey Killer - se elimina la segunda ocurrencia.
2026-08-13 12:56:31,407 - WARNING - ⚠️ Modelo duplicado detectado: Baba Yaga - se elimina la segunda ocurrencia.
2026-08-13 12:56:31,408 - WARNING - ⚠️ Modelo duplicado detectado: Akasha - se elimina la segunda ocurrencia.
2026-08-13 12:56:31,410 - WARNING - ⚠️ Modelo duplicado detectado: Rusty the Clown - se elimina la segunda ocurrencia.
2026-08-13 12:56:31,412 - INFO - 🧹 Desduplicación: 20 → 12 modelos únicos.
2026-08-13 12:56:31,413 - INFO - 📦 12 modelos listos para el bot.
2026-08-13 12:56:31,434 - INFO - 📂 Estado cargado: 12 modelos ya procesados.
2026-08-13 12:56:31,437 - INFO - ⏭️ 12 modelos ya procesados o en fallos. Saltando.
2026-08-13 12:56:31,439 - INFO - ✅ Todos los modelos ya están procesados o en fallos.
2026-08-13 12:56:31,441 - INFO - 📊 Resumen: Éxitos: 12, Fallos: 0
2026-08-13 12:57:52,541 - INFO - ============================================================
2026-08-13 12:57:52,542 - INFO - 🚀 VUCEM Automation Bot (Autónomo con Reintentos)
2026-08-13 12:57:52,543 - INFO - Cargando proveedores desde BOM...
2026-08-13 12:57:52,552 - INFO - ✅ 35 proveedores cargados.
2026-08-13 12:57:52,552 - INFO - Cargando insumos por modelo desde BOM (solo categorías al INICIO)...
2026-08-13 12:57:52,568 - INFO - ✅ 20 modelos con insumos cargados.
2026-08-13 12:57:52,568 - INFO - Procesando archivo maestro (hoja '2026')...
2026-08-13 12:57:52,578 - INFO - ✅ Generado: PLANTILLA_Agnha_16.csv (3 filas, 0 variables, col_G=3)
2026-08-13 12:57:52,581 - INFO - ✅ Generado: PLANTILLA_Brown_wolf_12.csv (3 filas, 0 variables, col_G=3)
2026-08-13 12:57:52,583 - INFO - ✅ Generado: PLANTILLA_Rusty_the_Clown_20.csv (3 filas, 0 variables, col_G=3)
2026-08-13 12:57:52,586 - INFO - ✅ Generado: PLANTILLA_Mr._Bones_Tan_17.csv (3 filas, 0 variables, col_G=3)
2026-08-13 12:57:52,588 - INFO - ✅ Generado: PLANTILLA_Daffy_17.csv (3 filas, 0 variables, col_G=3)
2026-08-13 12:57:52,592 - INFO - ✅ Generado: PLANTILLA_Hockey_Killer_17.csv (3 filas, 0 variables, col_G=3)
2026-08-13 12:57:52,595 - INFO - ✅ Generado: PLANTILLA_Jacko_8.csv (3 filas, 0 variables, col_G=3)
2026-08-13 12:57:52,598 - INFO - ✅ Generado: PLANTILLA_Daffy_18.csv (3 filas, 0 variables, col_G=3)
2026-08-13 12:57:52,601 - INFO - ✅ Generado: PLANTILLA_Narmoga_19.csv (3 filas, 0 variables, col_G=3)
2026-08-13 12:57:52,604 - INFO - ✅ Generado: PLANTILLA_Akasha_20.csv (3 filas, 0 variables, col_G=3)
2026-08-13 12:57:52,608 - INFO - ✅ Generado: PLANTILLA_Akasha_21.csv (3 filas, 0 variables, col_G=3)
2026-08-13 12:57:52,612 - INFO - ✅ Generado: PLANTILLA_Mr._Bones_Tan_18.csv (3 filas, 0 variables, col_G=3)
2026-08-13 12:57:52,614 - INFO - ✅ Generado: PLANTILLA_Agnha_17.csv (3 filas, 0 variables, col_G=3)
2026-08-13 12:57:52,617 - INFO - ✅ Generado: PLANTILLA_Baba_Yaga_20.csv (3 filas, 0 variables, col_G=3)
2026-08-13 12:57:52,618 - INFO - ✅ Generado: PLANTILLA_Soggy_7.csv (3 filas, 0 variables, col_G=3)
2026-08-13 12:57:52,621 - INFO - ✅ Generado: PLANTILLA_Hockey_Killer_18.csv (3 filas, 0 variables, col_G=3)
2026-08-13 12:57:52,626 - INFO - ✅ Generado: PLANTILLA_Baba_Yaga_21.csv (3 filas, 0 variables, col_G=3)
2026-08-13 12:57:52,628 - INFO - ✅ Generado: PLANTILLA_Nightstalker_13.csv (3 filas, 0 variables, col_G=3)
2026-08-13 12:57:52,631 - INFO - ✅ Generado: PLANTILLA_Akasha_22.csv (3 filas, 0 variables, col_G=3)
2026-08-13 12:57:52,633 - INFO - ✅ Generado: PLANTILLA_Rusty_the_Clown_21.csv (3 filas, 0 variables, col_G=3)
2026-08-13 12:57:52,634 - INFO - 
📊 Resumen final:
2026-08-13 12:57:52,634 - INFO -    ✅ Plantillas generadas: 20
2026-08-13 12:57:52,634 - INFO -    ⏭️ Omitidas (sin precio): 0
2026-08-13 12:57:52,634 - INFO -    ❌ Errores (inconsistencia de filas): 0
2026-08-13 12:57:52,634 - INFO -    📁 Carpeta: 'C:\Users\Dany\Desktop\Proyecto\output'
2026-08-13 12:57:52,634 - WARNING - ⚠️ Modelo duplicado detectado: Daffy - se elimina la segunda ocurrencia.
2026-08-13 12:57:52,635 - WARNING - ⚠️ Modelo duplicado detectado: Akasha - se elimina la segunda ocurrencia.
2026-08-13 12:57:52,635 - WARNING - ⚠️ Modelo duplicado detectado: Mr. Bones Tan - se elimina la segunda ocurrencia.
2026-08-13 12:57:52,635 - WARNING - ⚠️ Modelo duplicado detectado: Agnha - se elimina la segunda ocurrencia.
2026-08-13 12:57:52,635 - WARNING - ⚠️ Modelo duplicado detectado: Hockey Killer - se elimina la segunda ocurrencia.
2026-08-13 12:57:52,635 - WARNING - ⚠️ Modelo duplicado detectado: Baba Yaga - se elimina la segunda ocurrencia.
2026-08-13 12:57:52,635 - WARNING - ⚠️ Modelo duplicado detectado: Akasha - se elimina la segunda ocurrencia.
2026-08-13 12:57:52,636 - WARNING - ⚠️ Modelo duplicado detectado: Rusty the Clown - se elimina la segunda ocurrencia.
2026-08-13 12:57:52,636 - INFO - 🧹 Desduplicación: 20 → 12 modelos únicos.
2026-08-13 12:57:52,636 - INFO - 📦 12 modelos listos para el bot.
2026-08-13 12:57:52,636 - INFO - 📦 12 modelos pendientes de 12 totales.
2026-08-13 12:57:58,889 - INFO - ✅ WebDriver inicializado.
2026-08-13 12:57:58,891 - INFO - 🔍 Métodos disponibles en VUCEMAutomation: ['close', 'driver', 'login_with_manual_verification', 'modo_simulacion', 'navigate_to_form', 'process_model', 'wait']
2026-08-13 12:57:58,891 - INFO - 🌐 Navegando a la página de login de VUCEM...
2026-08-13 12:58:48,930 - INFO - ✅ Login verificado (dashboard detectado).
2026-08-13 12:58:48,931 - INFO - 🧭 Iniciando navegación real al formulario de alta...
2026-08-13 12:58:50,402 - INFO - ✅ Click en 'Solicitudes nuevas'
2026-08-13 12:58:54,289 - INFO - ✅ Click en Secretaría de Economía
2026-08-13 12:59:08,661 - INFO - ✅ Click en trámite 110101
2026-08-13 12:59:11,706 - INFO - ✅ Pestaña 'Tratados'
2026-08-13 12:59:13,867 - INFO - ✅ Unión Europea seleccionada
2026-08-13 12:59:15,001 - INFO - ✅ TLCUEM seleccionado
2026-08-13 12:59:16,091 - INFO - ✅ Criterio B seleccionado
2026-08-13 12:59:17,126 - INFO - ✅ Tratado agregado
2026-08-13 12:59:19,165 - INFO - ✅ Pestaña 'Datos de la mercancía'
2026-08-13 12:59:21,168 - INFO - ✅ Navegación completada. Formulario listo.
2026-08-13 12:59:21,168 - INFO - 🔄 [1/12] Procesando Agnha
2026-08-13 12:59:21,169 - INFO - 📤 Procesando modelo Agnha
2026-08-13 12:59:21,633 - WARNING - ⚠️ No se encontró CSV para Agnha, se omite carga de insumos.
2026-08-13 12:59:23,645 - INFO - ✅ Click en 'Continuar' – solicitud enviada a firma.
2026-08-13 12:59:23,645 - INFO - 🔐 Esperando firma electrónica manual...
2026-08-13 12:59:47,698 - INFO - 🛑 Interrupción por usuario. Estado guardado.
2026-08-13 12:59:47,703 - WARNING - Retrying (Retry(total=2, connect=None, read=None, redirect=None, status=None)) after connection broken by 'ConnectionResetError(10054, 'Se ha forzado la interrupción de una conexión existente por el host remoto', None, 10054, None)': /session/ec36cc6c1e485a04a22ce185689eced0
2026-08-13 12:59:51,764 - WARNING - Retrying (Retry(total=1, connect=None, read=None, redirect=None, status=None)) after connection broken by 'NewConnectionError("HTTPConnection(host='localhost', port=59752): Failed to establish a new connection: [WinError 10061] No se puede establecer una conexión ya que el equipo de destino denegó expresamente dicha conexión")': /session/ec36cc6c1e485a04a22ce185689eced0
2026-08-13 12:59:55,834 - WARNING - Retrying (Retry(total=0, connect=None, read=None, redirect=None, status=None)) after connection broken by 'NewConnectionError("HTTPConnection(host='localhost', port=59752): Failed to establish a new connection: [WinError 10061] No se puede establecer una conexión ya que el equipo de destino denegó expresamente dicha conexión")': /session/ec36cc6c1e485a04a22ce185689eced0
2026-08-13 12:59:59,895 - INFO - 🛑 Browser cerrado.
2026-08-13 12:59:59,896 - INFO - ============================================================
2026-08-13 12:59:59,896 - INFO - 🏁 Procesamiento finalizado.
2026-08-13 12:59:59,897 - INFO - 📊 Resumen final:
2026-08-13 12:59:59,897 - INFO -    ✅ Procesados con éxito: 0
2026-08-13 12:59:59,898 - INFO -    ❌ Fallidos para revisión manual: 0
2026-08-13 12:59:59,898 - INFO - ============================================================
2026-08-13 18:40:21,459 - INFO - ============================================================
2026-08-13 18:40:21,460 - INFO - 🚀 VUCEM Automation Bot (Modo Interactivo)
2026-08-13 18:40:21,462 - INFO - Cargando proveedores desde BOM...
2026-08-13 18:40:21,496 - INFO - ✅ 35 proveedores cargados.
2026-08-13 18:40:21,496 - INFO - Cargando insumos por modelo desde BOM (solo categorías al INICIO)...
2026-08-13 18:40:21,523 - INFO - ✅ 20 modelos con insumos cargados.
2026-08-13 18:40:21,523 - INFO - Procesando archivo maestro (hoja '2026')...
2026-08-13 18:40:21,571 - INFO - ✅ Generado: PLANTILLA_Agnha_18.csv (3 filas, 0 variables, col_G=3)
2026-08-13 18:40:21,580 - INFO - ✅ Generado: PLANTILLA_Brown_wolf_13.csv (3 filas, 0 variables, col_G=3)
2026-08-13 18:40:21,589 - INFO - ✅ Generado: PLANTILLA_Rusty_the_Clown_22.csv (3 filas, 0 variables, col_G=3)
2026-08-13 18:40:21,598 - INFO - ✅ Generado: PLANTILLA_Mr._Bones_Tan_19.csv (3 filas, 0 variables, col_G=3)
2026-08-13 18:40:21,607 - INFO - ✅ Generado: PLANTILLA_Daffy_19.csv (3 filas, 0 variables, col_G=3)
2026-08-13 18:40:21,618 - INFO - ✅ Generado: PLANTILLA_Hockey_Killer_19.csv (3 filas, 0 variables, col_G=3)
2026-08-13 18:40:21,623 - INFO - ✅ Generado: PLANTILLA_Jacko_9.csv (3 filas, 0 variables, col_G=3)
2026-08-13 18:40:21,630 - INFO - ✅ Generado: PLANTILLA_Daffy_20.csv (3 filas, 0 variables, col_G=3)
2026-08-13 18:40:21,639 - INFO - ✅ Generado: PLANTILLA_Narmoga_20.csv (3 filas, 0 variables, col_G=3)
2026-08-13 18:40:21,647 - INFO - ✅ Generado: PLANTILLA_Akasha_23.csv (3 filas, 0 variables, col_G=3)
2026-08-13 18:40:21,655 - INFO - ✅ Generado: PLANTILLA_Akasha_24.csv (3 filas, 0 variables, col_G=3)
2026-08-13 18:40:21,660 - INFO - ✅ Generado: PLANTILLA_Mr._Bones_Tan_20.csv (3 filas, 0 variables, col_G=3)
2026-08-13 18:40:21,667 - INFO - ✅ Generado: PLANTILLA_Agnha_19.csv (3 filas, 0 variables, col_G=3)
2026-08-13 18:40:21,675 - INFO - ✅ Generado: PLANTILLA_Baba_Yaga_22.csv (3 filas, 0 variables, col_G=3)
2026-08-13 18:40:21,680 - INFO - ✅ Generado: PLANTILLA_Soggy_8.csv (3 filas, 0 variables, col_G=3)
2026-08-13 18:40:21,687 - INFO - ✅ Generado: PLANTILLA_Hockey_Killer_20.csv (3 filas, 0 variables, col_G=3)
2026-08-13 18:40:21,709 - INFO - ✅ Generado: PLANTILLA_Baba_Yaga_23.csv (3 filas, 0 variables, col_G=3)
2026-08-13 18:40:21,728 - INFO - ✅ Generado: PLANTILLA_Nightstalker_14.csv (3 filas, 0 variables, col_G=3)
2026-08-13 18:40:21,742 - INFO - ✅ Generado: PLANTILLA_Akasha_25.csv (3 filas, 0 variables, col_G=3)
2026-08-13 18:40:21,755 - INFO - ✅ Generado: PLANTILLA_Rusty_the_Clown_23.csv (3 filas, 0 variables, col_G=3)
2026-08-13 18:40:21,758 - INFO - 
📊 Resumen final:
2026-08-13 18:40:21,759 - INFO -    ✅ Plantillas generadas: 20
2026-08-13 18:40:21,760 - INFO -    ⏭️ Omitidas (sin precio): 0
2026-08-13 18:40:21,761 - INFO -    ❌ Errores (inconsistencia de filas): 0
2026-08-13 18:40:21,761 - INFO -    📁 Carpeta: 'C:\Users\Dany\Desktop\Proyecto\output'
2026-08-13 18:40:21,762 - WARNING - ⚠️ Modelo duplicado detectado: Daffy - se elimina la segunda ocurrencia.
2026-08-13 18:40:21,762 - WARNING - ⚠️ Modelo duplicado detectado: Akasha - se elimina la segunda ocurrencia.
2026-08-13 18:40:21,763 - WARNING - ⚠️ Modelo duplicado detectado: Mr. Bones Tan - se elimina la segunda ocurrencia.
2026-08-13 18:40:21,763 - WARNING - ⚠️ Modelo duplicado detectado: Agnha - se elimina la segunda ocurrencia.
2026-08-13 18:40:21,764 - WARNING - ⚠️ Modelo duplicado detectado: Hockey Killer - se elimina la segunda ocurrencia.
2026-08-13 18:40:21,764 - WARNING - ⚠️ Modelo duplicado detectado: Baba Yaga - se elimina la segunda ocurrencia.
2026-08-13 18:40:21,764 - WARNING - ⚠️ Modelo duplicado detectado: Akasha - se elimina la segunda ocurrencia.
2026-08-13 18:40:21,765 - WARNING - ⚠️ Modelo duplicado detectado: Rusty the Clown - se elimina la segunda ocurrencia.
2026-08-13 18:40:21,765 - INFO - 🧹 Desduplicación: 20 → 12 modelos únicos.
2026-08-13 18:40:21,766 - INFO - 📦 12 modelos listos para el bot.
2026-08-13 18:40:21,767 - INFO - 📦 12 modelos pendientes de 12 totales.
2026-08-13 18:40:53,217 - INFO - ✅ WebDriver inicializado.
2026-08-13 18:40:53,218 - INFO - 🔍 Métodos disponibles en VUCEMAutomation: ['close', 'driver', 'login_with_manual_verification', 'modo_simulacion', 'navigate_to_form', 'process_model', 'wait']
2026-08-13 18:40:53,218 - INFO - 🌐 Navegando a la página de login de VUCEM...
2026-08-13 18:41:39,180 - INFO - ✅ Login verificado (dashboard detectado).
2026-08-13 18:41:39,181 - INFO - 🧭 Iniciando navegación real al formulario de alta...
2026-08-13 18:41:40,562 - INFO - ✅ Click en 'Solicitudes nuevas'
2026-08-13 18:41:48,159 - INFO - ✅ Click en Secretaría de Economía
2026-08-13 18:42:20,494 - CRITICAL - ❌ Error crítico en el bucle principal: Message: 

2026-08-13 18:42:24,109 - INFO - 🛑 Browser cerrado.
2026-08-13 18:42:24,111 - INFO - ============================================================
2026-08-13 18:42:24,112 - INFO - 🏁 Procesamiento finalizado.
2026-08-13 18:42:24,112 - INFO - 📊 Resumen final:
2026-08-13 18:42:24,113 - INFO -    ✅ Procesados con éxito: 0
2026-08-13 18:42:24,113 - INFO -    ❌ Fallidos para revisión manual: 0
2026-08-13 18:42:24,114 - INFO - ============================================================
2026-08-14 10:40:12,838 - INFO - ============================================================
2026-08-14 10:40:12,839 - INFO - 🚀 VUCEM Automation Bot (Modo Interactivo)
2026-08-14 10:40:12,841 - INFO - Cargando proveedores desde BOM...
2026-08-14 10:40:12,855 - INFO - ✅ 35 proveedores cargados.
2026-08-14 10:40:12,856 - INFO - Cargando insumos por modelo desde BOM (solo categorías al INICIO)...
2026-08-14 10:40:12,872 - INFO - ✅ 20 modelos con insumos cargados.
2026-08-14 10:40:12,872 - INFO - Procesando archivo maestro (hoja '2026')...
2026-08-14 10:40:12,882 - INFO - ✅ Generado: PLANTILLA_Agnha_20.csv (3 filas, 0 variables, col_G=3)
2026-08-14 10:40:12,887 - INFO - ✅ Generado: PLANTILLA_Brown_wolf_14.csv (3 filas, 0 variables, col_G=3)
2026-08-14 10:40:12,891 - INFO - ✅ Generado: PLANTILLA_Rusty_the_Clown_24.csv (3 filas, 0 variables, col_G=3)
2026-08-14 10:40:12,895 - INFO - ✅ Generado: PLANTILLA_Mr._Bones_Tan_21.csv (3 filas, 0 variables, col_G=3)
2026-08-14 10:40:12,899 - INFO - ✅ Generado: PLANTILLA_Daffy_21.csv (3 filas, 0 variables, col_G=3)
2026-08-14 10:40:12,905 - INFO - ✅ Generado: PLANTILLA_Hockey_Killer_21.csv (3 filas, 0 variables, col_G=3)
2026-08-14 10:40:12,908 - INFO - ✅ Generado: PLANTILLA_Jacko_10.csv (3 filas, 0 variables, col_G=3)
2026-08-14 10:40:12,911 - INFO - ✅ Generado: PLANTILLA_Daffy_22.csv (3 filas, 0 variables, col_G=3)
2026-08-14 10:40:12,914 - INFO - ✅ Generado: PLANTILLA_Narmoga_21.csv (3 filas, 0 variables, col_G=3)
2026-08-14 10:40:12,919 - INFO - ✅ Generado: PLANTILLA_Akasha_26.csv (3 filas, 0 variables, col_G=3)
2026-08-14 10:40:12,922 - INFO - ✅ Generado: PLANTILLA_Akasha_27.csv (3 filas, 0 variables, col_G=3)
2026-08-14 10:40:12,924 - INFO - ✅ Generado: PLANTILLA_Mr._Bones_Tan_22.csv (3 filas, 0 variables, col_G=3)
2026-08-14 10:40:12,927 - INFO - ✅ Generado: PLANTILLA_Agnha_21.csv (3 filas, 0 variables, col_G=3)
2026-08-14 10:40:12,932 - INFO - ✅ Generado: PLANTILLA_Baba_Yaga_24.csv (3 filas, 0 variables, col_G=3)
2026-08-14 10:40:12,936 - INFO - ✅ Generado: PLANTILLA_Soggy_9.csv (3 filas, 0 variables, col_G=3)
2026-08-14 10:40:12,939 - INFO - ✅ Generado: PLANTILLA_Hockey_Killer_22.csv (3 filas, 0 variables, col_G=3)
2026-08-14 10:40:12,943 - INFO - ✅ Generado: PLANTILLA_Baba_Yaga_25.csv (3 filas, 0 variables, col_G=3)
2026-08-14 10:40:12,946 - INFO - ✅ Generado: PLANTILLA_Nightstalker_15.csv (3 filas, 0 variables, col_G=3)
2026-08-14 10:40:12,949 - INFO - ✅ Generado: PLANTILLA_Akasha_28.csv (3 filas, 0 variables, col_G=3)
2026-08-14 10:40:12,953 - INFO - ✅ Generado: PLANTILLA_Rusty_the_Clown_25.csv (3 filas, 0 variables, col_G=3)
2026-08-14 10:40:12,953 - INFO - 
📊 Resumen final:
2026-08-14 10:40:12,954 - INFO -    ✅ Plantillas generadas: 20
2026-08-14 10:40:12,954 - INFO -    ⏭️ Omitidas (sin precio): 0
2026-08-14 10:40:12,954 - INFO -    ❌ Errores (inconsistencia de filas): 0
2026-08-14 10:40:12,954 - INFO -    📁 Carpeta: 'C:\Users\Dany\Desktop\Proyecto\output'
2026-08-14 10:40:12,954 - WARNING - ⚠️ Modelo duplicado detectado: Daffy - se elimina la segunda ocurrencia.
2026-08-14 10:40:12,954 - WARNING - ⚠️ Modelo duplicado detectado: Akasha - se elimina la segunda ocurrencia.
2026-08-14 10:40:12,955 - WARNING - ⚠️ Modelo duplicado detectado: Mr. Bones Tan - se elimina la segunda ocurrencia.
2026-08-14 10:40:12,955 - WARNING - ⚠️ Modelo duplicado detectado: Agnha - se elimina la segunda ocurrencia.
2026-08-14 10:40:12,955 - WARNING - ⚠️ Modelo duplicado detectado: Hockey Killer - se elimina la segunda ocurrencia.
2026-08-14 10:40:12,955 - WARNING - ⚠️ Modelo duplicado detectado: Baba Yaga - se elimina la segunda ocurrencia.
2026-08-14 10:40:12,955 - WARNING - ⚠️ Modelo duplicado detectado: Akasha - se elimina la segunda ocurrencia.
2026-08-14 10:40:12,956 - WARNING - ⚠️ Modelo duplicado detectado: Rusty the Clown - se elimina la segunda ocurrencia.
2026-08-14 10:40:12,956 - INFO - 🧹 Desduplicación: 20 → 12 modelos únicos.
2026-08-14 10:40:12,956 - INFO - 📦 12 modelos listos para el bot.
2026-08-14 10:40:12,956 - INFO - 📦 12 modelos pendientes de 12 totales.
2026-08-14 10:40:16,046 - INFO - ✅ WebDriver inicializado.
2026-08-14 10:40:16,047 - INFO - 🔍 Métodos disponibles en VUCEMAutomation: ['close', 'driver', 'login_with_manual_verification', 'modo_simulacion', 'navigate_to_form', 'process_model', 'wait']
2026-08-14 10:40:16,048 - INFO - 🌐 Navegando a la página de login de VUCEM...
2026-08-14 10:41:05,732 - INFO - ✅ Login verificado (dashboard detectado).
2026-08-14 10:41:05,733 - INFO - 🧭 Iniciando navegación real al formulario...
2026-08-14 10:41:06,910 - INFO - ✅ Click en 'Solicitudes nuevas'
2026-08-14 10:41:09,429 - INFO - ✅ Click en Secretaría de Economía
2026-08-14 10:41:41,707 - WARNING - ⚠️ Falló selector por onclick, intentando por texto...
2026-08-14 10:42:11,834 - CRITICAL - ❌ Error crítico en el bucle principal: Message: 
Stacktrace:
	chromedriver!GetHandleVerifier [0x7ff7f642abb5+151b5]
	chromedriver!GetHandleVerifier [0x7ff7f642ac10+15210]
	chromedriver!(No symbol) [0x7ff7f5f55d6d]
	chromedriver!(No symbol) [0x7ff7f5fb1289]
	chromedriver!(No symbol) [0x7ff7f5fb158c]
	chromedriver!(No symbol) [0x7ff7f6002027]
	chromedriver!(No symbol) [0x7ff7f5ffec0b]
	chromedriver!(No symbol) [0x7ff7f5fa37cc]
	chromedriver!(No symbol) [0x7ff7f5fa46f3]
	chromedriver!GetHandleVerifier [0x7ff7f6a4b79b+635d9b]
	chromedriver!GetHandleVerifier [0x7ff7f6a45ac6+6300c6]
	chromedriver!GetHandleVerifier [0x7ff7f6a6bcee+6562ee]
	chromedriver!GetHandleVerifier [0x7ff7f6448ffe+335fe]
	chromedriver!GetHandleVerifier [0x7ff7f645147c+3ba7c]
	chromedriver!GetHandleVerifier [0x7ff7f6434d64+1f364]
	chromedriver!GetHandleVerifier [0x7ff7f6434ef4+1f4f4]
	chromedriver!GetHandleVerifier [0x7ff7f6417d97+2397]
	KERNEL32!BaseThreadInitThunk [0x7ffeae28ccb7+17]
	ntdll!RtlUserThreadStart [0x7ffeaf6591cc+2c]

2026-08-14 10:42:14,460 - INFO - 🛑 Browser cerrado.
2026-08-14 10:42:14,460 - INFO - ============================================================
2026-08-14 10:42:14,460 - INFO - 🏁 Procesamiento finalizado.
2026-08-14 10:42:14,461 - INFO - 📊 Resumen final:
2026-08-14 10:42:14,461 - INFO -    ✅ Procesados con éxito: 0
2026-08-14 10:42:14,462 - INFO -    ❌ Fallidos para revisión manual: 0
2026-08-14 10:42:14,462 - INFO - ============================================================
2026-08-14 11:43:34,635 - INFO - Cargando proveedores desde BOM...
2026-08-14 11:43:34,673 - INFO - ✅ 35 proveedores cargados.
2026-08-14 11:43:34,673 - INFO - Cargando insumos por modelo desde BOM (solo categorías al INICIO)...
2026-08-14 11:43:34,693 - INFO - ✅ 20 modelos con insumos cargados.
2026-08-14 11:43:34,693 - INFO - Procesando archivo maestro (hoja '2026')...
2026-08-14 11:43:34,726 - INFO - ✅ Generado: PLANTILLA_Agnha_22.csv (3 filas, 0 variables, col_G=3)
2026-08-14 11:43:34,732 - INFO - ✅ Generado: PLANTILLA_Brown_wolf_15.csv (3 filas, 0 variables, col_G=3)
2026-08-14 11:43:34,739 - INFO - ✅ Generado: PLANTILLA_Rusty_the_Clown_26.csv (3 filas, 0 variables, col_G=3)
2026-08-14 11:43:34,745 - INFO - ✅ Generado: PLANTILLA_Mr._Bones_Tan_23.csv (3 filas, 0 variables, col_G=3)
2026-08-14 11:43:34,750 - INFO - ✅ Generado: PLANTILLA_Daffy_23.csv (3 filas, 0 variables, col_G=3)
2026-08-14 11:43:34,756 - INFO - ✅ Generado: PLANTILLA_Hockey_Killer_23.csv (3 filas, 0 variables, col_G=3)
2026-08-14 11:43:34,760 - INFO - ✅ Generado: PLANTILLA_Jacko_11.csv (3 filas, 0 variables, col_G=3)
2026-08-14 11:43:34,765 - INFO - ✅ Generado: PLANTILLA_Daffy_24.csv (3 filas, 0 variables, col_G=3)
2026-08-14 11:43:34,770 - INFO - ✅ Generado: PLANTILLA_Narmoga_22.csv (3 filas, 0 variables, col_G=3)
2026-08-14 11:43:34,778 - INFO - ✅ Generado: PLANTILLA_Akasha_29.csv (3 filas, 0 variables, col_G=3)
2026-08-14 11:43:34,783 - INFO - ✅ Generado: PLANTILLA_Akasha_30.csv (3 filas, 0 variables, col_G=3)
2026-08-14 11:43:34,787 - INFO - ✅ Generado: PLANTILLA_Mr._Bones_Tan_24.csv (3 filas, 0 variables, col_G=3)
2026-08-14 11:43:34,791 - INFO - ✅ Generado: PLANTILLA_Agnha_23.csv (3 filas, 0 variables, col_G=3)
2026-08-14 11:43:34,798 - INFO - ✅ Generado: PLANTILLA_Baba_Yaga_26.csv (3 filas, 0 variables, col_G=3)
2026-08-14 11:43:34,801 - INFO - ✅ Generado: PLANTILLA_Soggy_10.csv (3 filas, 0 variables, col_G=3)
2026-08-14 11:43:34,806 - INFO - ✅ Generado: PLANTILLA_Hockey_Killer_24.csv (3 filas, 0 variables, col_G=3)
2026-08-14 11:43:34,810 - INFO - ✅ Generado: PLANTILLA_Baba_Yaga_27.csv (3 filas, 0 variables, col_G=3)
2026-08-14 11:43:34,814 - INFO - ✅ Generado: PLANTILLA_Nightstalker_16.csv (3 filas, 0 variables, col_G=3)
2026-08-14 11:43:34,819 - INFO - ✅ Generado: PLANTILLA_Akasha_31.csv (3 filas, 0 variables, col_G=3)
2026-08-14 11:43:34,826 - INFO - ✅ Generado: PLANTILLA_Rusty_the_Clown_27.csv (3 filas, 0 variables, col_G=3)
2026-08-14 11:43:34,826 - INFO - 
📊 Resumen final:
2026-08-14 11:43:34,827 - INFO -    ✅ Plantillas generadas: 20
2026-08-14 11:43:34,827 - INFO -    ⏭️ Omitidas (sin precio): 0
2026-08-14 11:43:34,827 - INFO -    ❌ Errores (inconsistencia de filas): 0
2026-08-14 11:43:34,828 - INFO -    📁 Carpeta: 'C:\Users\Dany\Desktop\Proyecto\output'
2026-08-14 11:43:34,828 - WARNING - ⚠️ Modelo duplicado detectado: Daffy - se elimina la segunda ocurrencia.
2026-08-14 11:43:34,828 - WARNING - ⚠️ Modelo duplicado detectado: Akasha - se elimina la segunda ocurrencia.
2026-08-14 11:43:34,828 - WARNING - ⚠️ Modelo duplicado detectado: Mr. Bones Tan - se elimina la segunda ocurrencia.
2026-08-14 11:43:34,829 - WARNING - ⚠️ Modelo duplicado detectado: Agnha - se elimina la segunda ocurrencia.
2026-08-14 11:43:34,829 - WARNING - ⚠️ Modelo duplicado detectado: Hockey Killer - se elimina la segunda ocurrencia.
2026-08-14 11:43:34,829 - WARNING - ⚠️ Modelo duplicado detectado: Baba Yaga - se elimina la segunda ocurrencia.
2026-08-14 11:43:34,830 - WARNING - ⚠️ Modelo duplicado detectado: Akasha - se elimina la segunda ocurrencia.
2026-08-14 11:43:34,830 - WARNING - ⚠️ Modelo duplicado detectado: Rusty the Clown - se elimina la segunda ocurrencia.
2026-08-14 11:43:34,830 - INFO - 🧹 Desduplicación: 20 → 12 modelos únicos.
2026-08-14 11:43:34,831 - INFO - 📦 12 modelos listos para el bot.
2026-08-14 11:48:59,363 - INFO - Cargando proveedores desde BOM...
2026-08-14 11:48:59,379 - INFO - ✅ 35 proveedores cargados.
2026-08-14 11:48:59,380 - INFO - Cargando insumos por modelo desde BOM (solo categorías al INICIO)...
2026-08-14 11:48:59,398 - INFO - ✅ 20 modelos con insumos cargados.
2026-08-14 11:48:59,398 - INFO - Procesando archivo maestro (hoja '2026')...
2026-08-14 11:48:59,414 - INFO - ✅ Generado: PLANTILLA_Agnha_24.csv (3 filas, 0 variables, col_G=3)
2026-08-14 11:48:59,418 - INFO - ✅ Generado: PLANTILLA_Brown_wolf_16.csv (3 filas, 0 variables, col_G=3)
2026-08-14 11:48:59,423 - INFO - ✅ Generado: PLANTILLA_Rusty_the_Clown_28.csv (3 filas, 0 variables, col_G=3)
2026-08-14 11:48:59,429 - INFO - ✅ Generado: PLANTILLA_Mr._Bones_Tan_25.csv (3 filas, 0 variables, col_G=3)
2026-08-14 11:48:59,434 - INFO - ✅ Generado: PLANTILLA_Daffy_25.csv (3 filas, 0 variables, col_G=3)
2026-08-14 11:48:59,438 - INFO - ✅ Generado: PLANTILLA_Hockey_Killer_25.csv (3 filas, 0 variables, col_G=3)
2026-08-14 11:48:59,443 - INFO - ✅ Generado: PLANTILLA_Jacko_12.csv (3 filas, 0 variables, col_G=3)
2026-08-14 11:48:59,447 - INFO - ✅ Generado: PLANTILLA_Daffy_26.csv (3 filas, 0 variables, col_G=3)
2026-08-14 11:48:59,452 - INFO - ✅ Generado: PLANTILLA_Narmoga_23.csv (3 filas, 0 variables, col_G=3)
2026-08-14 11:48:59,456 - INFO - ✅ Generado: PLANTILLA_Akasha_32.csv (3 filas, 0 variables, col_G=3)
2026-08-14 11:48:59,461 - INFO - ✅ Generado: PLANTILLA_Akasha_33.csv (3 filas, 0 variables, col_G=3)
2026-08-14 11:48:59,466 - INFO - ✅ Generado: PLANTILLA_Mr._Bones_Tan_26.csv (3 filas, 0 variables, col_G=3)
2026-08-14 11:48:59,472 - INFO - ✅ Generado: PLANTILLA_Agnha_25.csv (3 filas, 0 variables, col_G=3)
2026-08-14 11:48:59,479 - INFO - ✅ Generado: PLANTILLA_Baba_Yaga_28.csv (3 filas, 0 variables, col_G=3)
2026-08-14 11:48:59,482 - INFO - ✅ Generado: PLANTILLA_Soggy_11.csv (3 filas, 0 variables, col_G=3)
2026-08-14 11:48:59,487 - INFO - ✅ Generado: PLANTILLA_Hockey_Killer_26.csv (3 filas, 0 variables, col_G=3)
2026-08-14 11:48:59,492 - INFO - ✅ Generado: PLANTILLA_Baba_Yaga_29.csv (3 filas, 0 variables, col_G=3)
2026-08-14 11:48:59,497 - INFO - ✅ Generado: PLANTILLA_Nightstalker_17.csv (3 filas, 0 variables, col_G=3)
2026-08-14 11:48:59,503 - INFO - ✅ Generado: PLANTILLA_Akasha_34.csv (3 filas, 0 variables, col_G=3)
2026-08-14 11:48:59,511 - INFO - ✅ Generado: PLANTILLA_Rusty_the_Clown_29.csv (3 filas, 0 variables, col_G=3)
2026-08-14 11:48:59,512 - INFO - 
📊 Resumen final:
2026-08-14 11:48:59,512 - INFO -    ✅ Plantillas generadas: 20
2026-08-14 11:48:59,512 - INFO -    ⏭️ Omitidas (sin precio): 0
2026-08-14 11:48:59,513 - INFO -    ❌ Errores (inconsistencia de filas): 0
2026-08-14 11:48:59,513 - INFO -    📁 Carpeta: 'C:\Users\Dany\Desktop\Proyecto\output'
2026-08-14 11:48:59,513 - WARNING - ⚠️ Modelo duplicado detectado: Daffy - se elimina la segunda ocurrencia.
2026-08-14 11:48:59,514 - WARNING - ⚠️ Modelo duplicado detectado: Akasha - se elimina la segunda ocurrencia.
2026-08-14 11:48:59,514 - WARNING - ⚠️ Modelo duplicado detectado: Mr. Bones Tan - se elimina la segunda ocurrencia.
2026-08-14 11:48:59,514 - WARNING - ⚠️ Modelo duplicado detectado: Agnha - se elimina la segunda ocurrencia.
2026-08-14 11:48:59,515 - WARNING - ⚠️ Modelo duplicado detectado: Hockey Killer - se elimina la segunda ocurrencia.
2026-08-14 11:48:59,515 - WARNING - ⚠️ Modelo duplicado detectado: Baba Yaga - se elimina la segunda ocurrencia.
2026-08-14 11:48:59,515 - WARNING - ⚠️ Modelo duplicado detectado: Akasha - se elimina la segunda ocurrencia.
2026-08-14 11:48:59,516 - WARNING - ⚠️ Modelo duplicado detectado: Rusty the Clown - se elimina la segunda ocurrencia.
2026-08-14 11:48:59,516 - INFO - 🧹 Desduplicación: 20 → 12 modelos únicos.
2026-08-14 11:48:59,516 - INFO - 📦 12 modelos listos para el bot.
2026-08-14 11:49:02,112 - INFO - ✅ WebDriver inicializado.
2026-08-14 11:49:02,113 - INFO - 🌐 Navegando a la página de login de VUCEM...
2026-08-14 11:49:47,464 - INFO - ✅ Login verificado (dashboard detectado).
2026-08-14 11:49:47,464 - INFO - 🧭 Iniciando navegación real al formulario...
2026-08-14 11:49:47,687 - INFO - ✅ Click en 'Solicitudes nuevas'
2026-08-14 11:49:49,231 - INFO - ✅ Click en Secretaría de Economía
2026-08-14 11:50:19,436 - WARNING - ⚠️ Falló selector por onclick, intentando por texto...
2026-08-14 11:50:52,526 - INFO - 🛑 Browser cerrado.
2026-08-14 12:02:52,054 - INFO - Cargando proveedores desde BOM...
2026-08-14 12:02:52,063 - INFO - ✅ 35 proveedores cargados.
2026-08-14 12:02:52,063 - INFO - Cargando insumos por modelo desde BOM (solo categorías al INICIO)...
2026-08-14 12:02:52,076 - INFO - ✅ 20 modelos con insumos cargados.
2026-08-14 12:02:52,076 - INFO - Procesando archivo maestro (hoja '2026')...
2026-08-14 12:02:52,087 - INFO - ✅ Generado: PLANTILLA_Agnha_26.csv (3 filas, 0 variables, col_G=3)
2026-08-14 12:02:52,090 - INFO - ✅ Generado: PLANTILLA_Brown_wolf_17.csv (3 filas, 0 variables, col_G=3)
2026-08-14 12:02:52,094 - INFO - ✅ Generado: PLANTILLA_Rusty_the_Clown_30.csv (3 filas, 0 variables, col_G=3)
2026-08-14 12:02:52,098 - INFO - ✅ Generado: PLANTILLA_Mr._Bones_Tan_27.csv (3 filas, 0 variables, col_G=3)
2026-08-14 12:02:52,105 - INFO - ✅ Generado: PLANTILLA_Daffy_27.csv (3 filas, 0 variables, col_G=3)
2026-08-14 12:02:52,110 - INFO - ✅ Generado: PLANTILLA_Hockey_Killer_27.csv (3 filas, 0 variables, col_G=3)
2026-08-14 12:02:52,112 - INFO - ✅ Generado: PLANTILLA_Jacko_13.csv (3 filas, 0 variables, col_G=3)
2026-08-14 12:02:52,116 - INFO - ✅ Generado: PLANTILLA_Daffy_28.csv (3 filas, 0 variables, col_G=3)
2026-08-14 12:02:52,121 - INFO - ✅ Generado: PLANTILLA_Narmoga_24.csv (3 filas, 0 variables, col_G=3)
2026-08-14 12:02:52,124 - INFO - ✅ Generado: PLANTILLA_Akasha_35.csv (3 filas, 0 variables, col_G=3)
2026-08-14 12:02:52,127 - INFO - ✅ Generado: PLANTILLA_Akasha_36.csv (3 filas, 0 variables, col_G=3)
2026-08-14 12:02:52,130 - INFO - ✅ Generado: PLANTILLA_Mr._Bones_Tan_28.csv (3 filas, 0 variables, col_G=3)
2026-08-14 12:02:52,134 - INFO - ✅ Generado: PLANTILLA_Agnha_27.csv (3 filas, 0 variables, col_G=3)
2026-08-14 12:02:52,138 - INFO - ✅ Generado: PLANTILLA_Baba_Yaga_30.csv (3 filas, 0 variables, col_G=3)
2026-08-14 12:02:52,140 - INFO - ✅ Generado: PLANTILLA_Soggy_12.csv (3 filas, 0 variables, col_G=3)
2026-08-14 12:02:52,143 - INFO - ✅ Generado: PLANTILLA_Hockey_Killer_28.csv (3 filas, 0 variables, col_G=3)
2026-08-14 12:02:52,146 - INFO - ✅ Generado: PLANTILLA_Baba_Yaga_31.csv (3 filas, 0 variables, col_G=3)
2026-08-14 12:02:52,149 - INFO - ✅ Generado: PLANTILLA_Nightstalker_18.csv (3 filas, 0 variables, col_G=3)
2026-08-14 12:02:52,153 - INFO - ✅ Generado: PLANTILLA_Akasha_37.csv (3 filas, 0 variables, col_G=3)
2026-08-14 12:02:52,156 - INFO - ✅ Generado: PLANTILLA_Rusty_the_Clown_31.csv (3 filas, 0 variables, col_G=3)
2026-08-14 12:02:52,156 - INFO - 
📊 Resumen final:
2026-08-14 12:02:52,157 - INFO -    ✅ Plantillas generadas: 20
2026-08-14 12:02:52,157 - INFO -    ⏭️ Omitidas (sin precio): 0
2026-08-14 12:02:52,157 - INFO -    ❌ Errores (inconsistencia de filas): 0
2026-08-14 12:02:52,157 - INFO -    📁 Carpeta: 'C:\Users\Dany\Desktop\Proyecto\output'
2026-08-14 12:02:52,157 - WARNING - ⚠️ Modelo duplicado detectado: Daffy - se elimina la segunda ocurrencia.
2026-08-14 12:02:52,157 - WARNING - ⚠️ Modelo duplicado detectado: Akasha - se elimina la segunda ocurrencia.
2026-08-14 12:02:52,157 - WARNING - ⚠️ Modelo duplicado detectado: Mr. Bones Tan - se elimina la segunda ocurrencia.
2026-08-14 12:02:52,158 - WARNING - ⚠️ Modelo duplicado detectado: Agnha - se elimina la segunda ocurrencia.
2026-08-14 12:02:52,158 - WARNING - ⚠️ Modelo duplicado detectado: Hockey Killer - se elimina la segunda ocurrencia.
2026-08-14 12:02:52,158 - WARNING - ⚠️ Modelo duplicado detectado: Baba Yaga - se elimina la segunda ocurrencia.
2026-08-14 12:02:52,158 - WARNING - ⚠️ Modelo duplicado detectado: Akasha - se elimina la segunda ocurrencia.
2026-08-14 12:02:52,158 - WARNING - ⚠️ Modelo duplicado detectado: Rusty the Clown - se elimina la segunda ocurrencia.
2026-08-14 12:02:52,158 - INFO - 🧹 Desduplicación: 20 → 12 modelos únicos.
2026-08-14 12:02:52,158 - INFO - 📦 12 modelos listos para el bot.
2026-08-14 12:02:53,603 - INFO - ✅ WebDriver inicializado.
2026-08-14 12:02:53,604 - INFO - 🌐 Navegando a la página de login de VUCEM...
2026-08-14 12:03:23,288 - INFO - ✅ Login verificado (dashboard detectado).
2026-08-14 12:03:23,289 - INFO - 🧭 Iniciando navegación real al formulario...
2026-08-14 12:03:23,613 - INFO - ✅ Click en 'Solicitudes nuevas'
2026-08-14 12:03:24,975 - INFO - ✅ Click en Secretaría de Economía
2026-08-14 12:03:55,304 - INFO - ✅ Enlace de trámite detectado (por onclick).
2026-08-14 12:04:00,517 - WARNING - ⚠️ Selector falló: //a[contains(@onclick,'110101')]
2026-08-14 12:04:05,661 - WARNING - ⚠️ Selector falló: //a[contains(.,'Certificado de Origen')]
2026-08-14 12:04:10,882 - WARNING - ⚠️ Selector falló: //a[contains(.,'UE')]
2026-08-14 12:04:16,012 - WARNING - ⚠️ Selector falló: //a[contains(@href,'110101')]
2026-08-14 12:04:21,154 - WARNING - ⚠️ Selector falló: //a[contains(.,'110101')]
2026-08-14 12:04:21,171 - ERROR - ❌ No se pudo encontrar el trámite 110101. Se guardó 'debug_page.html' para depuración.
2026-08-14 12:04:23,905 - INFO - 🛑 Browser cerrado.
2026-08-14 12:19:29,645 - INFO - Cargando proveedores desde BOM...
2026-08-14 12:19:29,655 - INFO - ✅ 35 proveedores cargados.
2026-08-14 12:19:29,655 - INFO - Cargando insumos por modelo desde BOM (solo categorías al INICIO)...
2026-08-14 12:19:29,666 - INFO - ✅ 20 modelos con insumos cargados.
2026-08-14 12:19:29,666 - INFO - Procesando archivo maestro (hoja '2026')...
2026-08-14 12:19:29,675 - INFO - ✅ Generado: PLANTILLA_Agnha_28.csv (3 filas, 0 variables, col_G=3)
2026-08-14 12:19:29,678 - INFO - ✅ Generado: PLANTILLA_Brown_wolf_18.csv (3 filas, 0 variables, col_G=3)
2026-08-14 12:19:29,681 - INFO - ✅ Generado: PLANTILLA_Rusty_the_Clown_32.csv (3 filas, 0 variables, col_G=3)
2026-08-14 12:19:29,685 - INFO - ✅ Generado: PLANTILLA_Mr._Bones_Tan_29.csv (3 filas, 0 variables, col_G=3)
2026-08-14 12:19:29,689 - INFO - ✅ Generado: PLANTILLA_Daffy_29.csv (3 filas, 0 variables, col_G=3)
2026-08-14 12:19:29,692 - INFO - ✅ Generado: PLANTILLA_Hockey_Killer_29.csv (3 filas, 0 variables, col_G=3)
2026-08-14 12:19:29,694 - INFO - ✅ Generado: PLANTILLA_Jacko_14.csv (3 filas, 0 variables, col_G=3)
2026-08-14 12:19:29,697 - INFO - ✅ Generado: PLANTILLA_Daffy_30.csv (3 filas, 0 variables, col_G=3)
2026-08-14 12:19:29,700 - INFO - ✅ Generado: PLANTILLA_Narmoga_25.csv (3 filas, 0 variables, col_G=3)
2026-08-14 12:19:29,704 - INFO - ✅ Generado: PLANTILLA_Akasha_38.csv (3 filas, 0 variables, col_G=3)
2026-08-14 12:19:29,708 - INFO - ✅ Generado: PLANTILLA_Akasha_39.csv (3 filas, 0 variables, col_G=3)
2026-08-14 12:19:29,711 - INFO - ✅ Generado: PLANTILLA_Mr._Bones_Tan_30.csv (3 filas, 0 variables, col_G=3)
2026-08-14 12:19:29,714 - INFO - ✅ Generado: PLANTILLA_Agnha_29.csv (3 filas, 0 variables, col_G=3)
2026-08-14 12:19:29,718 - INFO - ✅ Generado: PLANTILLA_Baba_Yaga_32.csv (3 filas, 0 variables, col_G=3)
2026-08-14 12:19:29,720 - INFO - ✅ Generado: PLANTILLA_Soggy_13.csv (3 filas, 0 variables, col_G=3)
2026-08-14 12:19:29,724 - INFO - ✅ Generado: PLANTILLA_Hockey_Killer_30.csv (3 filas, 0 variables, col_G=3)
2026-08-14 12:19:29,727 - INFO - ✅ Generado: PLANTILLA_Baba_Yaga_33.csv (3 filas, 0 variables, col_G=3)
2026-08-14 12:19:29,730 - INFO - ✅ Generado: PLANTILLA_Nightstalker_19.csv (3 filas, 0 variables, col_G=3)
2026-08-14 12:19:29,733 - INFO - ✅ Generado: PLANTILLA_Akasha_40.csv (3 filas, 0 variables, col_G=3)
2026-08-14 12:19:29,737 - INFO - ✅ Generado: PLANTILLA_Rusty_the_Clown_33.csv (3 filas, 0 variables, col_G=3)
2026-08-14 12:19:29,737 - INFO - 
📊 Resumen final:
2026-08-14 12:19:29,737 - INFO -    ✅ Plantillas generadas: 20
2026-08-14 12:19:29,738 - INFO -    ⏭️ Omitidas (sin precio): 0
2026-08-14 12:19:29,738 - INFO -    ❌ Errores (inconsistencia de filas): 0
2026-08-14 12:19:29,739 - INFO -    📁 Carpeta: 'C:\Users\Dany\Desktop\Proyecto\output'
2026-08-14 12:19:29,739 - WARNING - ⚠️ Modelo duplicado detectado: Daffy - se elimina la segunda ocurrencia.
2026-08-14 12:19:29,739 - WARNING - ⚠️ Modelo duplicado detectado: Akasha - se elimina la segunda ocurrencia.
2026-08-14 12:19:29,739 - WARNING - ⚠️ Modelo duplicado detectado: Mr. Bones Tan - se elimina la segunda ocurrencia.
2026-08-14 12:19:29,739 - WARNING - ⚠️ Modelo duplicado detectado: Agnha - se elimina la segunda ocurrencia.
2026-08-14 12:19:29,740 - WARNING - ⚠️ Modelo duplicado detectado: Hockey Killer - se elimina la segunda ocurrencia.
2026-08-14 12:19:29,740 - WARNING - ⚠️ Modelo duplicado detectado: Baba Yaga - se elimina la segunda ocurrencia.
2026-08-14 12:19:29,740 - WARNING - ⚠️ Modelo duplicado detectado: Akasha - se elimina la segunda ocurrencia.
2026-08-14 12:19:29,740 - WARNING - ⚠️ Modelo duplicado detectado: Rusty the Clown - se elimina la segunda ocurrencia.
2026-08-14 12:19:29,740 - INFO - 🧹 Desduplicación: 20 → 12 modelos únicos.
2026-08-14 12:19:29,740 - INFO - 📦 12 modelos listos para el bot.
2026-08-14 12:19:30,901 - INFO - ✅ WebDriver inicializado.
2026-08-14 12:19:30,904 - INFO - 🌐 Navegando a la página de login de VUCEM...
2026-08-14 12:19:59,348 - INFO - ✅ Login verificado (dashboard detectado).
2026-08-14 12:19:59,348 - INFO - 🧭 Iniciando navegación real al formulario...
2026-08-14 12:19:59,514 - INFO - ✅ Click en 'Solicitudes nuevas'
2026-08-14 12:20:00,571 - INFO - ✅ Click en Secretaría de Economía
2026-08-14 12:20:00,571 - INFO - ⏳ Esperando que el botón de Secretaría de Economía esté interactivo...
2026-08-14 12:20:04,251 - INFO - 🛑 Browser cerrado.
2026-08-14 12:29:00,051 - INFO - Cargando proveedores desde BOM...
2026-08-14 12:29:00,061 - INFO - ✅ 35 proveedores cargados.
2026-08-14 12:29:00,062 - INFO - Cargando insumos por modelo desde BOM (solo categorías al INICIO)...
2026-08-14 12:29:00,071 - INFO - ✅ 20 modelos con insumos cargados.
2026-08-14 12:29:00,072 - INFO - Procesando archivo maestro (hoja '2026')...
2026-08-14 12:29:00,082 - INFO - ✅ Generado: PLANTILLA_Agnha_30.csv (3 filas, 0 variables, col_G=3)
2026-08-14 12:29:00,085 - INFO - ✅ Generado: PLANTILLA_Brown_wolf_19.csv (3 filas, 0 variables, col_G=3)
2026-08-14 12:29:00,088 - INFO - ✅ Generado: PLANTILLA_Rusty_the_Clown_34.csv (3 filas, 0 variables, col_G=3)
2026-08-14 12:29:00,091 - INFO - ✅ Generado: PLANTILLA_Mr._Bones_Tan_31.csv (3 filas, 0 variables, col_G=3)
2026-08-14 12:29:00,095 - INFO - ✅ Generado: PLANTILLA_Daffy_31.csv (3 filas, 0 variables, col_G=3)
2026-08-14 12:29:00,098 - INFO - ✅ Generado: PLANTILLA_Hockey_Killer_31.csv (3 filas, 0 variables, col_G=3)
2026-08-14 12:29:00,101 - INFO - ✅ Generado: PLANTILLA_Jacko_15.csv (3 filas, 0 variables, col_G=3)
2026-08-14 12:29:00,104 - INFO - ✅ Generado: PLANTILLA_Daffy_32.csv (3 filas, 0 variables, col_G=3)
2026-08-14 12:29:00,106 - INFO - ✅ Generado: PLANTILLA_Narmoga_26.csv (3 filas, 0 variables, col_G=3)
2026-08-14 12:29:00,112 - INFO - ✅ Generado: PLANTILLA_Akasha_41.csv (3 filas, 0 variables, col_G=3)
2026-08-14 12:29:00,115 - INFO - ✅ Generado: PLANTILLA_Akasha_42.csv (3 filas, 0 variables, col_G=3)
2026-08-14 12:29:00,118 - INFO - ✅ Generado: PLANTILLA_Mr._Bones_Tan_32.csv (3 filas, 0 variables, col_G=3)
2026-08-14 12:29:00,121 - INFO - ✅ Generado: PLANTILLA_Agnha_31.csv (3 filas, 0 variables, col_G=3)
2026-08-14 12:29:00,126 - INFO - ✅ Generado: PLANTILLA_Baba_Yaga_34.csv (3 filas, 0 variables, col_G=3)
2026-08-14 12:29:00,129 - INFO - ✅ Generado: PLANTILLA_Soggy_14.csv (3 filas, 0 variables, col_G=3)
2026-08-14 12:29:00,133 - INFO - ✅ Generado: PLANTILLA_Hockey_Killer_32.csv (3 filas, 0 variables, col_G=3)
2026-08-14 12:29:00,136 - INFO - ✅ Generado: PLANTILLA_Baba_Yaga_35.csv (3 filas, 0 variables, col_G=3)
2026-08-14 12:29:00,138 - INFO - ✅ Generado: PLANTILLA_Nightstalker_20.csv (3 filas, 0 variables, col_G=3)
2026-08-14 12:29:00,144 - INFO - ✅ Generado: PLANTILLA_Akasha_43.csv (3 filas, 0 variables, col_G=3)
2026-08-14 12:29:00,147 - INFO - ✅ Generado: PLANTILLA_Rusty_the_Clown_35.csv (3 filas, 0 variables, col_G=3)
2026-08-14 12:29:00,148 - INFO - 
📊 Resumen final:
2026-08-14 12:29:00,148 - INFO -    ✅ Plantillas generadas: 20
2026-08-14 12:29:00,148 - INFO -    ⏭️ Omitidas (sin precio): 0
2026-08-14 12:29:00,148 - INFO -    ❌ Errores (inconsistencia de filas): 0
2026-08-14 12:29:00,148 - INFO -    📁 Carpeta: 'C:\Users\Dany\Desktop\Proyecto\output'
2026-08-14 12:29:00,148 - WARNING - ⚠️ Modelo duplicado detectado: Daffy - se elimina la segunda ocurrencia.
2026-08-14 12:29:00,149 - WARNING - ⚠️ Modelo duplicado detectado: Akasha - se elimina la segunda ocurrencia.
2026-08-14 12:29:00,149 - WARNING - ⚠️ Modelo duplicado detectado: Mr. Bones Tan - se elimina la segunda ocurrencia.
2026-08-14 12:29:00,149 - WARNING - ⚠️ Modelo duplicado detectado: Agnha - se elimina la segunda ocurrencia.
2026-08-14 12:29:00,149 - WARNING - ⚠️ Modelo duplicado detectado: Hockey Killer - se elimina la segunda ocurrencia.
2026-08-14 12:29:00,149 - WARNING - ⚠️ Modelo duplicado detectado: Baba Yaga - se elimina la segunda ocurrencia.
2026-08-14 12:29:00,149 - WARNING - ⚠️ Modelo duplicado detectado: Akasha - se elimina la segunda ocurrencia.
2026-08-14 12:29:00,150 - WARNING - ⚠️ Modelo duplicado detectado: Rusty the Clown - se elimina la segunda ocurrencia.
2026-08-14 12:29:00,150 - INFO - 🧹 Desduplicación: 20 → 12 modelos únicos.
2026-08-14 12:29:00,150 - INFO - 📦 12 modelos listos para el bot.
2026-08-14 12:29:01,417 - INFO - ✅ WebDriver inicializado.
2026-08-14 12:29:01,418 - INFO - 🌐 Navegando a la página de login de VUCEM...
2026-08-14 12:29:30,883 - INFO - ✅ Login verificado (dashboard detectado).
2026-08-14 12:29:30,884 - INFO - 🧭 Iniciando navegación real al formulario...
2026-08-14 12:29:31,024 - INFO - ✅ Click en 'Solicitudes nuevas'
2026-08-14 12:29:31,024 - INFO - ⏳ Esperando que el botón de Secretaría de Economía esté interactivo...
2026-08-14 12:29:35,864 - INFO - ✅ Click ejecutado en Secretaría de Economía. Esperando carga de la tabla de trámites...
2026-08-14 12:29:35,895 - INFO - ✅ Tabla o enlace del trámite 110101 detectado correctamente en pantalla.
2026-08-14 12:30:08,798 - INFO - 🛑 Browser cerrado.
2026-08-14 12:54:10,289 - INFO - Cargando proveedores desde BOM...
2026-08-14 12:54:10,297 - INFO - ✅ 35 proveedores cargados.
2026-08-14 12:54:10,297 - INFO - Cargando insumos por modelo desde BOM (solo categorías al INICIO)...
2026-08-14 12:54:10,307 - INFO - ✅ 20 modelos con insumos cargados.
2026-08-14 12:54:10,308 - INFO - Procesando archivo maestro (hoja '2026')...
2026-08-14 12:54:10,317 - INFO - ✅ Generado: PLANTILLA_Agnha_32.csv (3 filas, 0 variables, col_G=3)
2026-08-14 12:54:10,320 - INFO - ✅ Generado: PLANTILLA_Brown_wolf_20.csv (3 filas, 0 variables, col_G=3)
2026-08-14 12:54:10,326 - INFO - ✅ Generado: PLANTILLA_Rusty_the_Clown_36.csv (3 filas, 0 variables, col_G=3)
2026-08-14 12:54:10,329 - INFO - ✅ Generado: PLANTILLA_Mr._Bones_Tan_33.csv (3 filas, 0 variables, col_G=3)
2026-08-14 12:54:10,333 - INFO - ✅ Generado: PLANTILLA_Daffy_33.csv (3 filas, 0 variables, col_G=3)
2026-08-14 12:54:10,337 - INFO - ✅ Generado: PLANTILLA_Hockey_Killer_33.csv (3 filas, 0 variables, col_G=3)
2026-08-14 12:54:10,341 - INFO - ✅ Generado: PLANTILLA_Jacko_16.csv (3 filas, 0 variables, col_G=3)
2026-08-14 12:54:10,344 - INFO - ✅ Generado: PLANTILLA_Daffy_34.csv (3 filas, 0 variables, col_G=3)
2026-08-14 12:54:10,348 - INFO - ✅ Generado: PLANTILLA_Narmoga_27.csv (3 filas, 0 variables, col_G=3)
2026-08-14 12:54:10,353 - INFO - ✅ Generado: PLANTILLA_Akasha_44.csv (3 filas, 0 variables, col_G=3)
2026-08-14 12:54:10,358 - INFO - ✅ Generado: PLANTILLA_Akasha_45.csv (3 filas, 0 variables, col_G=3)
2026-08-14 12:54:10,361 - INFO - ✅ Generado: PLANTILLA_Mr._Bones_Tan_34.csv (3 filas, 0 variables, col_G=3)
2026-08-14 12:54:10,365 - INFO - ✅ Generado: PLANTILLA_Agnha_33.csv (3 filas, 0 variables, col_G=3)
2026-08-14 12:54:10,369 - INFO - ✅ Generado: PLANTILLA_Baba_Yaga_36.csv (3 filas, 0 variables, col_G=3)
2026-08-14 12:54:10,372 - INFO - ✅ Generado: PLANTILLA_Soggy_15.csv (3 filas, 0 variables, col_G=3)
2026-08-14 12:54:10,376 - INFO - ✅ Generado: PLANTILLA_Hockey_Killer_34.csv (3 filas, 0 variables, col_G=3)
2026-08-14 12:54:10,379 - INFO - ✅ Generado: PLANTILLA_Baba_Yaga_37.csv (3 filas, 0 variables, col_G=3)
2026-08-14 12:54:10,382 - INFO - ✅ Generado: PLANTILLA_Nightstalker_21.csv (3 filas, 0 variables, col_G=3)
2026-08-14 12:54:10,386 - INFO - ✅ Generado: PLANTILLA_Akasha_46.csv (3 filas, 0 variables, col_G=3)
2026-08-14 12:54:10,390 - INFO - ✅ Generado: PLANTILLA_Rusty_the_Clown_37.csv (3 filas, 0 variables, col_G=3)
2026-08-14 12:54:10,390 - INFO - 
📊 Resumen final:
2026-08-14 12:54:10,390 - INFO -    ✅ Plantillas generadas: 20
2026-08-14 12:54:10,391 - INFO -    ⏭️ Omitidas (sin precio): 0
2026-08-14 12:54:10,391 - INFO -    ❌ Errores (inconsistencia de filas): 0
2026-08-14 12:54:10,391 - INFO -    📁 Carpeta: 'C:\Users\Dany\Desktop\Proyecto\output'
2026-08-14 12:54:10,391 - WARNING - ⚠️ Modelo duplicado detectado: Daffy - se elimina la segunda ocurrencia.
2026-08-14 12:54:10,391 - WARNING - ⚠️ Modelo duplicado detectado: Akasha - se elimina la segunda ocurrencia.
2026-08-14 12:54:10,391 - WARNING - ⚠️ Modelo duplicado detectado: Mr. Bones Tan - se elimina la segunda ocurrencia.
2026-08-14 12:54:10,392 - WARNING - ⚠️ Modelo duplicado detectado: Agnha - se elimina la segunda ocurrencia.
2026-08-14 12:54:10,392 - WARNING - ⚠️ Modelo duplicado detectado: Hockey Killer - se elimina la segunda ocurrencia.
2026-08-14 12:54:10,392 - WARNING - ⚠️ Modelo duplicado detectado: Baba Yaga - se elimina la segunda ocurrencia.
2026-08-14 12:54:10,392 - WARNING - ⚠️ Modelo duplicado detectado: Akasha - se elimina la segunda ocurrencia.
2026-08-14 12:54:10,392 - WARNING - ⚠️ Modelo duplicado detectado: Rusty the Clown - se elimina la segunda ocurrencia.
2026-08-14 12:54:10,392 - INFO - 🧹 Desduplicación: 20 → 12 modelos únicos.
2026-08-14 12:54:10,392 - INFO - 📦 12 modelos listos para el bot.
2026-08-14 12:54:12,557 - INFO - ✅ WebDriver inicializado.
2026-08-14 12:54:12,558 - INFO - 🌐 Navegando a la página de login de VUCEM...
2026-08-14 12:54:37,502 - INFO - ✅ Login verificado (dashboard detectado).
2026-08-14 12:54:37,503 - INFO - 🧭 Iniciando navegación real al formulario...
2026-08-14 12:54:37,983 - INFO - ✅ Click en 'Solicitudes nuevas'
2026-08-14 12:54:42,099 - INFO - ✅ Click en Secretaría de Economía
2026-08-14 12:54:42,134 - INFO - ✅ Enlace del trámite 110101 detectado.
2026-08-14 12:54:42,494 - WARNING - ⚠️ Intento 1 falló: Message: element not interactable
  (Session info: chrome=151.0.7922.110); For documentation on this error, please visit: https://www.selenium.dev/documentation/webdriver/troubleshooting/errors#elementnotinteractableexception
Stacktrace:
	chromedriver!GetHandleVerifier [0x7ff7f642abb5+151b5]
	chromedriver!GetHandleVerifier [0x7ff7f642ac10+15210]
	chromedriver!(No symbol) [0x7ff7f5f55b56]
	chromedriver!(No symbol) [0x7ff7f5fb2ad4]
	chromedriver!(No symbol) [0x7ff7f5fa56f8]
	chromedriver!(No symbol) [0x7ff7f5fd9d0a]
	chromedriver!(No symbol) [0x7ff7f5fa4f76]
	chromedriver!(No symbol) [0x7ff7f5ffec0b]
	chromedriver!(No symbol) [0x7ff7f5fa37cc]
	chromedriver!(No symbol) [0x7ff7f5fa46f3]
	chromedriver!GetHandleVerifier [0x7ff7f6a4b79b+635d9b]
	chromedriver!GetHandleVerifier [0x7ff7f6a45ac6+6300c6]
	chromedriver!GetHandleVerifier [0x7ff7f6a6bcee+6562ee]
	chromedriver!GetHandleVerifier [0x7ff7f6448ffe+335fe]
	chromedriver!GetHandleVerifier [0x7ff7f645147c+3ba7c]
	chromedriver!GetHandleVerifier [0x7ff7f6434d64+1f364]
	chromedriver!GetHandleVerifier [0x7ff7f6434ef4+1f4f4]
	chromedriver!GetHandleVerifier [0x7ff7f6417d97+2397]
	KERNEL32!BaseThreadInitThunk [0x7ffeae28ccb7+17]
	ntdll!RtlUserThreadStart [0x7ffeaf6591cc+2c]

2026-08-14 12:54:43,331 - WARNING - ⚠️ Intento 2 falló: Message: element not interactable
  (Session info: chrome=151.0.7922.110); For documentation on this error, please visit: https://www.selenium.dev/documentation/webdriver/troubleshooting/errors#elementnotinteractableexception
Stacktrace:
	chromedriver!GetHandleVerifier [0x7ff7f642abb5+151b5]
	chromedriver!GetHandleVerifier [0x7ff7f642ac10+15210]
	chromedriver!(No symbol) [0x7ff7f5f55b56]
	chromedriver!(No symbol) [0x7ff7f5fb2ad4]
	chromedriver!(No symbol) [0x7ff7f5fa56f8]
	chromedriver!(No symbol) [0x7ff7f5fd9d0a]
	chromedriver!(No symbol) [0x7ff7f5fa4f76]
	chromedriver!(No symbol) [0x7ff7f5ffec0b]
	chromedriver!(No symbol) [0x7ff7f5fa37cc]
	chromedriver!(No symbol) [0x7ff7f5fa46f3]
	chromedriver!GetHandleVerifier [0x7ff7f6a4b79b+635d9b]
	chromedriver!GetHandleVerifier [0x7ff7f6a45ac6+6300c6]
	chromedriver!GetHandleVerifier [0x7ff7f6a6bcee+6562ee]
	chromedriver!GetHandleVerifier [0x7ff7f6448ffe+335fe]
	chromedriver!GetHandleVerifier [0x7ff7f645147c+3ba7c]
	chromedriver!GetHandleVerifier [0x7ff7f6434d64+1f364]
	chromedriver!GetHandleVerifier [0x7ff7f6434ef4+1f4f4]
	chromedriver!GetHandleVerifier [0x7ff7f6417d97+2397]
	KERNEL32!BaseThreadInitThunk [0x7ffeae28ccb7+17]
	ntdll!RtlUserThreadStart [0x7ffeaf6591cc+2c]

2026-08-14 12:54:44,173 - WARNING - ⚠️ Intento 3 falló: Message: element not interactable
  (Session info: chrome=151.0.7922.110); For documentation on this error, please visit: https://www.selenium.dev/documentation/webdriver/troubleshooting/errors#elementnotinteractableexception
Stacktrace:
	chromedriver!GetHandleVerifier [0x7ff7f642abb5+151b5]
	chromedriver!GetHandleVerifier [0x7ff7f642ac10+15210]
	chromedriver!(No symbol) [0x7ff7f5f55b56]
	chromedriver!(No symbol) [0x7ff7f5fb2ad4]
	chromedriver!(No symbol) [0x7ff7f5fa56f8]
	chromedriver!(No symbol) [0x7ff7f5fd9d0a]
	chromedriver!(No symbol) [0x7ff7f5fa4f76]
	chromedriver!(No symbol) [0x7ff7f5ffec0b]
	chromedriver!(No symbol) [0x7ff7f5fa37cc]
	chromedriver!(No symbol) [0x7ff7f5fa46f3]
	chromedriver!GetHandleVerifier [0x7ff7f6a4b79b+635d9b]
	chromedriver!GetHandleVerifier [0x7ff7f6a45ac6+6300c6]
	chromedriver!GetHandleVerifier [0x7ff7f6a6bcee+6562ee]
	chromedriver!GetHandleVerifier [0x7ff7f6448ffe+335fe]
	chromedriver!GetHandleVerifier [0x7ff7f645147c+3ba7c]
	chromedriver!GetHandleVerifier [0x7ff7f6434d64+1f364]
	chromedriver!GetHandleVerifier [0x7ff7f6434ef4+1f4f4]
	chromedriver!GetHandleVerifier [0x7ff7f6417d97+2397]
	KERNEL32!BaseThreadInitThunk [0x7ffeae28ccb7+17]
	ntdll!RtlUserThreadStart [0x7ffeaf6591cc+2c]

2026-08-14 12:54:44,690 - WARNING - ⚠️ Intento 1 falló: Message: no such element: Unable to locate element: {"method":"xpath","selector":"//a[contains(.,'Certificado de Origen')]"}
  (Session info: chrome=151.0.7922.110); For documentation on this error, please visit: https://www.selenium.dev/documentation/webdriver/troubleshooting/errors#nosuchelementexception
Stacktrace:
	chromedriver!GetHandleVerifier [0x7ff7f642abb5+151b5]
	chromedriver!GetHandleVerifier [0x7ff7f642ac10+15210]
	chromedriver!(No symbol) [0x7ff7f5f55d6d]
	chromedriver!(No symbol) [0x7ff7f5fb1289]
	chromedriver!(No symbol) [0x7ff7f5fb158c]
	chromedriver!(No symbol) [0x7ff7f6002027]
	chromedriver!(No symbol) [0x7ff7f5ffec0b]
	chromedriver!(No symbol) [0x7ff7f5fa37cc]
	chromedriver!(No symbol) [0x7ff7f5fa46f3]
	chromedriver!GetHandleVerifier [0x7ff7f6a4b79b+635d9b]
	chromedriver!GetHandleVerifier [0x7ff7f6a45ac6+6300c6]
	chromedriver!GetHandleVerifier [0x7ff7f6a6bcee+6562ee]
	chromedriver!GetHandleVerifier [0x7ff7f6448ffe+335fe]
	chromedriver!GetHandleVerifier [0x7ff7f645147c+3ba7c]
	chromedriver!GetHandleVerifier [0x7ff7f6434d64+1f364]
	chromedriver!GetHandleVerifier [0x7ff7f6434ef4+1f4f4]
	chromedriver!GetHandleVerifier [0x7ff7f6417d97+2397]
	KERNEL32!BaseThreadInitThunk [0x7ffeae28ccb7+17]
	ntdll!RtlUserThreadStart [0x7ffeaf6591cc+2c]

2026-08-14 12:54:45,201 - WARNING - ⚠️ Intento 2 falló: Message: no such element: Unable to locate element: {"method":"xpath","selector":"//a[contains(.,'Certificado de Origen')]"}
  (Session info: chrome=151.0.7922.110); For documentation on this error, please visit: https://www.selenium.dev/documentation/webdriver/troubleshooting/errors#nosuchelementexception
Stacktrace:
	chromedriver!GetHandleVerifier [0x7ff7f642abb5+151b5]
	chromedriver!GetHandleVerifier [0x7ff7f642ac10+15210]
	chromedriver!(No symbol) [0x7ff7f5f55d6d]
	chromedriver!(No symbol) [0x7ff7f5fb1289]
	chromedriver!(No symbol) [0x7ff7f5fb158c]
	chromedriver!(No symbol) [0x7ff7f6002027]
	chromedriver!(No symbol) [0x7ff7f5ffec0b]
	chromedriver!(No symbol) [0x7ff7f5fa37cc]
	chromedriver!(No symbol) [0x7ff7f5fa46f3]
	chromedriver!GetHandleVerifier [0x7ff7f6a4b79b+635d9b]
	chromedriver!GetHandleVerifier [0x7ff7f6a45ac6+6300c6]
	chromedriver!GetHandleVerifier [0x7ff7f6a6bcee+6562ee]
	chromedriver!GetHandleVerifier [0x7ff7f6448ffe+335fe]
	chromedriver!GetHandleVerifier [0x7ff7f645147c+3ba7c]
	chromedriver!GetHandleVerifier [0x7ff7f6434d64+1f364]
	chromedriver!GetHandleVerifier [0x7ff7f6434ef4+1f4f4]
	chromedriver!GetHandleVerifier [0x7ff7f6417d97+2397]
	KERNEL32!BaseThreadInitThunk [0x7ffeae28ccb7+17]
	ntdll!RtlUserThreadStart [0x7ffeaf6591cc+2c]

2026-08-14 12:54:45,710 - WARNING - ⚠️ Intento 3 falló: Message: no such element: Unable to locate element: {"method":"xpath","selector":"//a[contains(.,'Certificado de Origen')]"}
  (Session info: chrome=151.0.7922.110); For documentation on this error, please visit: https://www.selenium.dev/documentation/webdriver/troubleshooting/errors#nosuchelementexception
Stacktrace:
	chromedriver!GetHandleVerifier [0x7ff7f642abb5+151b5]
	chromedriver!GetHandleVerifier [0x7ff7f642ac10+15210]
	chromedriver!(No symbol) [0x7ff7f5f55d6d]
	chromedriver!(No symbol) [0x7ff7f5fb1289]
	chromedriver!(No symbol) [0x7ff7f5fb158c]
	chromedriver!(No symbol) [0x7ff7f6002027]
	chromedriver!(No symbol) [0x7ff7f5ffec0b]
	chromedriver!(No symbol) [0x7ff7f5fa37cc]
	chromedriver!(No symbol) [0x7ff7f5fa46f3]
	chromedriver!GetHandleVerifier [0x7ff7f6a4b79b+635d9b]
	chromedriver!GetHandleVerifier [0x7ff7f6a45ac6+6300c6]
	chromedriver!GetHandleVerifier [0x7ff7f6a6bcee+6562ee]
	chromedriver!GetHandleVerifier [0x7ff7f6448ffe+335fe]
	chromedriver!GetHandleVerifier [0x7ff7f645147c+3ba7c]
	chromedriver!GetHandleVerifier [0x7ff7f6434d64+1f364]
	chromedriver!GetHandleVerifier [0x7ff7f6434ef4+1f4f4]
	chromedriver!GetHandleVerifier [0x7ff7f6417d97+2397]
	KERNEL32!BaseThreadInitThunk [0x7ffeae28ccb7+17]
	ntdll!RtlUserThreadStart [0x7ffeaf6591cc+2c]

2026-08-14 12:54:46,542 - WARNING - ⚠️ Intento 1 falló: Message: element not interactable
  (Session info: chrome=151.0.7922.110); For documentation on this error, please visit: https://www.selenium.dev/documentation/webdriver/troubleshooting/errors#elementnotinteractableexception
Stacktrace:
	chromedriver!GetHandleVerifier [0x7ff7f642abb5+151b5]
	chromedriver!GetHandleVerifier [0x7ff7f642ac10+15210]
	chromedriver!(No symbol) [0x7ff7f5f55b56]
	chromedriver!(No symbol) [0x7ff7f5fb2ad4]
	chromedriver!(No symbol) [0x7ff7f5fa56f8]
	chromedriver!(No symbol) [0x7ff7f5fd9d0a]
	chromedriver!(No symbol) [0x7ff7f5fa4f76]
	chromedriver!(No symbol) [0x7ff7f5ffec0b]
	chromedriver!(No symbol) [0x7ff7f5fa37cc]
	chromedriver!(No symbol) [0x7ff7f5fa46f3]
	chromedriver!GetHandleVerifier [0x7ff7f6a4b79b+635d9b]
	chromedriver!GetHandleVerifier [0x7ff7f6a45ac6+6300c6]
	chromedriver!GetHandleVerifier [0x7ff7f6a6bcee+6562ee]
	chromedriver!GetHandleVerifier [0x7ff7f6448ffe+335fe]
	chromedriver!GetHandleVerifier [0x7ff7f645147c+3ba7c]
	chromedriver!GetHandleVerifier [0x7ff7f6434d64+1f364]
	chromedriver!GetHandleVerifier [0x7ff7f6434ef4+1f4f4]
	chromedriver!GetHandleVerifier [0x7ff7f6417d97+2397]
	KERNEL32!BaseThreadInitThunk [0x7ffeae28ccb7+17]
	ntdll!RtlUserThreadStart [0x7ffeaf6591cc+2c]

2026-08-14 12:54:47,383 - WARNING - ⚠️ Intento 2 falló: Message: element not interactable
  (Session info: chrome=151.0.7922.110); For documentation on this error, please visit: https://www.selenium.dev/documentation/webdriver/troubleshooting/errors#elementnotinteractableexception
Stacktrace:
	chromedriver!GetHandleVerifier [0x7ff7f642abb5+151b5]
	chromedriver!GetHandleVerifier [0x7ff7f642ac10+15210]
	chromedriver!(No symbol) [0x7ff7f5f55b56]
	chromedriver!(No symbol) [0x7ff7f5fb2ad4]
	chromedriver!(No symbol) [0x7ff7f5fa56f8]
	chromedriver!(No symbol) [0x7ff7f5fd9d0a]
	chromedriver!(No symbol) [0x7ff7f5fa4f76]
	chromedriver!(No symbol) [0x7ff7f5ffec0b]
	chromedriver!(No symbol) [0x7ff7f5fa37cc]
	chromedriver!(No symbol) [0x7ff7f5fa46f3]
	chromedriver!GetHandleVerifier [0x7ff7f6a4b79b+635d9b]
	chromedriver!GetHandleVerifier [0x7ff7f6a45ac6+6300c6]
	chromedriver!GetHandleVerifier [0x7ff7f6a6bcee+6562ee]
	chromedriver!GetHandleVerifier [0x7ff7f6448ffe+335fe]
	chromedriver!GetHandleVerifier [0x7ff7f645147c+3ba7c]
	chromedriver!GetHandleVerifier [0x7ff7f6434d64+1f364]
	chromedriver!GetHandleVerifier [0x7ff7f6434ef4+1f4f4]
	chromedriver!GetHandleVerifier [0x7ff7f6417d97+2397]
	KERNEL32!BaseThreadInitThunk [0x7ffeae28ccb7+17]
	ntdll!RtlUserThreadStart [0x7ffeaf6591cc+2c]

2026-08-14 12:54:48,229 - WARNING - ⚠️ Intento 3 falló: Message: element not interactable
  (Session info: chrome=151.0.7922.110); For documentation on this error, please visit: https://www.selenium.dev/documentation/webdriver/troubleshooting/errors#elementnotinteractableexception
Stacktrace:
	chromedriver!GetHandleVerifier [0x7ff7f642abb5+151b5]
	chromedriver!GetHandleVerifier [0x7ff7f642ac10+15210]
	chromedriver!(No symbol) [0x7ff7f5f55b56]
	chromedriver!(No symbol) [0x7ff7f5fb2ad4]
	chromedriver!(No symbol) [0x7ff7f5fa56f8]
	chromedriver!(No symbol) [0x7ff7f5fd9d0a]
	chromedriver!(No symbol) [0x7ff7f5fa4f76]
	chromedriver!(No symbol) [0x7ff7f5ffec0b]
	chromedriver!(No symbol) [0x7ff7f5fa37cc]
	chromedriver!(No symbol) [0x7ff7f5fa46f3]
	chromedriver!GetHandleVerifier [0x7ff7f6a4b79b+635d9b]
	chromedriver!GetHandleVerifier [0x7ff7f6a45ac6+6300c6]
	chromedriver!GetHandleVerifier [0x7ff7f6a6bcee+6562ee]
	chromedriver!GetHandleVerifier [0x7ff7f6448ffe+335fe]
	chromedriver!GetHandleVerifier [0x7ff7f645147c+3ba7c]
	chromedriver!GetHandleVerifier [0x7ff7f6434d64+1f364]
	chromedriver!GetHandleVerifier [0x7ff7f6434ef4+1f4f4]
	chromedriver!GetHandleVerifier [0x7ff7f6417d97+2397]
	KERNEL32!BaseThreadInitThunk [0x7ffeae28ccb7+17]
	ntdll!RtlUserThreadStart [0x7ffeaf6591cc+2c]

2026-08-14 12:54:48,746 - WARNING - ⚠️ Intento 1 falló: Message: no such element: Unable to locate element: {"method":"xpath","selector":"//a[contains(@href,'110101')]"}
  (Session info: chrome=151.0.7922.110); For documentation on this error, please visit: https://www.selenium.dev/documentation/webdriver/troubleshooting/errors#nosuchelementexception
Stacktrace:
	chromedriver!GetHandleVerifier [0x7ff7f642abb5+151b5]
	chromedriver!GetHandleVerifier [0x7ff7f642ac10+15210]
	chromedriver!(No symbol) [0x7ff7f5f55d6d]
	chromedriver!(No symbol) [0x7ff7f5fb1289]
	chromedriver!(No symbol) [0x7ff7f5fb158c]
	chromedriver!(No symbol) [0x7ff7f6002027]
	chromedriver!(No symbol) [0x7ff7f5ffec0b]
	chromedriver!(No symbol) [0x7ff7f5fa37cc]
	chromedriver!(No symbol) [0x7ff7f5fa46f3]
	chromedriver!GetHandleVerifier [0x7ff7f6a4b79b+635d9b]
	chromedriver!GetHandleVerifier [0x7ff7f6a45ac6+6300c6]
	chromedriver!GetHandleVerifier [0x7ff7f6a6bcee+6562ee]
	chromedriver!GetHandleVerifier [0x7ff7f6448ffe+335fe]
	chromedriver!GetHandleVerifier [0x7ff7f645147c+3ba7c]
	chromedriver!GetHandleVerifier [0x7ff7f6434d64+1f364]
	chromedriver!GetHandleVerifier [0x7ff7f6434ef4+1f4f4]
	chromedriver!GetHandleVerifier [0x7ff7f6417d97+2397]
	KERNEL32!BaseThreadInitThunk [0x7ffeae28ccb7+17]
	ntdll!RtlUserThreadStart [0x7ffeaf6591cc+2c]

2026-08-14 12:54:49,264 - WARNING - ⚠️ Intento 2 falló: Message: no such element: Unable to locate element: {"method":"xpath","selector":"//a[contains(@href,'110101')]"}
  (Session info: chrome=151.0.7922.110); For documentation on this error, please visit: https://www.selenium.dev/documentation/webdriver/troubleshooting/errors#nosuchelementexception
Stacktrace:
	chromedriver!GetHandleVerifier [0x7ff7f642abb5+151b5]
	chromedriver!GetHandleVerifier [0x7ff7f642ac10+15210]
	chromedriver!(No symbol) [0x7ff7f5f55d6d]
	chromedriver!(No symbol) [0x7ff7f5fb1289]
	chromedriver!(No symbol) [0x7ff7f5fb158c]
	chromedriver!(No symbol) [0x7ff7f6002027]
	chromedriver!(No symbol) [0x7ff7f5ffec0b]
	chromedriver!(No symbol) [0x7ff7f5fa37cc]
	chromedriver!(No symbol) [0x7ff7f5fa46f3]
	chromedriver!GetHandleVerifier [0x7ff7f6a4b79b+635d9b]
	chromedriver!GetHandleVerifier [0x7ff7f6a45ac6+6300c6]
	chromedriver!GetHandleVerifier [0x7ff7f6a6bcee+6562ee]
	chromedriver!GetHandleVerifier [0x7ff7f6448ffe+335fe]
	chromedriver!GetHandleVerifier [0x7ff7f645147c+3ba7c]
	chromedriver!GetHandleVerifier [0x7ff7f6434d64+1f364]
	chromedriver!GetHandleVerifier [0x7ff7f6434ef4+1f4f4]
	chromedriver!GetHandleVerifier [0x7ff7f6417d97+2397]
	KERNEL32!BaseThreadInitThunk [0x7ffeae28ccb7+17]
	ntdll!RtlUserThreadStart [0x7ffeaf6591cc+2c]

2026-08-14 12:54:49,782 - WARNING - ⚠️ Intento 3 falló: Message: no such element: Unable to locate element: {"method":"xpath","selector":"//a[contains(@href,'110101')]"}
  (Session info: chrome=151.0.7922.110); For documentation on this error, please visit: https://www.selenium.dev/documentation/webdriver/troubleshooting/errors#nosuchelementexception
Stacktrace:
	chromedriver!GetHandleVerifier [0x7ff7f642abb5+151b5]
	chromedriver!GetHandleVerifier [0x7ff7f642ac10+15210]
	chromedriver!(No symbol) [0x7ff7f5f55d6d]
	chromedriver!(No symbol) [0x7ff7f5fb1289]
	chromedriver!(No symbol) [0x7ff7f5fb158c]
	chromedriver!(No symbol) [0x7ff7f6002027]
	chromedriver!(No symbol) [0x7ff7f5ffec0b]
	chromedriver!(No symbol) [0x7ff7f5fa37cc]
	chromedriver!(No symbol) [0x7ff7f5fa46f3]
	chromedriver!GetHandleVerifier [0x7ff7f6a4b79b+635d9b]
	chromedriver!GetHandleVerifier [0x7ff7f6a45ac6+6300c6]
	chromedriver!GetHandleVerifier [0x7ff7f6a6bcee+6562ee]
	chromedriver!GetHandleVerifier [0x7ff7f6448ffe+335fe]
	chromedriver!GetHandleVerifier [0x7ff7f645147c+3ba7c]
	chromedriver!GetHandleVerifier [0x7ff7f6434d64+1f364]
	chromedriver!GetHandleVerifier [0x7ff7f6434ef4+1f4f4]
	chromedriver!GetHandleVerifier [0x7ff7f6417d97+2397]
	KERNEL32!BaseThreadInitThunk [0x7ffeae28ccb7+17]
	ntdll!RtlUserThreadStart [0x7ffeaf6591cc+2c]

2026-08-14 12:54:50,295 - WARNING - ⚠️ Intento 1 falló: Message: no such element: Unable to locate element: {"method":"xpath","selector":"//a[contains(.,'110101')]"}
  (Session info: chrome=151.0.7922.110); For documentation on this error, please visit: https://www.selenium.dev/documentation/webdriver/troubleshooting/errors#nosuchelementexception
Stacktrace:
	chromedriver!GetHandleVerifier [0x7ff7f642abb5+151b5]
	chromedriver!GetHandleVerifier [0x7ff7f642ac10+15210]
	chromedriver!(No symbol) [0x7ff7f5f55d6d]
	chromedriver!(No symbol) [0x7ff7f5fb1289]
	chromedriver!(No symbol) [0x7ff7f5fb158c]
	chromedriver!(No symbol) [0x7ff7f6002027]
	chromedriver!(No symbol) [0x7ff7f5ffec0b]
	chromedriver!(No symbol) [0x7ff7f5fa37cc]
	chromedriver!(No symbol) [0x7ff7f5fa46f3]
	chromedriver!GetHandleVerifier [0x7ff7f6a4b79b+635d9b]
	chromedriver!GetHandleVerifier [0x7ff7f6a45ac6+6300c6]
	chromedriver!GetHandleVerifier [0x7ff7f6a6bcee+6562ee]
	chromedriver!GetHandleVerifier [0x7ff7f6448ffe+335fe]
	chromedriver!GetHandleVerifier [0x7ff7f645147c+3ba7c]
	chromedriver!GetHandleVerifier [0x7ff7f6434d64+1f364]
	chromedriver!GetHandleVerifier [0x7ff7f6434ef4+1f4f4]
	chromedriver!GetHandleVerifier [0x7ff7f6417d97+2397]
	KERNEL32!BaseThreadInitThunk [0x7ffeae28ccb7+17]
	ntdll!RtlUserThreadStart [0x7ffeaf6591cc+2c]

2026-08-14 12:54:50,805 - WARNING - ⚠️ Intento 2 falló: Message: no such element: Unable to locate element: {"method":"xpath","selector":"//a[contains(.,'110101')]"}
  (Session info: chrome=151.0.7922.110); For documentation on this error, please visit: https://www.selenium.dev/documentation/webdriver/troubleshooting/errors#nosuchelementexception
Stacktrace:
	chromedriver!GetHandleVerifier [0x7ff7f642abb5+151b5]
	chromedriver!GetHandleVerifier [0x7ff7f642ac10+15210]
	chromedriver!(No symbol) [0x7ff7f5f55d6d]
	chromedriver!(No symbol) [0x7ff7f5fb1289]
	chromedriver!(No symbol) [0x7ff7f5fb158c]
	chromedriver!(No symbol) [0x7ff7f6002027]
	chromedriver!(No symbol) [0x7ff7f5ffec0b]
	chromedriver!(No symbol) [0x7ff7f5fa37cc]
	chromedriver!(No symbol) [0x7ff7f5fa46f3]
	chromedriver!GetHandleVerifier [0x7ff7f6a4b79b+635d9b]
	chromedriver!GetHandleVerifier [0x7ff7f6a45ac6+6300c6]
	chromedriver!GetHandleVerifier [0x7ff7f6a6bcee+6562ee]
	chromedriver!GetHandleVerifier [0x7ff7f6448ffe+335fe]
	chromedriver!GetHandleVerifier [0x7ff7f645147c+3ba7c]
	chromedriver!GetHandleVerifier [0x7ff7f6434d64+1f364]
	chromedriver!GetHandleVerifier [0x7ff7f6434ef4+1f4f4]
	chromedriver!GetHandleVerifier [0x7ff7f6417d97+2397]
	KERNEL32!BaseThreadInitThunk [0x7ffeae28ccb7+17]
	ntdll!RtlUserThreadStart [0x7ffeaf6591cc+2c]

2026-08-14 12:54:51,324 - WARNING - ⚠️ Intento 3 falló: Message: no such element: Unable to locate element: {"method":"xpath","selector":"//a[contains(.,'110101')]"}
  (Session info: chrome=151.0.7922.110); For documentation on this error, please visit: https://www.selenium.dev/documentation/webdriver/troubleshooting/errors#nosuchelementexception
Stacktrace:
	chromedriver!GetHandleVerifier [0x7ff7f642abb5+151b5]
	chromedriver!GetHandleVerifier [0x7ff7f642ac10+15210]
	chromedriver!(No symbol) [0x7ff7f5f55d6d]
	chromedriver!(No symbol) [0x7ff7f5fb1289]
	chromedriver!(No symbol) [0x7ff7f5fb158c]
	chromedriver!(No symbol) [0x7ff7f6002027]
	chromedriver!(No symbol) [0x7ff7f5ffec0b]
	chromedriver!(No symbol) [0x7ff7f5fa37cc]
	chromedriver!(No symbol) [0x7ff7f5fa46f3]
	chromedriver!GetHandleVerifier [0x7ff7f6a4b79b+635d9b]
	chromedriver!GetHandleVerifier [0x7ff7f6a45ac6+6300c6]
	chromedriver!GetHandleVerifier [0x7ff7f6a6bcee+6562ee]
	chromedriver!GetHandleVerifier [0x7ff7f6448ffe+335fe]
	chromedriver!GetHandleVerifier [0x7ff7f645147c+3ba7c]
	chromedriver!GetHandleVerifier [0x7ff7f6434d64+1f364]
	chromedriver!GetHandleVerifier [0x7ff7f6434ef4+1f4f4]
	chromedriver!GetHandleVerifier [0x7ff7f6417d97+2397]
	KERNEL32!BaseThreadInitThunk [0x7ffeae28ccb7+17]
	ntdll!RtlUserThreadStart [0x7ffeaf6591cc+2c]

2026-08-14 12:54:54,717 - INFO - 🛑 Browser cerrado.
2026-08-14 12:57:10,006 - INFO - Cargando proveedores desde BOM...
2026-08-14 12:57:10,014 - INFO - ✅ 35 proveedores cargados.
2026-08-14 12:57:10,015 - INFO - Cargando insumos por modelo desde BOM (solo categorías al INICIO)...
2026-08-14 12:57:10,024 - INFO - ✅ 20 modelos con insumos cargados.
2026-08-14 12:57:10,025 - INFO - Procesando archivo maestro (hoja '2026')...
2026-08-14 12:57:10,036 - INFO - ✅ Generado: PLANTILLA_Agnha_34.csv (3 filas, 0 variables, col_G=3)
2026-08-14 12:57:10,038 - INFO - ✅ Generado: PLANTILLA_Brown_wolf_21.csv (3 filas, 0 variables, col_G=3)
2026-08-14 12:57:10,041 - INFO - ✅ Generado: PLANTILLA_Rusty_the_Clown_38.csv (3 filas, 0 variables, col_G=3)
2026-08-14 12:57:10,045 - INFO - ✅ Generado: PLANTILLA_Mr._Bones_Tan_35.csv (3 filas, 0 variables, col_G=3)
2026-08-14 12:57:10,048 - INFO - ✅ Generado: PLANTILLA_Daffy_35.csv (3 filas, 0 variables, col_G=3)
2026-08-14 12:57:10,052 - INFO - ✅ Generado: PLANTILLA_Hockey_Killer_35.csv (3 filas, 0 variables, col_G=3)
2026-08-14 12:57:10,054 - INFO - ✅ Generado: PLANTILLA_Jacko_17.csv (3 filas, 0 variables, col_G=3)
2026-08-14 12:57:10,058 - INFO - ✅ Generado: PLANTILLA_Daffy_36.csv (3 filas, 0 variables, col_G=3)
2026-08-14 12:57:10,061 - INFO - ✅ Generado: PLANTILLA_Narmoga_28.csv (3 filas, 0 variables, col_G=3)
2026-08-14 12:57:10,065 - INFO - ✅ Generado: PLANTILLA_Akasha_47.csv (3 filas, 0 variables, col_G=3)
2026-08-14 12:57:10,070 - INFO - ✅ Generado: PLANTILLA_Akasha_48.csv (3 filas, 0 variables, col_G=3)
2026-08-14 12:57:10,073 - INFO - ✅ Generado: PLANTILLA_Mr._Bones_Tan_36.csv (3 filas, 0 variables, col_G=3)
2026-08-14 12:57:10,076 - INFO - ✅ Generado: PLANTILLA_Agnha_35.csv (3 filas, 0 variables, col_G=3)
2026-08-14 12:57:10,079 - INFO - ✅ Generado: PLANTILLA_Baba_Yaga_38.csv (3 filas, 0 variables, col_G=3)
2026-08-14 12:57:10,082 - INFO - ✅ Generado: PLANTILLA_Soggy_16.csv (3 filas, 0 variables, col_G=3)
2026-08-14 12:57:10,085 - INFO - ✅ Generado: PLANTILLA_Hockey_Killer_36.csv (3 filas, 0 variables, col_G=3)
2026-08-14 12:57:10,089 - INFO - ✅ Generado: PLANTILLA_Baba_Yaga_39.csv (3 filas, 0 variables, col_G=3)
2026-08-14 12:57:10,091 - INFO - ✅ Generado: PLANTILLA_Nightstalker_22.csv (3 filas, 0 variables, col_G=3)
2026-08-14 12:57:10,095 - INFO - ✅ Generado: PLANTILLA_Akasha_49.csv (3 filas, 0 variables, col_G=3)
2026-08-14 12:57:10,099 - INFO - ✅ Generado: PLANTILLA_Rusty_the_Clown_39.csv (3 filas, 0 variables, col_G=3)
2026-08-14 12:57:10,099 - INFO - 
📊 Resumen final:
2026-08-14 12:57:10,099 - INFO -    ✅ Plantillas generadas: 20
2026-08-14 12:57:10,099 - INFO -    ⏭️ Omitidas (sin precio): 0
2026-08-14 12:57:10,100 - INFO -    ❌ Errores (inconsistencia de filas): 0
2026-08-14 12:57:10,100 - INFO -    📁 Carpeta: 'C:\Users\Dany\Desktop\Proyecto\output'
2026-08-14 12:57:10,100 - WARNING - ⚠️ Modelo duplicado detectado: Daffy - se elimina la segunda ocurrencia.
2026-08-14 12:57:10,100 - WARNING - ⚠️ Modelo duplicado detectado: Akasha - se elimina la segunda ocurrencia.
2026-08-14 12:57:10,100 - WARNING - ⚠️ Modelo duplicado detectado: Mr. Bones Tan - se elimina la segunda ocurrencia.
2026-08-14 12:57:10,101 - WARNING - ⚠️ Modelo duplicado detectado: Agnha - se elimina la segunda ocurrencia.
2026-08-14 12:57:10,101 - WARNING - ⚠️ Modelo duplicado detectado: Hockey Killer - se elimina la segunda ocurrencia.
2026-08-14 12:57:10,101 - WARNING - ⚠️ Modelo duplicado detectado: Baba Yaga - se elimina la segunda ocurrencia.
2026-08-14 12:57:10,101 - WARNING - ⚠️ Modelo duplicado detectado: Akasha - se elimina la segunda ocurrencia.
2026-08-14 12:57:10,101 - WARNING - ⚠️ Modelo duplicado detectado: Rusty the Clown - se elimina la segunda ocurrencia.
2026-08-14 12:57:10,102 - INFO - 🧹 Desduplicación: 20 → 12 modelos únicos.
2026-08-14 12:57:10,102 - INFO - 📦 12 modelos listos para el bot.
2026-08-14 12:57:11,109 - INFO - ✅ WebDriver inicializado.
2026-08-14 12:57:11,110 - INFO - 🌐 Navegando a la página de login de VUCEM...
2026-08-14 12:57:41,959 - INFO - ✅ Login verificado (dashboard detectado).
2026-08-14 12:57:41,959 - INFO - 🧭 Iniciando navegación real al formulario...
2026-08-14 12:57:42,465 - INFO - ✅ Click en 'Solicitudes nuevas'
2026-08-14 12:57:44,934 - INFO - ✅ Click en Secretaría de Economía
2026-08-14 12:57:45,435 - INFO - ✅ Enlace del trámite 110101 detectado.
2026-08-14 12:57:50,144 - INFO - ✅ Click en trámite 110101 con selector: //a[contains(@onclick,'110101')]
2026-08-14 12:57:50,182 - INFO - ✅ Formulario cargado después del trámite.
2026-08-14 12:57:51,290 - WARNING - ⚠️ Intento 1 para pestaña Tratados falló: Message: element click intercepted: Element <a href="#tabs-3" class="ui-tabs-anchor" role="presentation" tabindex="-1" id="ui-id-2">...</a> is not clickable at point (400, 29). Other element would receive the click: <div class="collapse navbar-collapse" id="navbarMainCollapse">...</div>
  (Session info: chrome=151.0.7922.110); For documentation on this error, please visit: https://www.selenium.dev/documentation/webdriver/troubleshooting/errors#elementclickinterceptedexception
Stacktrace:
	chromedriver!GetHandleVerifier [0x7ff7f642abb5+151b5]
	chromedriver!GetHandleVerifier [0x7ff7f642ac10+15210]
	chromedriver!(No symbol) [0x7ff7f5f55d6d]
	chromedriver!(No symbol) [0x7ff7f5fb90c5]
	chromedriver!(No symbol) [0x7ff7f5fb6cda]
	chromedriver!(No symbol) [0x7ff7f5fb4017]
	chromedriver!(No symbol) [0x7ff7f5fb2ec7]
	chromedriver!(No symbol) [0x7ff7f5fa56f8]
	chromedriver!(No symbol) [0x7ff7f5fd9d0a]
	chromedriver!(No symbol) [0x7ff7f5fa4f76]
	chromedriver!(No symbol) [0x7ff7f5ffec0b]
	chromedriver!(No symbol) [0x7ff7f5fa37cc]
	chromedriver!(No symbol) [0x7ff7f5fa46f3]
	chromedriver!GetHandleVerifier [0x7ff7f6a4b79b+635d9b]
	chromedriver!GetHandleVerifier [0x7ff7f6a45ac6+6300c6]
	chromedriver!GetHandleVerifier [0x7ff7f6a6bcee+6562ee]
	chromedriver!GetHandleVerifier [0x7ff7f6448ffe+335fe]
	chromedriver!GetHandleVerifier [0x7ff7f645147c+3ba7c]
	chromedriver!GetHandleVerifier [0x7ff7f6434d64+1f364]
	chromedriver!GetHandleVerifier [0x7ff7f6434ef4+1f4f4]
	chromedriver!GetHandleVerifier [0x7ff7f6417d97+2397]
	KERNEL32!BaseThreadInitThunk [0x7ffeae28ccb7+17]
	ntdll!RtlUserThreadStart [0x7ffeaf6591cc+2c]

2026-08-14 12:57:52,845 - WARNING - ⚠️ Intento 2 para pestaña Tratados falló: Message: element click intercepted: Element <a href="#tabs-3" class="ui-tabs-anchor" role="presentation" tabindex="-1" id="ui-id-2">...</a> is not clickable at point (400, 29). Other element would receive the click: <div class="collapse navbar-collapse" id="navbarMainCollapse">...</div>
  (Session info: chrome=151.0.7922.110); For documentation on this error, please visit: https://www.selenium.dev/documentation/webdriver/troubleshooting/errors#elementclickinterceptedexception
Stacktrace:
	chromedriver!GetHandleVerifier [0x7ff7f642abb5+151b5]
	chromedriver!GetHandleVerifier [0x7ff7f642ac10+15210]
	chromedriver!(No symbol) [0x7ff7f5f55d6d]
	chromedriver!(No symbol) [0x7ff7f5fb90c5]
	chromedriver!(No symbol) [0x7ff7f5fb6cda]
	chromedriver!(No symbol) [0x7ff7f5fb4017]
	chromedriver!(No symbol) [0x7ff7f5fb2ec7]
	chromedriver!(No symbol) [0x7ff7f5fa56f8]
	chromedriver!(No symbol) [0x7ff7f5fd9d0a]
	chromedriver!(No symbol) [0x7ff7f5fa4f76]
	chromedriver!(No symbol) [0x7ff7f5ffec0b]
	chromedriver!(No symbol) [0x7ff7f5fa37cc]
	chromedriver!(No symbol) [0x7ff7f5fa46f3]
	chromedriver!GetHandleVerifier [0x7ff7f6a4b79b+635d9b]
	chromedriver!GetHandleVerifier [0x7ff7f6a45ac6+6300c6]
	chromedriver!GetHandleVerifier [0x7ff7f6a6bcee+6562ee]
	chromedriver!GetHandleVerifier [0x7ff7f6448ffe+335fe]
	chromedriver!GetHandleVerifier [0x7ff7f645147c+3ba7c]
	chromedriver!GetHandleVerifier [0x7ff7f6434d64+1f364]
	chromedriver!GetHandleVerifier [0x7ff7f6434ef4+1f4f4]
	chromedriver!GetHandleVerifier [0x7ff7f6417d97+2397]
	KERNEL32!BaseThreadInitThunk [0x7ffeae28ccb7+17]
	ntdll!RtlUserThreadStart [0x7ffeaf6591cc+2c]

2026-08-14 12:57:54,444 - WARNING - ⚠️ Intento 3 para pestaña Tratados falló: Message: element click intercepted: Element <a href="#tabs-3" class="ui-tabs-anchor" role="presentation" tabindex="-1" id="ui-id-2">...</a> is not clickable at point (400, 29). Other element would receive the click: <div class="collapse navbar-collapse" id="navbarMainCollapse">...</div>
  (Session info: chrome=151.0.7922.110); For documentation on this error, please visit: https://www.selenium.dev/documentation/webdriver/troubleshooting/errors#elementclickinterceptedexception
Stacktrace:
	chromedriver!GetHandleVerifier [0x7ff7f642abb5+151b5]
	chromedriver!GetHandleVerifier [0x7ff7f642ac10+15210]
	chromedriver!(No symbol) [0x7ff7f5f55d6d]
	chromedriver!(No symbol) [0x7ff7f5fb90c5]
	chromedriver!(No symbol) [0x7ff7f5fb6cda]
	chromedriver!(No symbol) [0x7ff7f5fb4017]
	chromedriver!(No symbol) [0x7ff7f5fb2ec7]
	chromedriver!(No symbol) [0x7ff7f5fa56f8]
	chromedriver!(No symbol) [0x7ff7f5fd9d0a]
	chromedriver!(No symbol) [0x7ff7f5fa4f76]
	chromedriver!(No symbol) [0x7ff7f5ffec0b]
	chromedriver!(No symbol) [0x7ff7f5fa37cc]
	chromedriver!(No symbol) [0x7ff7f5fa46f3]
	chromedriver!GetHandleVerifier [0x7ff7f6a4b79b+635d9b]
	chromedriver!GetHandleVerifier [0x7ff7f6a45ac6+6300c6]
	chromedriver!GetHandleVerifier [0x7ff7f6a6bcee+6562ee]
	chromedriver!GetHandleVerifier [0x7ff7f6448ffe+335fe]
	chromedriver!GetHandleVerifier [0x7ff7f645147c+3ba7c]
	chromedriver!GetHandleVerifier [0x7ff7f6434d64+1f364]
	chromedriver!GetHandleVerifier [0x7ff7f6434ef4+1f4f4]
	chromedriver!GetHandleVerifier [0x7ff7f6417d97+2397]
	KERNEL32!BaseThreadInitThunk [0x7ffeae28ccb7+17]
	ntdll!RtlUserThreadStart [0x7ffeaf6591cc+2c]

2026-08-14 12:57:57,531 - INFO - 🛑 Browser cerrado.
2026-08-14 15:57:11,626 - INFO - Cargando proveedores desde BOM...
2026-08-14 15:57:11,645 - INFO - ✅ 35 proveedores cargados.
2026-08-14 15:57:11,646 - INFO - Cargando insumos por modelo desde BOM (solo categorías al INICIO)...
2026-08-14 15:57:11,667 - INFO - ✅ 20 modelos con insumos cargados.
2026-08-14 15:57:11,668 - INFO - Procesando archivo maestro (hoja '2026')...
2026-08-14 15:57:11,698 - INFO - ✅ Generado: PLANTILLA_Agnha_36.csv (3 filas, 0 variables, col_G=3)
2026-08-14 15:57:11,706 - INFO - ✅ Generado: PLANTILLA_Brown_wolf_22.csv (3 filas, 0 variables, col_G=3)
2026-08-14 15:57:11,719 - INFO - ✅ Generado: PLANTILLA_Rusty_the_Clown_40.csv (3 filas, 0 variables, col_G=3)
2026-08-14 15:57:11,734 - INFO - ✅ Generado: PLANTILLA_Mr._Bones_Tan_37.csv (3 filas, 0 variables, col_G=3)
2026-08-14 15:57:11,751 - INFO - ✅ Generado: PLANTILLA_Daffy_37.csv (3 filas, 0 variables, col_G=3)
2026-08-14 15:57:11,771 - INFO - ✅ Generado: PLANTILLA_Hockey_Killer_37.csv (3 filas, 0 variables, col_G=3)
2026-08-14 15:57:11,783 - INFO - ✅ Generado: PLANTILLA_Jacko_18.csv (3 filas, 0 variables, col_G=3)
2026-08-14 15:57:11,794 - INFO - ✅ Generado: PLANTILLA_Daffy_38.csv (3 filas, 0 variables, col_G=3)
2026-08-14 15:57:11,807 - INFO - ✅ Generado: PLANTILLA_Narmoga_29.csv (3 filas, 0 variables, col_G=3)
2026-08-14 15:57:11,835 - INFO - ✅ Generado: PLANTILLA_Akasha_50.csv (3 filas, 0 variables, col_G=3)
2026-08-14 15:57:11,845 - INFO - ✅ Generado: PLANTILLA_Akasha_51.csv (3 filas, 0 variables, col_G=3)
2026-08-14 15:57:11,853 - INFO - ✅ Generado: PLANTILLA_Mr._Bones_Tan_38.csv (3 filas, 0 variables, col_G=3)
2026-08-14 15:57:11,866 - INFO - ✅ Generado: PLANTILLA_Agnha_37.csv (3 filas, 0 variables, col_G=3)
2026-08-14 15:57:11,874 - INFO - ✅ Generado: PLANTILLA_Baba_Yaga_40.csv (3 filas, 0 variables, col_G=3)
2026-08-14 15:57:11,883 - INFO - ✅ Generado: PLANTILLA_Soggy_17.csv (3 filas, 0 variables, col_G=3)
2026-08-14 15:57:11,889 - INFO - ✅ Generado: PLANTILLA_Hockey_Killer_38.csv (3 filas, 0 variables, col_G=3)
2026-08-14 15:57:11,900 - INFO - ✅ Generado: PLANTILLA_Baba_Yaga_41.csv (3 filas, 0 variables, col_G=3)
2026-08-14 15:57:11,907 - INFO - ✅ Generado: PLANTILLA_Nightstalker_23.csv (3 filas, 0 variables, col_G=3)
2026-08-14 15:57:11,918 - INFO - ✅ Generado: PLANTILLA_Akasha_52.csv (3 filas, 0 variables, col_G=3)
2026-08-14 15:57:11,962 - INFO - ✅ Generado: PLANTILLA_Rusty_the_Clown_41.csv (3 filas, 0 variables, col_G=3)
2026-08-14 15:57:11,963 - INFO - 
📊 Resumen final:
2026-08-14 15:57:11,964 - INFO -    ✅ Plantillas generadas: 20
2026-08-14 15:57:11,964 - INFO -    ⏭️ Omitidas (sin precio): 0
2026-08-14 15:57:11,965 - INFO -    ❌ Errores (inconsistencia de filas): 0
2026-08-14 15:57:11,966 - INFO -    📁 Carpeta: 'C:\Users\Dany\Desktop\Proyecto\output'
2026-08-14 15:57:11,966 - WARNING - ⚠️ Modelo duplicado detectado: Daffy - se elimina la segunda ocurrencia.
2026-08-14 15:57:11,967 - WARNING - ⚠️ Modelo duplicado detectado: Akasha - se elimina la segunda ocurrencia.
2026-08-14 15:57:11,967 - WARNING - ⚠️ Modelo duplicado detectado: Mr. Bones Tan - se elimina la segunda ocurrencia.
2026-08-14 15:57:11,967 - WARNING - ⚠️ Modelo duplicado detectado: Agnha - se elimina la segunda ocurrencia.
2026-08-14 15:57:11,968 - WARNING - ⚠️ Modelo duplicado detectado: Hockey Killer - se elimina la segunda ocurrencia.
2026-08-14 15:57:11,968 - WARNING - ⚠️ Modelo duplicado detectado: Baba Yaga - se elimina la segunda ocurrencia.
2026-08-14 15:57:11,969 - WARNING - ⚠️ Modelo duplicado detectado: Akasha - se elimina la segunda ocurrencia.
2026-08-14 15:57:11,970 - WARNING - ⚠️ Modelo duplicado detectado: Rusty the Clown - se elimina la segunda ocurrencia.
2026-08-14 15:57:11,970 - INFO - 🧹 Desduplicación: 20 → 12 modelos únicos.
2026-08-14 15:57:11,971 - INFO - 📦 12 modelos listos para el bot.
2026-08-14 15:57:17,305 - INFO - ✅ WebDriver inicializado.
2026-08-14 15:57:17,308 - INFO - 🌐 Navegando a la página de login de VUCEM...
2026-08-14 15:57:51,362 - INFO - ✅ Login verificado (dashboard detectado).
2026-08-14 15:57:51,368 - INFO - 🧭 Iniciando navegación real al formulario...
2026-08-14 15:57:52,173 - INFO - ✅ Click en 'Solicitudes nuevas'
2026-08-14 15:57:55,265 - INFO - ✅ Click en Secretaría de Economía
2026-08-14 15:57:55,323 - INFO - ✅ Enlace del trámite 110101 detectado.
2026-08-14 15:58:02,307 - INFO - ✅ Click en trámite 110101 con selector: //a[contains(@onclick,'110101')]
2026-08-14 15:58:02,347 - INFO - ✅ Formulario cargado después del trámite.
2026-08-14 15:58:02,746 - INFO - ✅ Pestaña 'Tratados'
2026-08-14 15:58:03,139 - INFO - ✅ Unión Europea seleccionada
2026-08-14 15:58:03,678 - INFO - ✅ TLCUEM seleccionado
2026-08-14 15:58:04,044 - INFO - ✅ Criterio B seleccionado
2026-08-14 15:58:04,341 - INFO - ✅ Tratado agregado
2026-08-14 15:58:09,106 - INFO - 🛑 Browser cerrado.
2026-08-14 16:13:31,219 - INFO - Cargando proveedores desde BOM...
2026-08-14 16:13:31,234 - INFO - ✅ 35 proveedores cargados.
2026-08-14 16:13:31,234 - INFO - Cargando insumos por modelo desde BOM (solo categorías al INICIO)...
2026-08-14 16:13:31,249 - INFO - ✅ 20 modelos con insumos cargados.
2026-08-14 16:13:31,249 - INFO - Procesando archivo maestro (hoja '2026')...
2026-08-14 16:13:31,262 - INFO - ✅ Generado: PLANTILLA_Agnha_38.csv (3 filas, 0 variables, col_G=3)
2026-08-14 16:13:31,267 - INFO - ✅ Generado: PLANTILLA_Brown_wolf_23.csv (3 filas, 0 variables, col_G=3)
2026-08-14 16:13:31,273 - INFO - ✅ Generado: PLANTILLA_Rusty_the_Clown_42.csv (3 filas, 0 variables, col_G=3)
2026-08-14 16:13:31,282 - INFO - ✅ Generado: PLANTILLA_Mr._Bones_Tan_39.csv (3 filas, 0 variables, col_G=3)
2026-08-14 16:13:31,289 - INFO - ✅ Generado: PLANTILLA_Daffy_39.csv (3 filas, 0 variables, col_G=3)
2026-08-14 16:13:31,300 - INFO - ✅ Generado: PLANTILLA_Hockey_Killer_39.csv (3 filas, 0 variables, col_G=3)
2026-08-14 16:13:31,305 - INFO - ✅ Generado: PLANTILLA_Jacko_19.csv (3 filas, 0 variables, col_G=3)
2026-08-14 16:13:31,316 - INFO - ✅ Generado: PLANTILLA_Daffy_40.csv (3 filas, 0 variables, col_G=3)
2026-08-14 16:13:31,323 - INFO - ✅ Generado: PLANTILLA_Narmoga_30.csv (3 filas, 0 variables, col_G=3)
2026-08-14 16:13:31,335 - INFO - ✅ Generado: PLANTILLA_Akasha_53.csv (3 filas, 0 variables, col_G=3)
2026-08-14 16:13:31,345 - INFO - ✅ Generado: PLANTILLA_Akasha_54.csv (3 filas, 0 variables, col_G=3)
2026-08-14 16:13:31,357 - INFO - ✅ Generado: PLANTILLA_Mr._Bones_Tan_40.csv (3 filas, 0 variables, col_G=3)
2026-08-14 16:13:31,369 - INFO - ✅ Generado: PLANTILLA_Agnha_39.csv (3 filas, 0 variables, col_G=3)
2026-08-14 16:13:31,378 - INFO - ✅ Generado: PLANTILLA_Baba_Yaga_42.csv (3 filas, 0 variables, col_G=3)
2026-08-14 16:13:31,386 - INFO - ✅ Generado: PLANTILLA_Soggy_18.csv (3 filas, 0 variables, col_G=3)
2026-08-14 16:13:31,396 - INFO - ✅ Generado: PLANTILLA_Hockey_Killer_40.csv (3 filas, 0 variables, col_G=3)
2026-08-14 16:13:31,407 - INFO - ✅ Generado: PLANTILLA_Baba_Yaga_43.csv (3 filas, 0 variables, col_G=3)
2026-08-14 16:13:31,415 - INFO - ✅ Generado: PLANTILLA_Nightstalker_24.csv (3 filas, 0 variables, col_G=3)
2026-08-14 16:13:31,427 - INFO - ✅ Generado: PLANTILLA_Akasha_55.csv (3 filas, 0 variables, col_G=3)
2026-08-14 16:13:31,440 - INFO - ✅ Generado: PLANTILLA_Rusty_the_Clown_43.csv (3 filas, 0 variables, col_G=3)
2026-08-14 16:13:31,441 - INFO - 
📊 Resumen final:
2026-08-14 16:13:31,441 - INFO -    ✅ Plantillas generadas: 20
2026-08-14 16:13:31,441 - INFO -    ⏭️ Omitidas (sin precio): 0
2026-08-14 16:13:31,442 - INFO -    ❌ Errores (inconsistencia de filas): 0
2026-08-14 16:13:31,442 - INFO -    📁 Carpeta: 'C:\Users\Dany\Desktop\Proyecto\output'
2026-08-14 16:13:31,443 - WARNING - ⚠️ Modelo duplicado detectado: Daffy - se elimina la segunda ocurrencia.
2026-08-14 16:13:31,443 - WARNING - ⚠️ Modelo duplicado detectado: Akasha - se elimina la segunda ocurrencia.
2026-08-14 16:13:31,443 - WARNING - ⚠️ Modelo duplicado detectado: Mr. Bones Tan - se elimina la segunda ocurrencia.
2026-08-14 16:13:31,443 - WARNING - ⚠️ Modelo duplicado detectado: Agnha - se elimina la segunda ocurrencia.
2026-08-14 16:13:31,444 - WARNING - ⚠️ Modelo duplicado detectado: Hockey Killer - se elimina la segunda ocurrencia.
2026-08-14 16:13:31,444 - WARNING - ⚠️ Modelo duplicado detectado: Baba Yaga - se elimina la segunda ocurrencia.
2026-08-14 16:13:31,445 - WARNING - ⚠️ Modelo duplicado detectado: Akasha - se elimina la segunda ocurrencia.
2026-08-14 16:13:31,446 - WARNING - ⚠️ Modelo duplicado detectado: Rusty the Clown - se elimina la segunda ocurrencia.
2026-08-14 16:13:31,446 - INFO - 🧹 Desduplicación: 20 → 12 modelos únicos.
2026-08-14 16:13:31,447 - INFO - 📦 12 modelos listos para el bot.
2026-08-14 16:13:33,258 - INFO - ✅ WebDriver inicializado.
2026-08-14 16:13:33,259 - INFO - 🌐 Navegando a la página de login de VUCEM...
2026-08-14 16:14:08,496 - INFO - ✅ Login verificado (dashboard detectado).
2026-08-14 16:14:08,496 - INFO - 🧭 Iniciando navegación real al formulario...
2026-08-14 16:14:09,637 - INFO - ✅ Click en 'Solicitudes nuevas'
2026-08-14 16:14:11,166 - INFO - ✅ Click en Secretaría de Economía
2026-08-14 16:14:11,213 - INFO - ✅ Enlace del trámite 110101 detectado.
2026-08-14 16:14:17,773 - INFO - ✅ Click en trámite 110101 con selector: //a[contains(@onclick,'110101')]
2026-08-14 16:14:17,814 - INFO - ✅ Formulario cargado después del trámite.
2026-08-14 16:14:18,229 - INFO - ✅ Pestaña 'Tratados'
2026-08-14 16:14:18,570 - INFO - ✅ Unión Europea seleccionada
2026-08-14 16:14:18,979 - INFO - ✅ TLCUEM seleccionado
2026-08-14 16:14:19,227 - INFO - ✅ Criterio B seleccionado
2026-08-14 16:14:19,476 - INFO - ✅ Tratado agregado
2026-08-14 16:14:20,666 - INFO - ✅ Pestaña 'Datos de la mercancía'
2026-08-14 16:14:20,700 - INFO - ✅ Navegación completada. Formulario listo.
2026-08-14 20:24:28,101 - INFO - Cargando proveedores desde BOM...
2026-08-14 20:24:28,115 - INFO - ✅ 35 proveedores cargados.
2026-08-14 20:24:28,116 - INFO - Cargando insumos por modelo desde BOM (solo categorías al INICIO)...
2026-08-14 20:24:28,135 - INFO - ✅ 20 modelos con insumos cargados.
2026-08-14 20:24:28,137 - INFO - Procesando archivo maestro (hoja '2026')...
2026-08-14 20:24:28,282 - INFO - ✅ Generado: PLANTILLA_000000024505_Assault_mask_1.csv (3 filas, 0 variables, col_G=3)
2026-08-14 20:24:28,285 - INFO - ✅ Generado: PLANTILLA_000000021292_Hockey_Killer_1.csv (3 filas, 0 variables, col_G=3)
2026-08-14 20:24:28,287 - INFO - ✅ Generado: PLANTILLA_000000022131_Apocalyptic_Mask_1.csv (3 filas, 0 variables, col_G=3)
2026-08-14 20:24:28,290 - INFO - ✅ Generado: PLANTILLA_000000021179_Brown_wolf_1.csv (3 filas, 0 variables, col_G=3)
2026-08-14 20:24:28,292 - INFO - ✅ Generado: PLANTILLA_000000021229_Brown_Dr._Peste_1.csv (3 filas, 0 variables, col_G=3)
2026-08-14 20:24:28,295 - INFO - ✅ Generado: PLANTILLA_000000021225_Crania_face_1.csv (3 filas, 0 variables, col_G=3)
2026-08-14 20:24:28,299 - INFO - ✅ Generado: PLANTILLA_000000021107_Jacko_1.csv (3 filas, 0 variables, col_G=3)
2026-08-14 20:24:28,305 - INFO - ✅ Generado: PLANTILLA_000000050122_Akasha_1.csv (3 filas, 0 variables, col_G=3)
2026-08-14 20:24:28,307 - INFO - ✅ Generado: PLANTILLA_000000050116_Alucard_1.csv (3 filas, 0 variables, col_G=3)
2026-08-14 20:24:28,309 - INFO - ✅ Generado: PLANTILLA_000000050118_Mr._Bones_Tan_1.csv (3 filas, 0 variables, col_G=3)
2026-08-14 20:24:28,312 - INFO - ✅ Generado: PLANTILLA_000000050117_Mr._Bones_1.csv (3 filas, 0 variables, col_G=3)
2026-08-14 20:24:28,318 - INFO - ✅ Generado: PLANTILLA_000000050120_Daffy_1.csv (3 filas, 0 variables, col_G=3)
2026-08-14 20:24:28,323 - INFO - ✅ Generado: PLANTILLA_000000050119_Soggy_1.csv (3 filas, 0 variables, col_G=3)
2026-08-14 20:24:28,327 - INFO - ✅ Generado: PLANTILLA_000000050121_Baba_Yaga_1.csv (3 filas, 0 variables, col_G=3)
2026-08-14 20:24:28,330 - INFO - ✅ Generado: PLANTILLA_000000350063__Rolan__Street_clown_1.csv (3 filas, 0 variables, col_G=3)
2026-08-14 20:24:28,332 - INFO - ✅ Generado: PLANTILLA_000000350064_Psychopathic_Clown_1.csv (3 filas, 0 variables, col_G=3)
2026-08-14 20:24:28,335 - INFO - ✅ Generado: PLANTILLA_000000350065_Rusty_the_Clown_1.csv (3 filas, 0 variables, col_G=3)
2026-08-14 20:24:28,339 - INFO - ✅ Generado: PLANTILLA_000000350061_Narmoga_1.csv (3 filas, 0 variables, col_G=3)
2026-08-14 20:24:28,341 - INFO - ✅ Generado: PLANTILLA_000000350062_Agnha_1.csv (3 filas, 0 variables, col_G=3)
2026-08-14 20:24:28,344 - INFO - ✅ Generado: PLANTILLA_000000350060_Nightstalker_1.csv (3 filas, 0 variables, col_G=3)
2026-08-14 20:24:28,347 - INFO - ✅ Generado: PLANTILLA_000000350059_Death_Walker_1.csv (3 filas, 0 variables, col_G=3)
2026-08-14 20:24:28,349 - INFO - ✅ Generado: PLANTILLA_000000030110_Night_Terror_1.csv (3 filas, 0 variables, col_G=3)
2026-08-14 20:24:28,360 - INFO - ✅ Generado: PLANTILLA_000000030111_Transplanted_1.csv (3 filas, 0 variables, col_G=3)
2026-08-14 20:24:28,362 - INFO - ✅ Generado: PLANTILLA_000000030109_Splitting_Headache_1.csv (3 filas, 0 variables, col_G=3)
2026-08-14 20:24:28,364 - INFO - ✅ Generado: PLANTILLA_000000030181_Camazotz_1.csv (3 filas, 0 variables, col_G=3)
2026-08-14 20:24:28,367 - INFO - ✅ Generado: PLANTILLA_000000030182_Silent_Death_1.csv (3 filas, 0 variables, col_G=3)
2026-08-14 20:24:28,373 - INFO - ✅ Generado: PLANTILLA_000000030180_Demon_Vampire_1.csv (3 filas, 0 variables, col_G=3)
2026-08-14 20:24:28,376 - INFO - ✅ Generado: PLANTILLA_000000030173_Pagliacci_1.csv (3 filas, 0 variables, col_G=3)
2026-08-14 20:24:28,378 - INFO - ✅ Generado: PLANTILLA_000000030116_Dusty_clown_1.csv (3 filas, 0 variables, col_G=3)
2026-08-14 20:24:28,381 - INFO - ✅ Generado: PLANTILLA_000000030166_Hellbell_clown_1.csv (3 filas, 0 variables, col_G=3)
2026-08-14 20:24:28,386 - INFO - ✅ Generado: PLANTILLA_000000030149_Fiery_clown_2.csv (3 filas, 0 variables, col_G=3)
2026-08-14 20:24:28,391 - INFO - ✅ Generado: PLANTILLA_000000030142_Sadistic_clown_1.csv (3 filas, 0 variables, col_G=3)
2026-08-14 20:24:28,393 - INFO - ✅ Generado: PLANTILLA_000000030100_Toothy_Clown_1.csv (3 filas, 0 variables, col_G=3)
2026-08-14 20:24:28,395 - INFO - ✅ Generado: PLANTILLA_000000030102_Creppy_Clown_smile_1.csv (3 filas, 0 variables, col_G=3)
2026-08-14 20:24:28,397 - INFO - ✅ Generado: PLANTILLA_000000030115_Fiendish_clown_1.csv (3 filas, 0 variables, col_G=3)
2026-08-14 20:24:28,400 - INFO - ✅ Generado: PLANTILLA_000000030117_Jezebel_1.csv (3 filas, 0 variables, col_G=3)
2026-08-14 20:24:28,402 - INFO - ✅ Generado: PLANTILLA_000000030118_Porky_the_clown_1.csv (3 filas, 0 variables, col_G=3)
2026-08-14 20:24:28,406 - INFO - ✅ Generado: PLANTILLA_000000030138_Burger´s_Clown_2.csv (3 filas, 0 variables, col_G=3)
2026-08-14 20:24:28,409 - INFO - ✅ Generado: PLANTILLA_000000030143_Zippy_1.csv (3 filas, 0 variables, col_G=3)
2026-08-14 20:24:28,411 - INFO - ✅ Generado: PLANTILLA_000000030122_Amuck_1.csv (3 filas, 0 variables, col_G=3)
2026-08-14 20:24:28,413 - INFO - ✅ Generado: PLANTILLA_000000030159_Upside_Grin_Clown_1.csv (3 filas, 0 variables, col_G=3)
2026-08-14 20:24:28,416 - INFO - ✅ Generado: PLANTILLA_000000030137_Thug_Clown_1.csv (3 filas, 0 variables, col_G=3)
2026-08-14 20:24:28,419 - INFO - ✅ Generado: PLANTILLA_000000030120_Crispy_1.csv (3 filas, 0 variables, col_G=3)
2026-08-14 20:24:28,423 - INFO - ✅ Generado: PLANTILLA_000000030134_Mad_Clown_Biker_1.csv (3 filas, 0 variables, col_G=3)
2026-08-14 20:24:28,425 - INFO - ✅ Generado: PLANTILLA_000000030167_Spawlown_1.csv (3 filas, 0 variables, col_G=3)
2026-08-14 20:24:28,428 - INFO - ✅ Generado: PLANTILLA_000000030121_Bumpy_1.csv (3 filas, 0 variables, col_G=3)
2026-08-14 20:24:28,431 - INFO - ✅ Generado: PLANTILLA_000000030153_Igor_1.csv (3 filas, 0 variables, col_G=3)
2026-08-14 20:24:28,434 - INFO - ✅ Generado: PLANTILLA_000000030145_Creepy_T.W._1.csv (3 filas, 0 variables, col_G=3)
2026-08-14 20:24:28,437 - INFO - ✅ Generado: PLANTILLA_000000030148_Creepy_P._1.csv (3 filas, 0 variables, col_G=3)
2026-08-14 20:24:28,440 - INFO - ✅ Generado: PLANTILLA_000000030146_Creepy_D._1.csv (3 filas, 0 variables, col_G=3)
2026-08-14 20:24:28,442 - INFO - ✅ Generado: PLANTILLA_000000030147_Creepy_L.L._1.csv (3 filas, 0 variables, col_G=3)
2026-08-14 20:24:28,443 - INFO - ✅ Generado: PLANTILLA_000000149113_Marinero_Creepy_1.csv (3 filas, 0 variables, col_G=3)
2026-08-14 20:24:28,445 - INFO - ✅ Generado: PLANTILLA_000000030131_Creepyboobu_1.csv (3 filas, 0 variables, col_G=3)
2026-08-14 20:24:28,448 - INFO - ✅ Generado: PLANTILLA_000000030151_Mothman_1.csv (3 filas, 0 variables, col_G=3)
2026-08-14 20:24:28,450 - INFO - ✅ Generado: PLANTILLA_000000030114_Creepy_Peter_1.csv (3 filas, 0 variables, col_G=3)
2026-08-14 20:24:28,454 - INFO - ✅ Generado: PLANTILLA_000000030174_Crazy_Auguste_1.csv (3 filas, 0 variables, col_G=3)
2026-08-14 20:24:28,456 - INFO - ✅ Generado: PLANTILLA_000000030176_Brickie_zombie_1.csv (3 filas, 0 variables, col_G=3)
2026-08-14 20:24:28,458 - INFO - ✅ Generado: PLANTILLA_000000030175_Killer_Identity_1.csv (3 filas, 0 variables, col_G=3)
2026-08-14 20:24:28,460 - INFO - ✅ Generado: PLANTILLA_000000030171_J_the_Slayer_1.csv (3 filas, 0 variables, col_G=3)
2026-08-14 20:24:28,462 - INFO - ✅ Generado: PLANTILLA_000000071542_Fleshless_mouth_1.csv (3 filas, 0 variables, col_G=3)
2026-08-14 20:24:28,464 - INFO - ✅ Generado: PLANTILLA_000000030177_Zombie_pilot_1.csv (3 filas, 0 variables, col_G=3)
2026-08-14 20:24:28,466 - INFO - ✅ Generado: PLANTILLA_000000030133_Chopper_Rider_1.csv (3 filas, 0 variables, col_G=3)
2026-08-14 20:24:28,469 - INFO - ✅ Generado: PLANTILLA_000000030178_The_lord_1.csv (3 filas, 0 variables, col_G=3)
2026-08-14 20:24:28,473 - INFO - ✅ Generado: PLANTILLA_000000030162_Big_Horns_Skull_1.csv (3 filas, 0 variables, col_G=3)
2026-08-14 20:24:28,475 - INFO - ✅ Generado: PLANTILLA_000000030161_Big_Horns_Skull_Neon_1.csv (3 filas, 0 variables, col_G=3)
2026-08-14 20:24:28,478 - INFO - ✅ Generado: PLANTILLA_000000030132_Patrol_Skull_1.csv (3 filas, 0 variables, col_G=3)
2026-08-14 20:24:28,480 - INFO - ✅ Generado: PLANTILLA_000000030160_Big_Horns_Devil_1.csv (3 filas, 0 variables, col_G=3)
2026-08-14 20:24:28,482 - INFO - ✅ Generado: PLANTILLA_000000030164_Malebranche_1.csv (3 filas, 0 variables, col_G=3)
2026-08-14 20:24:28,483 - INFO - ✅ Generado: PLANTILLA_000000030123_Possessed_nun_1.csv (3 filas, 0 variables, col_G=3)
2026-08-14 20:24:28,487 - INFO - ✅ Generado: PLANTILLA_000000030163_Big_Horns_alien_1.csv (3 filas, 0 variables, col_G=3)
2026-08-14 20:24:28,490 - INFO - ✅ Generado: PLANTILLA_000000072201_Alien_Creepy_1.csv (3 filas, 0 variables, col_G=3)
2026-08-14 20:24:28,493 - INFO - ✅ Generado: PLANTILLA_000000030152_Morak_1.csv (3 filas, 0 variables, col_G=3)
2026-08-14 20:24:28,496 - INFO - ✅ Generado: PLANTILLA_000000030158_Blind_Warden_1.csv (3 filas, 0 variables, col_G=3)
2026-08-14 20:24:28,498 - INFO - ✅ Generado: PLANTILLA_000000030179_Frankorned_1.csv (3 filas, 0 variables, col_G=3)
2026-08-14 20:24:28,501 - INFO - ✅ Generado: PLANTILLA_000000030168_Gorth_1.csv (3 filas, 0 variables, col_G=3)
2026-08-14 20:24:28,506 - INFO - ✅ Generado: PLANTILLA_000000030112_Old_Troll_1.csv (3 filas, 0 variables, col_G=3)
2026-08-14 20:24:28,509 - INFO - ✅ Generado: PLANTILLA_000000030113_Funny_Troll_1.csv (3 filas, 0 variables, col_G=3)
2026-08-14 20:24:28,511 - INFO - ✅ Generado: PLANTILLA_000000030144_Creepy_Voodoo_Master_1.csv (3 filas, 0 variables, col_G=3)
2026-08-14 20:24:28,513 - INFO - ✅ Generado: PLANTILLA_000000030150_Anciente_Priest_1.csv (3 filas, 0 variables, col_G=3)
2026-08-14 20:24:28,515 - INFO - ✅ Generado: PLANTILLA_000000030172_Voodoo_victim_1.csv (3 filas, 0 variables, col_G=3)
2026-08-14 20:24:28,517 - INFO - ✅ Generado: PLANTILLA_000000030165_Horned_Sorceress_1.csv (3 filas, 0 variables, col_G=3)
2026-08-14 20:24:28,521 - INFO - ✅ Generado: PLANTILLA_000000071535_Agatha_1.csv (3 filas, 0 variables, col_G=3)
2026-08-14 20:24:28,526 - INFO - ✅ Generado: PLANTILLA_000000027990_Staffs__Witch_1.csv (3 filas, 0 variables, col_G=3)
2026-08-14 20:24:28,528 - INFO - ✅ Generado: PLANTILLA_000000071544_Scar_wolf_1.csv (3 filas, 0 variables, col_G=3)
2026-08-14 20:24:28,530 - INFO - ✅ Generado: PLANTILLA_000000030139_Sack_Creature_1.csv (3 filas, 0 variables, col_G=3)
2026-08-14 20:24:28,532 - INFO - ✅ Generado: PLANTILLA_000000030124_Mangy_rat_1.csv (3 filas, 0 variables, col_G=3)
2026-08-14 20:24:28,534 - INFO - ✅ Generado: PLANTILLA_000000030125_Rabid_boar_1.csv (3 filas, 0 variables, col_G=3)
2026-08-14 20:24:28,540 - INFO - ✅ Generado: PLANTILLA_000000030127_Zombie_Cat_1.csv (3 filas, 0 variables, col_G=3)
2026-08-14 20:24:28,545 - INFO - ✅ Generado: PLANTILLA_000000030129_Zombie_Capybara_1.csv (3 filas, 0 variables, col_G=3)
2026-08-14 20:24:28,548 - INFO - ✅ Generado: PLANTILLA_000000030119_Rotten_Panda_1.csv (3 filas, 0 variables, col_G=3)
2026-08-14 20:24:28,551 - INFO - ✅ Generado: PLANTILLA_000000030169_Apenstein_1.csv (3 filas, 0 variables, col_G=3)
2026-08-14 20:24:28,556 - INFO - ✅ Generado: PLANTILLA_000000030170_Groaner_1.csv (3 filas, 0 variables, col_G=3)
2026-08-14 20:24:28,558 - INFO - ✅ Generado: PLANTILLA_000000030154_Evil_Nutcracker_1.csv (3 filas, 0 variables, col_G=3)
2026-08-14 20:24:28,560 - INFO - ✅ Generado: PLANTILLA_000000030155_Creepy_Happy_1.csv (3 filas, 0 variables, col_G=3)
2026-08-14 20:24:28,561 - INFO - ✅ Generado: PLANTILLA_000000030156_Creepy_Sad_1.csv (3 filas, 0 variables, col_G=3)
2026-08-14 20:24:28,564 - INFO - ✅ Generado: PLANTILLA_000000027985_Little_Abyss_1.csv (3 filas, 0 variables, col_G=3)
2026-08-14 20:24:28,566 - INFO - ✅ Generado: PLANTILLA_000000027984_Little_Ember_1.csv (3 filas, 0 variables, col_G=3)
2026-08-14 20:24:28,568 - INFO - ✅ Generado: PLANTILLA_000000027983_Little_Goo_1.csv (3 filas, 0 variables, col_G=3)
2026-08-14 20:24:28,573 - INFO - ✅ Generado: PLANTILLA_000000027982_Little_Greyson_1.csv (3 filas, 0 variables, col_G=3)
2026-08-14 20:24:28,575 - INFO - ✅ Generado: PLANTILLA_000000027981_Little_Fang_1.csv (3 filas, 0 variables, col_G=3)
2026-08-14 20:24:28,577 - INFO - ✅ Generado: PLANTILLA_000000027986_Little_Rotty_1.csv (3 filas, 0 variables, col_G=3)
2026-08-14 20:24:28,579 - INFO - ✅ Generado: PLANTILLA_000000027978_James_busted_1.csv (3 filas, 0 variables, col_G=3)
2026-08-14 20:24:28,581 - INFO - ✅ Generado: PLANTILLA_000000027979_Helen_Busted_1.csv (3 filas, 0 variables, col_G=3)
2026-08-14 20:24:28,583 - INFO - ✅ Generado: PLANTILLA_000000027980_William_Busted_1.csv (3 filas, 0 variables, col_G=3)
2026-08-14 20:24:28,588 - INFO - ✅ Generado: PLANTILLA_000000331008_Bloody_Curtains_1.csv (3 filas, 0 variables, col_G=3)
2026-08-14 20:24:28,593 - INFO - ✅ Generado: PLANTILLA_000000027994_Effigy_1.csv (3 filas, 0 variables, col_G=3)
2026-08-14 20:24:28,596 - INFO - ✅ Generado: PLANTILLA_000000027995_Pharaoh_1.csv (3 filas, 0 variables, col_G=3)
2026-08-14 20:24:28,599 - INFO - ✅ Generado: PLANTILLA_000000027991_Carnivorous_plant_garden_decor_1.csv (3 filas, 0 variables, col_G=3)
2026-08-14 20:24:28,603 - INFO - ✅ Generado: PLANTILLA_000000027992_Gnome_garden_decor_1.csv (3 filas, 0 variables, col_G=3)
2026-08-14 20:24:28,609 - INFO - ✅ Generado: PLANTILLA_000000028212_Earth_Dragon_Puppet_1.csv (3 filas, 0 variables, col_G=3)
2026-08-14 20:24:28,612 - INFO - ✅ Generado: PLANTILLA_000000028213_Fire_Dragon_Puppet_1.csv (3 filas, 0 variables, col_G=3)
2026-08-14 20:24:28,615 - INFO - ✅ Generado: PLANTILLA_000000028211_Demon_Puppet_1.csv (3 filas, 0 variables, col_G=3)
2026-08-14 20:24:28,621 - INFO - ✅ Generado: PLANTILLA_000000028214_Goat_Puppet_1.csv (3 filas, 0 variables, col_G=3)
2026-08-14 20:24:28,624 - INFO - ✅ Generado: PLANTILLA_000000028210_Gargoyle_Puppet_1.csv (3 filas, 0 variables, col_G=3)
2026-08-14 20:24:28,626 - INFO - ✅ Generado: PLANTILLA_000000028215_Wacky_Clown_Puppet_1.csv (3 filas, 0 variables, col_G=3)
2026-08-14 20:24:28,629 - INFO - ✅ Generado: PLANTILLA_000000028122_Hobby_Zombie_Unicorn_Stick_1.csv (3 filas, 0 variables, col_G=3)
2026-08-14 20:24:28,631 - INFO - ✅ Generado: PLANTILLA_000000028123_Hobby_Zombie_Horse_Stick_1.csv (3 filas, 0 variables, col_G=3)
2026-08-14 20:24:28,634 - INFO - ✅ Generado: PLANTILLA_000000027976_Chocolate_Gigi_2.csv (3 filas, 0 variables, col_G=3)
2026-08-14 20:24:28,639 - INFO - ✅ Generado: PLANTILLA_000000027970_Blady_1.csv (3 filas, 0 variables, col_G=3)
2026-08-14 20:24:28,642 - INFO - ✅ Generado: PLANTILLA_000000027966_Possessed_Elf_1.csv (3 filas, 0 variables, col_G=3)
2026-08-14 20:24:28,645 - INFO - ✅ Generado: PLANTILLA_000000027967_Mini_Troll_1.csv (3 filas, 0 variables, col_G=3)
2026-08-14 20:24:28,648 - INFO - ✅ Generado: PLANTILLA_000000027974_Centipede_1.csv (3 filas, 0 variables, col_G=3)
2026-08-14 20:24:28,650 - INFO - ✅ Generado: PLANTILLA_000000027977_Fangsy_2.csv (3 filas, 0 variables, col_G=3)
2026-08-14 20:24:28,655 - INFO - ✅ Generado: PLANTILLA_000000027971_Punky_1.csv (3 filas, 0 variables, col_G=3)
2026-08-14 20:24:28,657 - INFO - ✅ Generado: PLANTILLA_000000027972_Lil´Horns_1.csv (3 filas, 0 variables, col_G=3)
2026-08-14 20:24:28,660 - INFO - ✅ Generado: PLANTILLA_000000027973_BoohBlue_1.csv (3 filas, 0 variables, col_G=3)
2026-08-14 20:24:28,662 - INFO - ✅ Generado: PLANTILLA_000000668651_Midsummer_Horror_Clown_1.csv (3 filas, 0 variables, col_G=3)
2026-08-14 20:24:28,665 - INFO - ✅ Generado: PLANTILLA_000000028120_Liging_Severed_Hand_1.csv (3 filas, 0 variables, col_G=3)
2026-08-14 20:24:28,670 - INFO - ✅ Generado: PLANTILLA_000000028121_Living_Severed_Hand_2_1.csv (3 filas, 0 variables, col_G=3)
2026-08-14 20:24:28,674 - INFO - ✅ Generado: PLANTILLA_000000084812_Serial_Killer_Apron_1.csv (3 filas, 0 variables, col_G=3)
2026-08-14 20:24:28,676 - INFO - ✅ Generado: PLANTILLA_000000084811_Forrest_Killer_Apron_1.csv (3 filas, 0 variables, col_G=3)
2026-08-14 20:24:28,678 - INFO - ✅ Generado: PLANTILLA_000000084810_Butcher_Killer_Apron_1.csv (3 filas, 0 variables, col_G=3)
2026-08-14 20:24:28,680 - INFO - ✅ Generado: PLANTILLA_000000084285_Lord_jester_1.csv (3 filas, 0 variables, col_G=3)
2026-08-14 20:24:28,682 - INFO - ✅ Generado: PLANTILLA_000000084286_Lord_jester_1.csv (3 filas, 0 variables, col_G=3)
2026-08-14 20:24:28,683 - INFO - ✅ Generado: PLANTILLA_000000084287_Lord_jester_1.csv (3 filas, 0 variables, col_G=3)
2026-08-14 20:24:28,689 - INFO - ✅ Generado: PLANTILLA_000000084280_Lady_Harlequin_1.csv (3 filas, 0 variables, col_G=3)
2026-08-14 20:24:28,692 - INFO - ✅ Generado: PLANTILLA_000000084281_Lady_Harlequin_1.csv (3 filas, 0 variables, col_G=3)
2026-08-14 20:24:28,694 - INFO - ✅ Generado: PLANTILLA_000000084282_Lady_Harlequin_1.csv (3 filas, 0 variables, col_G=3)
2026-08-14 20:24:28,696 - INFO - ✅ Generado: PLANTILLA_000000084295_Miss_Circus_Ringmaster_1.csv (3 filas, 0 variables, col_G=3)
2026-08-14 20:24:28,699 - INFO - ✅ Generado: PLANTILLA_000000084296_Miss_Circus_Ringmaster_1.csv (3 filas, 0 variables, col_G=3)
2026-08-14 20:24:28,705 - INFO - ✅ Generado: PLANTILLA_000000084297_Miss_Circus_Ringmaster_1.csv (3 filas, 0 variables, col_G=3)
2026-08-14 20:24:28,708 - INFO - ✅ Generado: PLANTILLA_000000084840_Spooky_Pumpkin_Scarecrow_1.csv (3 filas, 0 variables, col_G=3)
2026-08-14 20:24:28,710 - INFO - ✅ Generado: PLANTILLA_000000084841_Spooky_Pumpkin_Scarecrow_1.csv (3 filas, 0 variables, col_G=3)
2026-08-14 20:24:28,712 - INFO - ✅ Generado: PLANTILLA_000000084842_Spooky_Pumpkin_Scarecrow_1.csv (3 filas, 0 variables, col_G=3)
2026-08-14 20:24:28,714 - INFO - ✅ Generado: PLANTILLA_000000084835_Mont´s_Glowing_Clown_1.csv (3 filas, 0 variables, col_G=3)
2026-08-14 20:24:28,716 - INFO - ✅ Generado: PLANTILLA_000000084836_Mont´s_Glowing_Clown_1.csv (3 filas, 0 variables, col_G=3)
2026-08-14 20:24:28,720 - INFO - ✅ Generado: PLANTILLA_000000084837_Mont´s_Glowing_Clown_1.csv (3 filas, 0 variables, col_G=3)
2026-08-14 20:24:28,723 - INFO - ✅ Generado: PLANTILLA_000000084826_Kramper_Cape_1.csv (3 filas, 0 variables, col_G=3)
2026-08-14 20:24:28,726 - INFO - ✅ Generado: PLANTILLA_000000084822_Christmas_Grumpy_Monster_1.csv (3 filas, 0 variables, col_G=3)
2026-08-14 20:24:28,727 - INFO - ✅ Generado: PLANTILLA_000000084855_Grumpy_Monster_1.csv (3 filas, 0 variables, col_G=3)
2026-08-14 20:24:28,730 - INFO - ✅ Generado: PLANTILLA_000000084825_Sasquatch_Costume_1.csv (3 filas, 0 variables, col_G=3)
2026-08-14 20:24:28,732 - INFO - ✅ Generado: PLANTILLA_000000027898_Rotten_Sandwich_1.csv (3 filas, 0 variables, col_G=3)
2026-08-14 20:24:28,735 - INFO - ✅ Generado: PLANTILLA_000000027895_Disgusting_Hot_Dog_1.csv (3 filas, 0 variables, col_G=3)
2026-08-14 20:24:28,739 - INFO - ✅ Generado: PLANTILLA_000000027916_Nasty_Chinese_Food_1.csv (3 filas, 0 variables, col_G=3)
2026-08-14 20:24:28,742 - INFO - ✅ Generado: PLANTILLA_000000030149_Fiery_clown_3.csv (3 filas, 0 variables, col_G=3)
2026-08-14 20:24:28,745 - INFO - ✅ Generado: PLANTILLA_000000030138_Burger´s_Clown_3.csv (3 filas, 0 variables, col_G=3)
2026-08-14 20:24:28,747 - INFO - ✅ Generado: PLANTILLA_000000149113__Marinero_Creepy_1.csv (3 filas, 0 variables, col_G=3)
2026-08-14 20:24:28,751 - INFO - ✅ Generado: PLANTILLA_000000027976_Chocolate_Gigi_3.csv (3 filas, 0 variables, col_G=3)
2026-08-14 20:24:28,755 - INFO - ✅ Generado: PLANTILLA_000000027977_Fangsy_3.csv (3 filas, 0 variables, col_G=3)
2026-08-14 20:24:28,758 - INFO - ✅ Generado: PLANTILLA_000000030101_Jester_Clown_1.csv (3 filas, 0 variables, col_G=3)
2026-08-14 20:24:28,760 - INFO - ✅ Generado: PLANTILLA_000000030103_Clown_Smiles_1.csv (3 filas, 0 variables, col_G=3)
2026-08-14 20:24:28,762 - INFO - ✅ Generado: PLANTILLA_000000030141_Eyeball_Mask_1.csv (3 filas, 0 variables, col_G=3)
2026-08-14 20:24:28,765 - INFO - ✅ Generado: PLANTILLA_000000030135_Bram_1.csv (3 filas, 0 variables, col_G=3)
2026-08-14 20:24:28,767 - INFO - ✅ Generado: PLANTILLA_000000030136_Lilith_1.csv (3 filas, 0 variables, col_G=3)
2026-08-14 20:24:28,771 - INFO - ✅ Generado: PLANTILLA_000000030157_Ghoulish_Man_1.csv (3 filas, 0 variables, col_G=3)
2026-08-14 20:24:28,774 - INFO - ✅ Generado: PLANTILLA_000000030023_Possessed_samurai_1.csv (3 filas, 0 variables, col_G=3)
2026-08-14 20:24:28,776 - INFO - ✅ Generado: PLANTILLA_000000072202_Alien_Monster_1.csv (3 filas, 0 variables, col_G=3)
2026-08-14 20:24:28,778 - INFO - ✅ Generado: PLANTILLA_000000030009_Cosmic_king_1.csv (3 filas, 0 variables, col_G=3)
2026-08-14 20:24:28,780 - INFO - ✅ Generado: PLANTILLA_000000030128_Zombie_Pug_1.csv (3 filas, 0 variables, col_G=3)
2026-08-14 20:24:28,783 - INFO - ✅ Generado: PLANTILLA_000000027975_Sugar_Kiky_1.csv (3 filas, 0 variables, col_G=3)
2026-08-14 20:24:28,786 - INFO - ✅ Generado: PLANTILLA_000000027968_Nightshade_1.csv (3 filas, 0 variables, col_G=3)
2026-08-14 20:24:28,790 - INFO - ✅ Generado: PLANTILLA_000000027969_Snowbelle_1.csv (3 filas, 0 variables, col_G=3)
2026-08-14 20:24:28,793 - INFO - ✅ Generado: PLANTILLA_000000025838_Alien_Flesh_1.csv (3 filas, 0 variables, col_G=3)
2026-08-14 20:24:28,796 - INFO - ✅ Generado: PLANTILLA_000000030130_Sir_Thomas_1.csv (3 filas, 0 variables, col_G=3)
2026-08-14 20:24:28,798 - INFO - ✅ Generado: PLANTILLA_000000027993_Staffs__Witch_Green_1.csv (3 filas, 0 variables, col_G=3)
2026-08-14 20:24:28,801 - INFO - ✅ Generado: PLANTILLA_000000027797_Waxed_skull_1.csv (3 filas, 0 variables, col_G=3)
2026-08-14 20:24:28,805 - INFO - ✅ Generado: PLANTILLA_000200350005__Cthulu_Mug_1.csv (3 filas, 0 variables, col_G=3)
2026-08-14 20:24:28,808 - INFO - ✅ Generado: PLANTILLA_000200350007__Alien_Mug_1.csv (3 filas, 0 variables, col_G=3)
2026-08-14 20:24:28,810 - INFO - ✅ Generado: PLANTILLA_000200350003__Franky_Mug_1.csv (3 filas, 0 variables, col_G=3)
2026-08-14 20:24:28,811 - INFO - ✅ Generado: PLANTILLA_0000000335101_Skull_Wall_Panels_1.csv (3 filas, 0 variables, col_G=3)
2026-08-14 20:24:28,815 - INFO - ✅ Generado: PLANTILLA_000000027902_Pale_skin_bag_1.csv (3 filas, 0 variables, col_G=3)
2026-08-14 20:24:28,817 - INFO - ✅ Generado: PLANTILLA_000000027936_Finger_Keychain_1.csv (3 filas, 0 variables, col_G=3)
2026-08-14 20:24:28,822 - INFO - ✅ Generado: PLANTILLA_000000027937_Tongue_Keychain_1.csv (3 filas, 0 variables, col_G=3)
2026-08-14 20:24:28,824 - INFO - ✅ Generado: PLANTILLA_000000027938_Eye_Keychain_1.csv (3 filas, 0 variables, col_G=3)
2026-08-14 20:24:28,827 - INFO - ✅ Generado: PLANTILLA_000000027935_Nose_Keychain_1.csv (3 filas, 0 variables, col_G=3)
2026-08-14 20:24:28,830 - INFO - ✅ Generado: PLANTILLA_000000027939_Ear_Keychain_1.csv (3 filas, 0 variables, col_G=3)
2026-08-14 20:24:28,832 - INFO - ✅ Generado: PLANTILLA_000000029011_Yeti_Mega_Costume_1.csv (3 filas, 0 variables, col_G=3)
2026-08-14 20:24:28,833 - INFO - 
📊 Resumen final:
2026-08-14 20:24:28,833 - INFO -    ✅ Plantillas generadas: 187
2026-08-14 20:24:28,833 - INFO -    ⏭️ Omitidas (sin precio): 0
2026-08-14 20:24:28,833 - INFO -    ❌ Errores (inconsistencia de filas): 0
2026-08-14 20:24:28,834 - INFO -    📁 Carpeta: 'C:\Users\Dany\Desktop\Proyecto\output'
2026-08-14 20:24:28,834 - WARNING - ⚠️ Modelo duplicado detectado: 000000030149 Fiery clown - se elimina la segunda ocurrencia.
2026-08-14 20:24:28,835 - WARNING - ⚠️ Modelo duplicado detectado: 000000030138 Burger´s Clown - se elimina la segunda ocurrencia.
2026-08-14 20:24:28,835 - WARNING - ⚠️ Modelo duplicado detectado: 000000027976 Chocolate Gigi - se elimina la segunda ocurrencia.
2026-08-14 20:24:28,836 - WARNING - ⚠️ Modelo duplicado detectado: 000000027977 Fangsy - se elimina la segunda ocurrencia.
2026-08-14 20:24:28,836 - INFO - 🧹 Desduplicación: 187 → 183 modelos únicos.
2026-08-14 20:24:28,837 - INFO - 📦 183 modelos listos para el bot.
2026-08-14 20:24:28,838 - INFO - 🔐 [SIMULACIÓN] Login manual simulado. Presiona Enter para continuar...
2026-08-14 20:24:38,510 - INFO - 🧭 [SIMULACIÓN] Navegación simulada.
2026-08-14 20:25:15,400 - INFO - 📤 Procesando modelo 000000030100 Toothy Clown
2026-08-14 20:25:15,401 - INFO -    [SIMULACIÓN] Modelo 000000030100 Toothy Clown procesado (sin navegador).
2026-08-14 20:25:15,751 - INFO - ⏭️ 1 modelos ya procesados o en fallos. Saltando.
2026-08-14 20:39:36,712 - INFO - Cargando proveedores desde BOM...
2026-08-14 20:39:38,095 - INFO - ✅ 3588 proveedores cargados.
2026-08-14 20:39:38,096 - INFO - Cargando insumos por modelo desde BOM (solo categorías al INICIO)...
2026-08-14 20:39:42,285 - INFO - ✅ 1614 modelos con insumos cargados.
2026-08-14 20:39:42,286 - INFO - Procesando archivo maestro (hoja '2026')...
2026-08-14 20:39:42,412 - INFO - ✅ Generado: PLANTILLA_000000024505_Assault_mask_2.csv (3 filas, 0 variables, col_G=3)
2026-08-14 20:39:42,416 - INFO - ✅ Generado: PLANTILLA_000000021292_Hockey_Killer_2.csv (5 filas, 2 variables, col_G=5)
2026-08-14 20:39:42,419 - INFO - ✅ Generado: PLANTILLA_000000022131_Apocalyptic_Mask_2.csv (3 filas, 0 variables, col_G=3)
2026-08-14 20:39:42,422 - INFO - ✅ Generado: PLANTILLA_000000021179_Brown_wolf_2.csv (3 filas, 0 variables, col_G=3)
2026-08-14 20:39:42,428 - INFO - ✅ Generado: PLANTILLA_000000021229_Brown_Dr._Peste_2.csv (5 filas, 2 variables, col_G=5)
2026-08-14 20:39:42,431 - INFO - ✅ Generado: PLANTILLA_000000021225_Crania_face_2.csv (5 filas, 2 variables, col_G=5)
2026-08-14 20:39:42,434 - INFO - ✅ Generado: PLANTILLA_000000021107_Jacko_2.csv (3 filas, 0 variables, col_G=3)
2026-08-14 20:39:42,436 - INFO - ✅ Generado: PLANTILLA_000000050122_Akasha_2.csv (4 filas, 1 variables, col_G=4)
2026-08-14 20:39:42,439 - INFO - ✅ Generado: PLANTILLA_000000050116_Alucard_2.csv (3 filas, 0 variables, col_G=3)
2026-08-14 20:39:42,442 - INFO - ✅ Generado: PLANTILLA_000000050118_Mr._Bones_Tan_2.csv (3 filas, 0 variables, col_G=3)
2026-08-14 20:39:42,446 - INFO - ✅ Generado: PLANTILLA_000000050117_Mr._Bones_2.csv (3 filas, 0 variables, col_G=3)
2026-08-14 20:39:42,448 - INFO - ✅ Generado: PLANTILLA_000000050120_Daffy_2.csv (4 filas, 1 variables, col_G=4)
2026-08-14 20:39:42,450 - INFO - ✅ Generado: PLANTILLA_000000050119_Soggy_2.csv (5 filas, 2 variables, col_G=5)
2026-08-14 20:39:42,452 - INFO - ✅ Generado: PLANTILLA_000000050121_Baba_Yaga_2.csv (3 filas, 0 variables, col_G=3)
2026-08-14 20:39:42,454 - INFO - ✅ Generado: PLANTILLA_000000350063__Rolan__Street_clown_2.csv (5 filas, 2 variables, col_G=5)
2026-08-14 20:39:42,457 - INFO - ✅ Generado: PLANTILLA_000000350064_Psychopathic_Clown_2.csv (7 filas, 4 variables, col_G=7)
2026-08-14 20:39:42,462 - INFO - ✅ Generado: PLANTILLA_000000350065_Rusty_the_Clown_2.csv (8 filas, 5 variables, col_G=8)
2026-08-14 20:39:42,464 - INFO - ✅ Generado: PLANTILLA_000000350061_Narmoga_2.csv (6 filas, 3 variables, col_G=6)
2026-08-14 20:39:42,466 - INFO - ✅ Generado: PLANTILLA_000000350062_Agnha_2.csv (7 filas, 4 variables, col_G=7)
2026-08-14 20:39:42,467 - INFO - ✅ Generado: PLANTILLA_000000350060_Nightstalker_2.csv (4 filas, 1 variables, col_G=4)
2026-08-14 20:39:42,469 - INFO - ✅ Generado: PLANTILLA_000000350059_Death_Walker_2.csv (4 filas, 1 variables, col_G=4)
2026-08-14 20:39:42,471 - INFO - ✅ Generado: PLANTILLA_000000030110_Night_Terror_2.csv (3 filas, 0 variables, col_G=3)
2026-08-14 20:39:42,475 - INFO - ✅ Generado: PLANTILLA_000000030111_Transplanted_2.csv (4 filas, 1 variables, col_G=4)
2026-08-14 20:39:42,478 - INFO - ✅ Generado: PLANTILLA_000000030109_Splitting_Headache_2.csv (3 filas, 0 variables, col_G=3)
2026-08-14 20:39:42,480 - INFO - ✅ Generado: PLANTILLA_000000030181_Camazotz_2.csv (3 filas, 0 variables, col_G=3)
2026-08-14 20:39:42,482 - INFO - ✅ Generado: PLANTILLA_000000030182_Silent_Death_2.csv (4 filas, 1 variables, col_G=4)
2026-08-14 20:39:42,484 - INFO - ✅ Generado: PLANTILLA_000000030180_Demon_Vampire_2.csv (3 filas, 0 variables, col_G=3)
2026-08-14 20:39:42,486 - INFO - ✅ Generado: PLANTILLA_000000030173_Pagliacci_2.csv (3 filas, 0 variables, col_G=3)
2026-08-14 20:39:42,488 - INFO - ✅ Generado: PLANTILLA_000000030116_Dusty_clown_2.csv (3 filas, 0 variables, col_G=3)
2026-08-14 20:39:42,495 - INFO - ✅ Generado: PLANTILLA_000000030166_Hellbell_clown_2.csv (6 filas, 3 variables, col_G=6)
2026-08-14 20:39:42,498 - INFO - ✅ Generado: PLANTILLA_000000030149_Fiery_clown_4.csv (3 filas, 0 variables, col_G=3)
2026-08-14 20:39:42,500 - INFO - ✅ Generado: PLANTILLA_000000030142_Sadistic_clown_2.csv (5 filas, 2 variables, col_G=5)
2026-08-14 20:39:42,502 - INFO - ✅ Generado: PLANTILLA_000000030100_Toothy_Clown_2.csv (6 filas, 3 variables, col_G=6)
2026-08-14 20:39:42,505 - INFO - ✅ Generado: PLANTILLA_000000030102_Creppy_Clown_smile_2.csv (5 filas, 2 variables, col_G=5)
2026-08-14 20:39:42,510 - INFO - ✅ Generado: PLANTILLA_000000030115_Fiendish_clown_2.csv (3 filas, 0 variables, col_G=3)
2026-08-14 20:39:42,514 - INFO - ✅ Generado: PLANTILLA_000000030117_Jezebel_2.csv (5 filas, 2 variables, col_G=5)
2026-08-14 20:39:42,516 - INFO - ✅ Generado: PLANTILLA_000000030118_Porky_the_clown_2.csv (8 filas, 5 variables, col_G=8)
2026-08-14 20:39:42,518 - INFO - ✅ Generado: PLANTILLA_000000030138_Burger´s_Clown_4.csv (4 filas, 1 variables, col_G=4)
2026-08-14 20:39:42,520 - INFO - ✅ Generado: PLANTILLA_000000030143_Zippy_2.csv (4 filas, 1 variables, col_G=4)
2026-08-14 20:39:42,522 - INFO - ✅ Generado: PLANTILLA_000000030122_Amuck_2.csv (4 filas, 1 variables, col_G=4)
2026-08-14 20:39:42,528 - INFO - ✅ Generado: PLANTILLA_000000030159_Upside_Grin_Clown_2.csv (3 filas, 0 variables, col_G=3)
2026-08-14 20:39:42,531 - INFO - ✅ Generado: PLANTILLA_000000030137_Thug_Clown_2.csv (4 filas, 1 variables, col_G=4)
2026-08-14 20:39:42,533 - INFO - ✅ Generado: PLANTILLA_000000030120_Crispy_2.csv (6 filas, 3 variables, col_G=6)
2026-08-14 20:39:42,537 - INFO - ✅ Generado: PLANTILLA_000000030134_Mad_Clown_Biker_2.csv (3 filas, 0 variables, col_G=3)
2026-08-14 20:39:42,539 - INFO - ✅ Generado: PLANTILLA_000000030167_Spawlown_2.csv (3 filas, 0 variables, col_G=3)
2026-08-14 20:39:42,545 - INFO - ✅ Generado: PLANTILLA_000000030121_Bumpy_2.csv (4 filas, 1 variables, col_G=4)
2026-08-14 20:39:42,548 - INFO - ✅ Generado: PLANTILLA_000000030153_Igor_2.csv (4 filas, 1 variables, col_G=4)
2026-08-14 20:39:42,551 - INFO - ✅ Generado: PLANTILLA_000000030145_Creepy_T.W._2.csv (4 filas, 1 variables, col_G=4)
2026-08-14 20:39:42,555 - INFO - ✅ Generado: PLANTILLA_000000030148_Creepy_P._2.csv (4 filas, 1 variables, col_G=4)
2026-08-14 20:39:42,564 - INFO - ✅ Generado: PLANTILLA_000000030146_Creepy_D._2.csv (4 filas, 1 variables, col_G=4)
2026-08-14 20:39:42,567 - INFO - ✅ Generado: PLANTILLA_000000030147_Creepy_L.L._2.csv (4 filas, 1 variables, col_G=4)
2026-08-14 20:39:42,570 - INFO - ✅ Generado: PLANTILLA_000000149113_Marinero_Creepy_2.csv (3 filas, 0 variables, col_G=3)
2026-08-14 20:39:42,573 - INFO - ✅ Generado: PLANTILLA_000000030131_Creepyboobu_2.csv (4 filas, 1 variables, col_G=4)
2026-08-14 20:39:42,578 - INFO - ✅ Generado: PLANTILLA_000000030151_Mothman_2.csv (5 filas, 2 variables, col_G=5)
2026-08-14 20:39:42,621 - INFO - ✅ Generado: PLANTILLA_000000030114_Creepy_Peter_2.csv (3 filas, 0 variables, col_G=3)
2026-08-14 20:39:42,629 - INFO - ✅ Generado: PLANTILLA_000000030174_Crazy_Auguste_2.csv (4 filas, 1 variables, col_G=4)
2026-08-14 20:39:42,633 - INFO - ✅ Generado: PLANTILLA_000000030176_Brickie_zombie_2.csv (3 filas, 0 variables, col_G=3)
2026-08-14 20:39:42,637 - INFO - ✅ Generado: PLANTILLA_000000030175_Killer_Identity_2.csv (3 filas, 0 variables, col_G=3)
2026-08-14 20:39:42,642 - INFO - ✅ Generado: PLANTILLA_000000030171_J_the_Slayer_2.csv (5 filas, 2 variables, col_G=5)
2026-08-14 20:39:42,648 - INFO - ✅ Generado: PLANTILLA_000000071542_Fleshless_mouth_2.csv (5 filas, 2 variables, col_G=5)
2026-08-14 20:39:42,651 - INFO - ✅ Generado: PLANTILLA_000000030177_Zombie_pilot_2.csv (4 filas, 1 variables, col_G=4)
2026-08-14 20:39:42,655 - INFO - ✅ Generado: PLANTILLA_000000030133_Chopper_Rider_2.csv (3 filas, 0 variables, col_G=3)
2026-08-14 20:39:42,662 - INFO - ✅ Generado: PLANTILLA_000000030178_The_lord_2.csv (3 filas, 0 variables, col_G=3)
2026-08-14 20:39:42,667 - INFO - ✅ Generado: PLANTILLA_000000030162_Big_Horns_Skull_2.csv (5 filas, 2 variables, col_G=5)
2026-08-14 20:39:42,670 - INFO - ✅ Generado: PLANTILLA_000000030161_Big_Horns_Skull_Neon_2.csv (6 filas, 3 variables, col_G=6)
2026-08-14 20:39:42,674 - INFO - ✅ Generado: PLANTILLA_000000030132_Patrol_Skull_2.csv (3 filas, 0 variables, col_G=3)
2026-08-14 20:39:42,680 - INFO - ✅ Generado: PLANTILLA_000000030160_Big_Horns_Devil_2.csv (5 filas, 2 variables, col_G=5)
2026-08-14 20:39:42,683 - INFO - ✅ Generado: PLANTILLA_000000030164_Malebranche_2.csv (4 filas, 1 variables, col_G=4)
2026-08-14 20:39:42,686 - INFO - ✅ Generado: PLANTILLA_000000030123_Possessed_nun_2.csv (7 filas, 4 variables, col_G=7)
2026-08-14 20:39:42,688 - INFO - ✅ Generado: PLANTILLA_000000030163_Big_Horns_alien_2.csv (5 filas, 2 variables, col_G=5)
2026-08-14 20:39:42,694 - INFO - ✅ Generado: PLANTILLA_000000072201_Alien_Creepy_2.csv (3 filas, 0 variables, col_G=3)
2026-08-14 20:39:42,698 - INFO - ✅ Generado: PLANTILLA_000000030152_Morak_2.csv (3 filas, 0 variables, col_G=3)
2026-08-14 20:39:42,700 - INFO - ✅ Generado: PLANTILLA_000000030158_Blind_Warden_2.csv (3 filas, 0 variables, col_G=3)
2026-08-14 20:39:42,702 - INFO - ✅ Generado: PLANTILLA_000000030179_Frankorned_2.csv (3 filas, 0 variables, col_G=3)
2026-08-14 20:39:42,705 - INFO - ✅ Generado: PLANTILLA_000000030168_Gorth_2.csv (5 filas, 2 variables, col_G=5)
2026-08-14 20:39:42,712 - INFO - ✅ Generado: PLANTILLA_000000030112_Old_Troll_2.csv (3 filas, 0 variables, col_G=3)
2026-08-14 20:39:42,716 - INFO - ✅ Generado: PLANTILLA_000000030113_Funny_Troll_2.csv (3 filas, 0 variables, col_G=3)
2026-08-14 20:39:42,719 - INFO - ✅ Generado: PLANTILLA_000000030144_Creepy_Voodoo_Master_2.csv (4 filas, 1 variables, col_G=4)
2026-08-14 20:39:42,725 - INFO - ✅ Generado: PLANTILLA_000000030150_Anciente_Priest_2.csv (3 filas, 0 variables, col_G=3)
2026-08-14 20:39:42,731 - INFO - ✅ Generado: PLANTILLA_000000030172_Voodoo_victim_2.csv (3 filas, 0 variables, col_G=3)
2026-08-14 20:39:42,736 - INFO - ✅ Generado: PLANTILLA_000000030165_Horned_Sorceress_2.csv (4 filas, 1 variables, col_G=4)
2026-08-14 20:39:42,741 - INFO - ✅ Generado: PLANTILLA_000000071535_Agatha_2.csv (6 filas, 3 variables, col_G=6)
2026-08-14 20:39:42,748 - INFO - ✅ Generado: PLANTILLA_000000027990_Staffs__Witch_2.csv (5 filas, 2 variables, col_G=5)
2026-08-14 20:39:42,750 - INFO - ✅ Generado: PLANTILLA_000000071544_Scar_wolf_2.csv (3 filas, 0 variables, col_G=3)
2026-08-14 20:39:42,753 - INFO - ✅ Generado: PLANTILLA_000000030139_Sack_Creature_2.csv (5 filas, 2 variables, col_G=5)
2026-08-14 20:39:42,755 - INFO - ✅ Generado: PLANTILLA_000000030124_Mangy_rat_2.csv (5 filas, 2 variables, col_G=5)
2026-08-14 20:39:42,762 - INFO - ✅ Generado: PLANTILLA_000000030125_Rabid_boar_2.csv (4 filas, 1 variables, col_G=4)
2026-08-14 20:39:42,766 - INFO - ✅ Generado: PLANTILLA_000000030127_Zombie_Cat_2.csv (5 filas, 2 variables, col_G=5)
2026-08-14 20:39:42,768 - INFO - ✅ Generado: PLANTILLA_000000030129_Zombie_Capybara_2.csv (3 filas, 0 variables, col_G=3)
2026-08-14 20:39:42,770 - INFO - ✅ Generado: PLANTILLA_000000030119_Rotten_Panda_2.csv (5 filas, 2 variables, col_G=5)
2026-08-14 20:39:42,773 - INFO - ✅ Generado: PLANTILLA_000000030169_Apenstein_2.csv (5 filas, 2 variables, col_G=5)
2026-08-14 20:39:42,778 - INFO - ✅ Generado: PLANTILLA_000000030170_Groaner_2.csv (3 filas, 0 variables, col_G=3)
2026-08-14 20:39:42,780 - INFO - ✅ Generado: PLANTILLA_000000030154_Evil_Nutcracker_2.csv (4 filas, 1 variables, col_G=4)
2026-08-14 20:39:42,783 - INFO - ✅ Generado: PLANTILLA_000000030155_Creepy_Happy_2.csv (6 filas, 3 variables, col_G=6)
2026-08-14 20:39:42,785 - INFO - ✅ Generado: PLANTILLA_000000030156_Creepy_Sad_2.csv (6 filas, 3 variables, col_G=6)
2026-08-14 20:39:42,788 - INFO - ✅ Generado: PLANTILLA_000000027985_Little_Abyss_2.csv (7 filas, 4 variables, col_G=7)
2026-08-14 20:39:42,792 - INFO - ✅ Generado: PLANTILLA_000000027984_Little_Ember_2.csv (7 filas, 4 variables, col_G=7)
2026-08-14 20:39:42,796 - INFO - ✅ Generado: PLANTILLA_000000027983_Little_Goo_2.csv (7 filas, 4 variables, col_G=7)
2026-08-14 20:39:42,798 - INFO - ✅ Generado: PLANTILLA_000000027982_Little_Greyson_2.csv (6 filas, 3 variables, col_G=6)
2026-08-14 20:39:42,801 - INFO - ✅ Generado: PLANTILLA_000000027981_Little_Fang_2.csv (7 filas, 4 variables, col_G=7)
2026-08-14 20:39:42,804 - INFO - ✅ Generado: PLANTILLA_000000027986_Little_Rotty_2.csv (6 filas, 3 variables, col_G=6)
2026-08-14 20:39:42,809 - INFO - ✅ Generado: PLANTILLA_000000027978_James_busted_2.csv (5 filas, 2 variables, col_G=5)
2026-08-14 20:39:42,814 - INFO - ✅ Generado: PLANTILLA_000000027979_Helen_Busted_2.csv (5 filas, 2 variables, col_G=5)
2026-08-14 20:39:42,817 - INFO - ✅ Generado: PLANTILLA_000000027980_William_Busted_2.csv (5 filas, 2 variables, col_G=5)
2026-08-14 20:39:42,820 - INFO - ✅ Generado: PLANTILLA_000000331008_Bloody_Curtains_2.csv (3 filas, 0 variables, col_G=3)
2026-08-14 20:39:42,829 - INFO - ✅ Generado: PLANTILLA_000000027994_Effigy_2.csv (3 filas, 0 variables, col_G=3)
2026-08-14 20:39:42,834 - INFO - ✅ Generado: PLANTILLA_000000027995_Pharaoh_2.csv (3 filas, 0 variables, col_G=3)
2026-08-14 20:39:42,837 - INFO - ✅ Generado: PLANTILLA_000000027991_Carnivorous_plant_garden_decor_2.csv (6 filas, 3 variables, col_G=6)
2026-08-14 20:39:42,845 - INFO - ✅ Generado: PLANTILLA_000000027992_Gnome_garden_decor_2.csv (3 filas, 0 variables, col_G=3)
2026-08-14 20:39:42,850 - INFO - ✅ Generado: PLANTILLA_000000028212_Earth_Dragon_Puppet_2.csv (3 filas, 0 variables, col_G=3)
2026-08-14 20:39:42,852 - INFO - ✅ Generado: PLANTILLA_000000028213_Fire_Dragon_Puppet_2.csv (3 filas, 0 variables, col_G=3)
2026-08-14 20:39:42,855 - INFO - ✅ Generado: PLANTILLA_000000028211_Demon_Puppet_2.csv (3 filas, 0 variables, col_G=3)
2026-08-14 20:39:42,860 - INFO - ✅ Generado: PLANTILLA_000000028214_Goat_Puppet_2.csv (3 filas, 0 variables, col_G=3)
2026-08-14 20:39:42,863 - INFO - ✅ Generado: PLANTILLA_000000028210_Gargoyle_Puppet_2.csv (3 filas, 0 variables, col_G=3)
2026-08-14 20:39:42,865 - INFO - ✅ Generado: PLANTILLA_000000028215_Wacky_Clown_Puppet_2.csv (3 filas, 0 variables, col_G=3)
2026-08-14 20:39:42,868 - INFO - ✅ Generado: PLANTILLA_000000028122_Hobby_Zombie_Unicorn_Stick_2.csv (7 filas, 4 variables, col_G=7)
2026-08-14 20:39:42,870 - INFO - ✅ Generado: PLANTILLA_000000028123_Hobby_Zombie_Horse_Stick_2.csv (7 filas, 4 variables, col_G=7)
2026-08-14 20:39:42,874 - INFO - ✅ Generado: PLANTILLA_000000027976_Chocolate_Gigi_4.csv (5 filas, 2 variables, col_G=5)
2026-08-14 20:39:42,879 - INFO - ✅ Generado: PLANTILLA_000000027970_Blady_2.csv (5 filas, 2 variables, col_G=5)
2026-08-14 20:39:42,881 - INFO - ✅ Generado: PLANTILLA_000000027966_Possessed_Elf_2.csv (5 filas, 2 variables, col_G=5)
2026-08-14 20:39:42,883 - INFO - ✅ Generado: PLANTILLA_000000027967_Mini_Troll_2.csv (6 filas, 3 variables, col_G=6)
2026-08-14 20:39:42,886 - INFO - ✅ Generado: PLANTILLA_000000027974_Centipede_2.csv (5 filas, 2 variables, col_G=5)
2026-08-14 20:39:42,888 - INFO - ✅ Generado: PLANTILLA_000000027977_Fangsy_4.csv (5 filas, 2 variables, col_G=5)
2026-08-14 20:39:42,893 - INFO - ✅ Generado: PLANTILLA_000000027971_Punky_2.csv (5 filas, 2 variables, col_G=5)
2026-08-14 20:39:42,897 - INFO - ✅ Generado: PLANTILLA_000000027972_Lil´Horns_2.csv (5 filas, 2 variables, col_G=5)
2026-08-14 20:39:42,939 - INFO - ✅ Generado: PLANTILLA_000000027973_BoohBlue_2.csv (5 filas, 2 variables, col_G=5)
2026-08-14 20:39:42,948 - INFO - ✅ Generado: PLANTILLA_000000668651_Midsummer_Horror_Clown_2.csv (5 filas, 2 variables, col_G=5)
2026-08-14 20:39:42,953 - INFO - ✅ Generado: PLANTILLA_000000028120_Liging_Severed_Hand_2.csv (6 filas, 3 variables, col_G=6)
2026-08-14 20:39:42,957 - INFO - ✅ Generado: PLANTILLA_000000028121_Living_Severed_Hand_2_2.csv (6 filas, 3 variables, col_G=6)
2026-08-14 20:39:42,963 - INFO - ✅ Generado: PLANTILLA_000000084812_Serial_Killer_Apron_2.csv (7 filas, 4 variables, col_G=7)
2026-08-14 20:39:42,966 - INFO - ✅ Generado: PLANTILLA_000000084811_Forrest_Killer_Apron_2.csv (6 filas, 3 variables, col_G=6)
2026-08-14 20:39:42,971 - INFO - ✅ Generado: PLANTILLA_000000084810_Butcher_Killer_Apron_2.csv (7 filas, 4 variables, col_G=7)
2026-08-14 20:39:42,978 - INFO - ✅ Generado: PLANTILLA_000000084285_Lord_jester_2.csv (13 filas, 10 variables, col_G=13)
2026-08-14 20:39:42,982 - INFO - ✅ Generado: PLANTILLA_000000084286_Lord_jester_2.csv (14 filas, 11 variables, col_G=14)
2026-08-14 20:39:42,985 - INFO - ✅ Generado: PLANTILLA_000000084287_Lord_jester_2.csv (14 filas, 11 variables, col_G=14)
2026-08-14 20:39:42,988 - INFO - ✅ Generado: PLANTILLA_000000084280_Lady_Harlequin_2.csv (14 filas, 11 variables, col_G=14)
2026-08-14 20:39:42,995 - INFO - ✅ Generado: PLANTILLA_000000084281_Lady_Harlequin_2.csv (14 filas, 11 variables, col_G=14)
2026-08-14 20:39:42,998 - INFO - ✅ Generado: PLANTILLA_000000084282_Lady_Harlequin_2.csv (14 filas, 11 variables, col_G=14)
2026-08-14 20:39:43,001 - INFO - ✅ Generado: PLANTILLA_000000084295_Miss_Circus_Ringmaster_2.csv (13 filas, 10 variables, col_G=13)
2026-08-14 20:39:43,004 - INFO - ✅ Generado: PLANTILLA_000000084296_Miss_Circus_Ringmaster_2.csv (13 filas, 10 variables, col_G=13)
2026-08-14 20:39:43,010 - INFO - ✅ Generado: PLANTILLA_000000084297_Miss_Circus_Ringmaster_2.csv (13 filas, 10 variables, col_G=13)
2026-08-14 20:39:43,013 - INFO - ✅ Generado: PLANTILLA_000000084840_Spooky_Pumpkin_Scarecrow_2.csv (8 filas, 5 variables, col_G=8)
2026-08-14 20:39:43,015 - INFO - ✅ Generado: PLANTILLA_000000084841_Spooky_Pumpkin_Scarecrow_2.csv (8 filas, 5 variables, col_G=8)
2026-08-14 20:39:43,019 - INFO - ✅ Generado: PLANTILLA_000000084842_Spooky_Pumpkin_Scarecrow_2.csv (8 filas, 5 variables, col_G=8)
2026-08-14 20:39:43,021 - INFO - ✅ Generado: PLANTILLA_000000084835_Mont´s_Glowing_Clown_2.csv (13 filas, 10 variables, col_G=13)
2026-08-14 20:39:43,026 - INFO - ✅ Generado: PLANTILLA_000000084836_Mont´s_Glowing_Clown_2.csv (13 filas, 10 variables, col_G=13)
2026-08-14 20:39:43,029 - INFO - ✅ Generado: PLANTILLA_000000084837_Mont´s_Glowing_Clown_2.csv (13 filas, 10 variables, col_G=13)
2026-08-14 20:39:43,031 - INFO - ✅ Generado: PLANTILLA_000000084826_Kramper_Cape_2.csv (13 filas, 10 variables, col_G=13)
2026-08-14 20:39:43,033 - INFO - ✅ Generado: PLANTILLA_000000084822_Christmas_Grumpy_Monster_2.csv (15 filas, 12 variables, col_G=15)
2026-08-14 20:39:43,036 - INFO - ✅ Generado: PLANTILLA_000000084855_Grumpy_Monster_2.csv (11 filas, 8 variables, col_G=11)
2026-08-14 20:39:43,038 - INFO - ✅ Generado: PLANTILLA_000000084825_Sasquatch_Costume_2.csv (11 filas, 8 variables, col_G=11)
2026-08-14 20:39:43,044 - INFO - ✅ Generado: PLANTILLA_000000027898_Rotten_Sandwich_2.csv (3 filas, 0 variables, col_G=3)
2026-08-14 20:39:43,048 - INFO - ✅ Generado: PLANTILLA_000000027895_Disgusting_Hot_Dog_2.csv (3 filas, 0 variables, col_G=3)
2026-08-14 20:39:43,051 - INFO - ✅ Generado: PLANTILLA_000000027916_Nasty_Chinese_Food_2.csv (3 filas, 0 variables, col_G=3)
2026-08-14 20:39:43,054 - INFO - ✅ Generado: PLANTILLA_000000030149_Fiery_clown_5.csv (3 filas, 0 variables, col_G=3)
2026-08-14 20:39:43,059 - INFO - ✅ Generado: PLANTILLA_000000030138_Burger´s_Clown_5.csv (4 filas, 1 variables, col_G=4)
2026-08-14 20:39:43,062 - INFO - ✅ Generado: PLANTILLA_000000149113__Marinero_Creepy_2.csv (3 filas, 0 variables, col_G=3)
2026-08-14 20:39:43,065 - INFO - ✅ Generado: PLANTILLA_000000027976_Chocolate_Gigi_5.csv (5 filas, 2 variables, col_G=5)
2026-08-14 20:39:43,067 - INFO - ✅ Generado: PLANTILLA_000000027977_Fangsy_5.csv (5 filas, 2 variables, col_G=5)
2026-08-14 20:39:43,069 - INFO - ✅ Generado: PLANTILLA_000000030101_Jester_Clown_2.csv (6 filas, 3 variables, col_G=6)
2026-08-14 20:39:43,072 - INFO - ✅ Generado: PLANTILLA_000000030103_Clown_Smiles_2.csv (6 filas, 3 variables, col_G=6)
2026-08-14 20:39:43,078 - INFO - ✅ Generado: PLANTILLA_000000030141_Eyeball_Mask_2.csv (4 filas, 1 variables, col_G=4)
2026-08-14 20:39:43,080 - INFO - ✅ Generado: PLANTILLA_000000030135_Bram_2.csv (3 filas, 0 variables, col_G=3)
2026-08-14 20:39:43,082 - INFO - ✅ Generado: PLANTILLA_000000030136_Lilith_2.csv (5 filas, 2 variables, col_G=5)
2026-08-14 20:39:43,085 - INFO - ✅ Generado: PLANTILLA_000000030157_Ghoulish_Man_2.csv (4 filas, 1 variables, col_G=4)
2026-08-14 20:39:43,087 - INFO - ✅ Generado: PLANTILLA_000000030023_Possessed_samurai_2.csv (4 filas, 1 variables, col_G=4)
2026-08-14 20:39:43,090 - INFO - ✅ Generado: PLANTILLA_000000072202_Alien_Monster_2.csv (3 filas, 0 variables, col_G=3)
2026-08-14 20:39:43,095 - INFO - ✅ Generado: PLANTILLA_000000030009_Cosmic_king_2.csv (3 filas, 0 variables, col_G=3)
2026-08-14 20:39:43,097 - INFO - ✅ Generado: PLANTILLA_000000030128_Zombie_Pug_2.csv (3 filas, 0 variables, col_G=3)
2026-08-14 20:39:43,099 - INFO - ✅ Generado: PLANTILLA_000000027975_Sugar_Kiky_2.csv (5 filas, 2 variables, col_G=5)
2026-08-14 20:39:43,102 - INFO - ✅ Generado: PLANTILLA_000000027968_Nightshade_2.csv (5 filas, 2 variables, col_G=5)
2026-08-14 20:39:43,104 - INFO - ✅ Generado: PLANTILLA_000000027969_Snowbelle_2.csv (5 filas, 2 variables, col_G=5)
2026-08-14 20:39:43,108 - INFO - ✅ Generado: PLANTILLA_000000025838_Alien_Flesh_2.csv (4 filas, 1 variables, col_G=4)
2026-08-14 20:39:43,113 - INFO - ✅ Generado: PLANTILLA_000000030130_Sir_Thomas_2.csv (3 filas, 0 variables, col_G=3)
2026-08-14 20:39:43,115 - INFO - ✅ Generado: PLANTILLA_000000027993_Staffs__Witch_Green_2.csv (5 filas, 2 variables, col_G=5)
2026-08-14 20:39:43,117 - INFO - ✅ Generado: PLANTILLA_000000027797_Waxed_skull_2.csv (3 filas, 0 variables, col_G=3)
2026-08-14 20:39:43,119 - INFO - ✅ Generado: PLANTILLA_000200350005__Cthulu_Mug_2.csv (3 filas, 0 variables, col_G=3)
2026-08-14 20:39:43,121 - INFO - ✅ Generado: PLANTILLA_000200350007__Alien_Mug_2.csv (3 filas, 0 variables, col_G=3)
2026-08-14 20:39:43,128 - INFO - ✅ Generado: PLANTILLA_000200350003__Franky_Mug_2.csv (3 filas, 0 variables, col_G=3)
2026-08-14 20:39:43,131 - INFO - ✅ Generado: PLANTILLA_0000000335101_Skull_Wall_Panels_2.csv (3 filas, 0 variables, col_G=3)
2026-08-14 20:39:43,133 - INFO - ✅ Generado: PLANTILLA_000000027902_Pale_skin_bag_2.csv (4 filas, 1 variables, col_G=4)
2026-08-14 20:39:43,136 - INFO - ✅ Generado: PLANTILLA_000000027936_Finger_Keychain_2.csv (5 filas, 2 variables, col_G=5)
2026-08-14 20:39:43,138 - INFO - ✅ Generado: PLANTILLA_000000027937_Tongue_Keychain_2.csv (5 filas, 2 variables, col_G=5)
2026-08-14 20:39:43,146 - INFO - ✅ Generado: PLANTILLA_000000027938_Eye_Keychain_2.csv (5 filas, 2 variables, col_G=5)
2026-08-14 20:39:43,150 - INFO - ✅ Generado: PLANTILLA_000000027935_Nose_Keychain_2.csv (5 filas, 2 variables, col_G=5)
2026-08-14 20:39:43,154 - INFO - ✅ Generado: PLANTILLA_000000027939_Ear_Keychain_2.csv (5 filas, 2 variables, col_G=5)
2026-08-14 20:39:43,158 - INFO - ✅ Generado: PLANTILLA_000000029011_Yeti_Mega_Costume_2.csv (10 filas, 7 variables, col_G=10)
2026-08-14 20:39:43,160 - INFO - 
📊 Resumen final:
2026-08-14 20:39:43,160 - INFO -    ✅ Plantillas generadas: 187
2026-08-14 20:39:43,161 - INFO -    ⏭️ Omitidas (sin precio): 0
2026-08-14 20:39:43,161 - INFO -    ❌ Errores (inconsistencia de filas): 0
2026-08-14 20:39:43,162 - INFO -    📁 Carpeta: 'C:\Users\Dany\Desktop\Proyecto\output'
2026-08-14 20:39:43,162 - WARNING - ⚠️ Modelo duplicado detectado: 000000030149 Fiery clown - se elimina la segunda ocurrencia.
2026-08-14 20:39:43,163 - WARNING - ⚠️ Modelo duplicado detectado: 000000030138 Burger´s Clown - se elimina la segunda ocurrencia.
2026-08-14 20:39:43,163 - WARNING - ⚠️ Modelo duplicado detectado: 000000027976 Chocolate Gigi - se elimina la segunda ocurrencia.
2026-08-14 20:39:43,164 - WARNING - ⚠️ Modelo duplicado detectado: 000000027977 Fangsy - se elimina la segunda ocurrencia.
2026-08-14 20:39:43,164 - INFO - 🧹 Desduplicación: 187 → 183 modelos únicos.
2026-08-14 20:39:43,164 - INFO - 📦 183 modelos listos para el bot.
2026-08-14 20:39:43,195 - INFO - 📂 Estado cargado: 1 modelos ya procesados.
2026-08-14 20:39:43,198 - INFO - ⏭️ 1 modelos ya procesados o en fallos. Saltando.
2026-08-14 20:39:43,199 - INFO - 🔐 [SIMULACIÓN] Login manual simulado. Presiona Enter para continuar...
2026-08-14 20:39:53,962 - INFO - 🧭 [SIMULACIÓN] Navegación simulada.
2026-08-14 20:39:53,963 - INFO - ⏭️ 1 modelos ya procesados o en fallos. Saltando.
2026-08-14 20:40:41,391 - INFO - 📤 Procesando modelo 000000029011 Yeti Mega Costume
2026-08-14 20:40:41,392 - INFO -    [SIMULACIÓN] Modelo 000000029011 Yeti Mega Costume procesado (sin navegador).
2026-08-14 20:40:41,746 - INFO - ⏭️ 2 modelos ya procesados o en fallos. Saltando.
2026-08-14 20:43:50,635 - INFO - 📤 Procesando modelo 000000030145 Creepy T.W.
2026-08-14 20:43:50,636 - INFO -    [SIMULACIÓN] Modelo 000000030145 Creepy T.W. procesado (sin navegador).
2026-08-14 20:43:51,004 - INFO - ⏭️ 3 modelos ya procesados o en fallos. Saltando.
